# ra,dec,mag,bv,spectral,hd,hip,dist_pc,name  (dist_pc 0 = unknown)
101.2871,-16.7161,-1.46,0.0,A1Vm,48915,32349,2.64,Sirius
95.9879,-52.6958,-0.72,0.15,F0II,45348,30438,95.88,Canopus
213.9154,19.1825,-0.04,1.23,K1.5IIIFe-0.5,124897,69673,11.25,Arcturus
219.8996,-60.8353,-0.01,0.71,G2V,128620,71683,1.35,Rigil Kentaurus
279.2346,38.7836,0.03,0.0,A0Va,172167,91262,7.76,Vega
79.1725,45.9981,0.08,0.8,G5IIIe+G0III,34029,24608,12.94,Capella
78.6346,-8.2017,0.12,-0.03,B8Ia:,34085,24436,236.97,Rigel
114.8254,5.2250,0.38,0.42,F5IV-V,61421,37279,3.5,Procyon
24.4288,-57.2367,0.46,-0.16,B3Vpe,10144,7588,44.09,Achernar
88.7929,7.4069,0.50,1.85,M1-2Ia-Iab,39801,27989,,Betelgeuse
210.9558,-60.3731,0.61,-0.23,B1III,122451,68702,161.03,Hadar
297.6958,8.8683,0.77,0.22,A7V,187642,97649,5.14,Altair
68.9800,16.5092,0.85,1.54,K5+III,29139,21421,19.96,Aldebaran
247.3517,-26.4319,0.96,1.83,M1.5Iab-Ib+B4Ve,148478,80763,,Antares
201.2983,-11.1614,0.98,-0.23,B1III-IV+B2V,116658,65474,80.39,Spica
116.3287,28.0261,1.14,1.0,K0IIIb,62509,37826,10.34,Pollux
344.4129,-29.6222,1.16,0.09,A3V,216956,113368,7.69,Fomalhaut
191.9300,-59.6886,1.25,-0.23,B0.5III,111123,62434,108.11,Mimosa
310.3579,45.2803,1.25,0.09,A2Ia,197345,102098,,Deneb
186.6496,-63.0992,1.33,-0.24,B0.5IV,108248,60718,98.33,Acrux
219.9004,-60.8356,1.33,0.88,K1V,128621,71681,1.35,Toliman
152.0929,11.9672,1.35,-0.11,B7V,87901,49669,23.76,Regulus
104.6562,-28.9722,1.50,-0.21,B2II,52089,33579,132.1,Adhara
187.7913,-57.1133,1.63,1.59,M3.5III,108903,61084,26.96,Gacrux
263.4021,-37.1039,1.63,-0.22,B2IV+B,158926,85927,215.52,Shaula
81.2829,6.3497,1.64,-0.22,B2III,35468,25336,74.52,Bellatrix
81.5729,28.6075,1.65,-0.13,B7III,35497,25428,40.18,Elnath
138.3000,-69.7172,1.68,0.0,A2IV,80007,45238,34.08,Miaplacidus
84.0533,-1.2019,1.70,-0.19,B0Ia,37128,26311,,Alnilam
186.6521,-63.0994,1.73,-0.26,B1V,108249,,,
332.0583,-46.9611,1.74,-0.13,B7IV,209952,109268,31.09,Alnair
193.5071,55.9597,1.77,-0.02,A0pCr,112185,62956,24.81,Alioth
122.3833,-47.3367,1.78,-0.22,WC8+O9I,68273,39953,257.73,
51.0808,49.8611,1.79,0.48,F5Ib,20902,15863,181.49,Mirfak
165.9321,61.7508,1.79,1.07,K0IIIa,95689,54061,37.91,Dubhe
107.0979,-26.3933,1.84,0.68,F8Ia,54605,34444,,Wezen
276.0429,-34.3847,1.85,-0.03,B9.5III,169022,90185,44.35,Kaus Australis
125.6283,-59.5097,1.86,1.28,K3III+B2:V,71129,41037,193.8,Avior
206.8850,49.3133,1.86,-0.19,B3V,120315,67301,30.87,Alkaid
264.3300,-42.9978,1.87,0.4,F1II,159532,86228,83.4,Sargas
89.8821,44.9475,1.90,0.03,A2IV,40183,28360,25.18,Menkalinan
252.1662,-69.0278,1.92,1.44,K2IIb-IIIa,150798,82273,127.39,Atria
99.4279,16.3992,1.93,0.0,A0IV,47105,31681,32.13,Alhena
306.4121,-56.7350,1.94,-0.2,B2IV,193924,100751,56.18,Peacock
131.1758,-54.7083,1.96,0.04,A1V,74956,42913,24.45,Alsephina
95.6750,-17.9558,1.98,-0.23,B1II-III,44743,30324,153.14,Mirzam
113.6500,31.8883,1.98,0.03,A1V,60179,36850,15.81,Castor
141.8967,-8.6586,1.98,1.44,K3II-III,81797,46390,54.35,Alphard
31.7933,23.4625,2.00,1.15,K2-IIICa-1,12929,9884,20.21,Hamal
239.8758,25.9203,2.00,0.1,sdBe+gM3+Q,143454,78322,,
37.9529,89.2642,2.02,0.6,F7:Ib-II,8890,11767,132.28,Polaris
283.8163,-26.2967,2.02,-0.22,B2.5V,175191,92855,68.78,Nunki
10.8975,-17.9867,2.04,1.02,G9.5IIICH-1,4128,3419,29.38,Diphda
85.1896,-1.9428,2.05,-0.21,O9.7Ib,37742,26727,250.63,Alnitak
2.0971,29.0906,2.06,-0.11,B8IVpMnHg,358,677,29.76,Alpheratz
17.4329,35.6206,2.06,1.58,M0+IIIa,6860,5447,61.12,Mirach
86.9392,-9.6697,2.06,-0.17,B0.5Ia,38771,27366,221.24,Saiph
211.6708,-36.3700,2.06,1.01,K0-IIIb,123139,68933,18.68,Menkent
222.6763,74.1556,2.08,1.47,K4-III,131873,72607,38.77,Kochab
263.7337,12.5600,2.08,0.15,A5III,159561,86032,14.32,Rasalhague
340.6671,-46.8847,2.10,1.6,M5III,214952,112122,52.16,Tiaki
47.0421,40.9556,2.12,-0.05,B8V,19356,14576,28.46,Algol
177.2650,14.5719,2.14,0.09,A3V,102647,57632,11.09,Denebola
190.3792,-48.9597,2.17,-0.01,A1IV,110304,61932,39.98,
305.5571,40.2567,2.20,0.68,F8Ib,194093,100453,,Sadr
136.9992,-43.4325,2.21,1.66,K4.5Ib-II,78647,44816,175.75,Suhail
10.1271,56.5372,2.23,1.17,K0IIIa,3712,3179,70.08,Schedar
83.0017,-0.2992,2.23,-0.22,O9.5II,36486,25930,,Mintaka
233.6721,26.7147,2.23,-0.02,A0V+G5V,139006,76267,22.91,Alphecca
269.1517,51.4889,2.23,1.52,K5III,164058,87833,45.25,Eltanin
120.8963,-40.0033,2.25,-0.26,O5f,66811,39429,,Naos
139.2725,-59.2753,2.25,0.18,A8Ib,80404,45556,212.31,Aspidiske
30.9750,42.3297,2.26,1.37,K3-IIb,12533,9640,108.81,Almach
2.2946,59.1497,2.27,0.34,F2III-IV,432,746,16.7,Caph
200.9812,54.9253,2.27,0.02,A1VpSrSi,116656,65378,23.96,Mizar
252.5408,-34.2933,2.29,1.15,K2.5III,151680,82396,20.06,Larawag
204.9717,-53.4664,2.30,-0.22,B1III,118716,66657,115.21,
220.4825,-47.3883,2.30,-0.2,B1.5III/Vn,129056,71860,168.07,
218.8767,-42.1578,2.31,-0.19,B1.5Vne,127972,71352,94.61,
240.0833,-22.6217,2.32,-0.12,B0.3IV,143275,78401,123.15,Dschubba
165.4604,56.3825,2.37,-0.02,A1V,95418,53910,24.35,Merak
6.5708,-42.3061,2.39,1.09,K0III,2261,2081,23.73,Ankaa
326.0467,9.8750,2.39,1.53,K2Ib,206778,107315,206.19,Enif
265.6221,-39.0300,2.41,-0.22,B1.5III,160578,86670,142.25,
345.9438,28.0828,2.42,1.67,M2.5II-III,217906,113881,61.09,Scheat
257.5946,-15.7247,2.43,0.06,A2V,155125,84012,25.79,Sabik
178.4575,53.6947,2.44,0.0,A0Ve,103287,58001,25.65,Phecda
319.6450,62.5856,2.44,0.22,A7V,203280,105199,14.96,Alderamin
111.0238,-29.3031,2.45,-0.08,B5Ia,58350,35904,,Aludra
311.5529,33.9703,2.46,1.03,K0-III,197989,102488,22.09,Aljanah
14.1771,60.7167,2.47,-0.15,B0IVe,5394,4427,187.97,
346.1904,15.2053,2.49,-0.04,B9V,218045,113963,42.81,Markab
140.5283,-55.0108,2.50,-0.18,B2IV-V,81188,45941,165.29,Markeb
45.5700,4.0897,2.53,1.64,M1.5IIIa,18884,14135,67.48,Menkar
208.8850,-47.2883,2.55,-0.22,B2.5IV,121263,68002,117.92,
168.5271,20.5236,2.56,0.12,A4V,97603,54872,17.69,Zosma
249.2896,-10.5672,2.56,0.02,O9.5Vn,149757,81377,140.45,
83.1825,-17.8222,2.58,0.21,F0Ib,36673,25985,,Arneb
183.9517,-17.5419,2.59,-0.11,B8IIIpHgMn,106625,59803,50.56,Gienah
182.0896,-50.7225,2.60,-0.12,B2IVne,105435,59196,121.21,
285.6529,-29.8803,2.60,0.08,A2III+A4IV,176687,93506,27.31,Ascella
154.9929,19.8417,2.61,1.15,K1-IIIbFe-0.5,89484,50583,38.52,Algieba
229.2517,-9.3831,2.61,-0.11,B8V,135742,74785,49.07,Zubeneschamali
89.9304,37.2125,2.62,-0.08,A0pSi,40312,28380,53.11,Mahasim
241.3592,-19.8056,2.62,-0.07,B1V,144217,78820,162.6,Acrab
28.6600,20.8081,2.64,0.13,A5V,11636,8903,18.27,Sheratan
84.9121,-34.0742,2.64,-0.12,B7IVe,37795,26634,82.24,Phact
188.5967,-23.3967,2.65,0.89,G5II,109379,61359,42.84,Kraz
236.0671,6.4256,2.65,1.17,K2IIIbCN1,140573,77070,22.45,Unukalhai
21.4542,60.2353,2.68,0.13,A5III-IV,8538,6686,30.48,Ruchbah
208.6713,18.3978,2.68,0.58,G0IV,121370,67927,11.34,Muphrid
224.6329,-43.1339,2.68,-0.22,B2III/IV,132058,73273,160.51,
74.2483,33.1661,2.69,1.53,K3II,31398,23015,156.99,Hassaleh
161.6925,-49.4200,2.69,0.9,G5III+G2V,93497,52727,35.49,
189.2958,-69.1356,2.69,-0.2,B2IV-V,109668,61585,93.72,
262.6908,-37.2958,2.69,-0.22,B2IV,158408,85696,158.98,Lesath
109.2858,-37.0975,2.70,1.62,K3Ib,56855,35264,335.57,
221.2467,27.0742,2.70,0.97,K0-II-III,129989,,,Izar
275.2487,-29.8281,2.70,1.38,K3-IIIa*,168454,89931,93.72,Kaus Media
296.5650,10.6133,2.72,1.52,K3II,186791,97278,141.24,Tarazed
243.5863,-3.6944,2.74,1.58,M0.5III,146051,79593,52.19,Yed Prior
245.9979,61.5142,2.74,0.91,G8-IIIab,148387,80331,26.9,Athebyne
200.1492,-36.7122,2.75,0.04,A2V,115892,65109,17.97,
222.7196,-16.0417,2.75,0.15,A3IV,130841,72622,23.67,Zubenelgenubi
160.7392,-64.3944,2.76,-0.22,B0Vp,93030,52419,134.59,
83.8583,-5.9100,2.77,-0.24,O9III,37043,26241,,Hatysa
247.5550,21.4897,2.77,0.94,G7IIIa,148856,80816,45.31,Kornephoros
265.8683,4.5672,2.77,1.16,K2III,161096,86742,25.14,Cebalrai
233.7854,-41.1669,2.78,-0.2,B2IV,138690,76297,,
76.9625,-5.0864,2.79,0.13,A3III,33111,23875,27.24,Cursa
262.6083,52.3014,2.79,0.98,G2Ib-IIa,159181,85670,110.86,Rastaban
6.4379,-77.2542,2.80,0.62,G2IV,2151,2021,7.47,
183.7862,-58.7489,2.80,-0.23,B2IV,106490,59747,111.61,Imai
121.8858,-24.3042,2.81,0.43,F6IIpDel Del,67523,39757,19.23,Tureis
250.3217,31.6031,2.81,0.65,G0IV,150680,81693,10.8,
276.9925,-25.4217,2.81,1.04,K1+IIIb,169916,90496,23.7,Kaus Borealis
248.9708,-28.2161,2.82,-0.25,B0V,149438,81266,131.75,Paikauhale
3.3092,15.1836,2.83,-0.23,B2IV,886,1067,102.15,Algenib
195.5442,10.9592,2.83,0.94,G8IIIab,113226,63608,31.35,Vindemiatrix
82.0613,-20.7594,2.84,0.82,G5II,36079,25606,48.8,Nihal
58.5329,31.8836,2.85,0.12,B1Ib,24398,18246,,
238.7854,-63.4306,2.85,0.29,F2III,141891,77952,12.31,
261.3250,-55.5300,2.85,1.46,K3Ib-IIa,157244,85258,184.84,
29.6925,-61.5697,2.86,0.28,F0V,12311,9236,21.86,
334.6254,-60.2597,2.86,1.39,K3III,211416,110130,60.9,
56.8713,24.1050,2.87,-0.09,B7IIIe,23630,17702,112.74,Alcyone
296.2437,45.1308,2.87,-0.03,B9.5IV+F1V,186882,97165,52.44,Fawaris
326.7600,-16.1272,2.87,0.29,Am,207098,107556,11.82,Deneb Algedi
95.7400,22.5136,2.88,1.64,M3IIIab,44478,30343,71.07,Tejat
113.6500,31.8886,2.88,0.04,A2Vm,60178,,,
59.4633,40.0103,2.89,-0.18,B0.5V+A2V,24760,18532,165.02,
229.7275,-68.6794,2.89,0.0,A1V,135382,74946,56.02,
239.7129,-26.1142,2.89,-0.19,B1V+B2V,143018,78265,140.85,Fang
245.2971,-25.5928,2.89,0.13,B1III,147165,80112,225.23,Alniyat
287.4408,-21.0236,2.89,0.35,F2II,178524,94141,134.95,Albaldah
111.7875,8.2894,2.90,-0.09,B8Ve,58715,36188,52.19,Gomeisa
194.0071,38.3183,2.90,-0.12,A0pSiEuHg,112413,63125,33.78,Cor Caroli
322.8896,-5.5711,2.91,0.83,G0Ib,204867,106278,187.62,Sadalsuud
46.1992,53.5064,2.93,0.7,G8III+A2V,18925,14328,78.62,
102.4842,-50.6147,2.93,1.2,K1III,50310,32768,56.02,
340.7504,30.2214,2.94,0.86,G2II-III+F0V,215182,112158,65.88,Matar
59.5075,-13.5086,2.95,1.59,M0.5IIICa-1Cr-1,25025,18543,67.8,Zaurak
187.4663,-16.5156,2.95,-0.05,B9.5V,108767,60965,26.95,Algorab
262.9604,-49.8761,2.95,-0.17,B2Vne,158427,85792,74.29,
331.4458,-0.3197,2.96,0.98,G2Ib,209750,109074,232.56,Sadalmelik
100.9829,25.1311,2.98,1.4,G8Ib,48329,32246,,Mebsuta
146.4629,23.7742,2.98,0.8,G1II,84441,47908,76.86,
75.4921,43.8233,2.99,0.54,F0Iae+B,31964,23416,,Almaaz
271.4521,-30.4242,2.99,1.0,K0III,165135,88635,29.46,Alnasl
286.3525,13.8633,2.99,0.01,A0Vn,177724,93747,25.52,Okab
32.3858,34.9872,3.00,0.14,A5III,13161,10064,38.11,
84.4113,21.1425,3.00,-0.19,B4IIIpe,37202,26451,127.88,Tianguan
182.5312,-22.6197,3.00,1.33,K2.5IIIaBa0.2:,105707,59316,93.02,
199.7304,-23.1717,3.00,0.92,G8-IIIa,115659,64962,40.5,
55.7313,47.7875,3.01,-0.13,B5IIIe,22928,17358,161.81,
146.7754,-65.0719,3.01,0.28,A6Ib,85123,48002,497.51,
167.4158,44.4986,3.01,1.14,K1III,96833,54539,45.02,
328.4821,-37.3650,3.01,-0.12,B8III,207971,108085,62.23,Aldhanab
95.0783,-30.0633,3.02,-0.19,B2.5V,44402,30122,103.09,Furud
105.7562,-23.8333,3.02,-0.08,B3Iab,53138,33977,,
218.0196,38.3083,3.03,0.19,A7III,127762,71075,26.12,Seginus
266.8963,-40.1269,3.03,0.51,F2Iae,161471,87073,,
34.8362,-2.9775,3.04,1.42,M7IIIe+Bep,14386,10826,128.37,Mira
207.4042,-42.4739,3.04,-0.17,B2IV-Ve,120324,67472,161.55,
155.5821,41.4994,3.05,1.59,M0III,89758,50801,76.28,Tania Australis
191.5704,-68.1081,3.05,-0.18,B2.5V,110879,62322,95.42,
230.1821,71.8339,3.05,0.05,A3II-III,137422,75097,147.28,Pherkad
288.1388,67.6617,3.07,1.0,G9III,180711,94376,30.73,Altais
252.9675,-38.0475,3.08,-0.2,B1.5V+B6.5V,151890,82514,,Xamidimura
292.6804,27.9597,3.08,1.13,K3II+B9.5V,183912,95947,118.2,Albireo
305.2529,-14.7814,3.08,0.79,F8V+A0,193495,100345,105.49,Dabih
133.8483,5.9456,3.11,1.0,G9II-III,76294,43813,46.21,
162.4062,-16.1936,3.11,1.25,K2III,93813,52943,42.48,
274.4067,-36.7617,3.11,1.56,M3.5III,167618,89642,45.72,
309.3917,-47.2914,3.11,1.0,K0IIICNIII-IV,196171,101772,31.05,
87.7400,-35.7683,3.12,1.16,K2III,39425,27628,26.36,Wazn
140.2637,34.3925,3.13,1.55,K7IIIab,80493,45860,68.07,
142.8054,-57.0344,3.13,1.55,K5III,82668,46701,72.89,
173.9450,-63.0197,3.13,-0.04,B9III,100841,56561,125.63,
224.7904,-42.1042,3.13,-0.2,B2IV,132200,73334,165.29,
254.6550,-55.9903,3.13,1.6,K3III,152786,83081,176.06,
134.8017,48.0417,3.14,0.19,A7IV,76644,44127,14.64,Talitha
258.7579,24.8392,3.14,0.08,A3IV,156164,84379,24.07,Sarin
258.7617,36.8092,3.16,1.44,K3IIab,156283,84380,112.49,
76.6287,41.2344,3.17,-0.18,B3V,32630,23767,67.25,Haedus
99.4404,-43.1961,3.17,-0.11,B8III,47670,31685,129.7,
143.2142,51.6772,3.17,0.46,F6IV,82328,46853,13.49,
257.1967,65.7147,3.17,-0.12,B6III,155763,83895,104.17,Aldhibah
281.4142,-26.9908,3.17,-0.11,B8III,173300,92041,70.72,
72.4600,6.9614,3.19,0.45,F6V,30652,22449,8.03,Tabit
76.3654,-22.3711,3.19,1.46,K5III,32887,23685,69.49,
220.6267,-64.9753,3.19,0.24,ApSrEuCr:,128898,71908,16.4,
254.4171,9.3750,3.20,1.15,K2III,153210,83000,26.32,
318.2342,30.2269,3.20,0.99,G8+III-IIIaBa0.6,202109,104732,46.25,
267.4646,-37.0433,3.21,1.17,K2III,161892,87261,38.9,Fuyue
354.8367,77.6325,3.21,1.03,K1III-IV,222404,116727,13.79,Errai
230.3429,-40.6475,3.22,-0.22,B1.5IV,136298,75141,156.49,
302.8263,-0.8214,3.23,-0.07,B9.5III,191692,99473,88.03,
322.1650,70.5608,3.23,-0.22,B1IV,205021,106032,182.48,Alfirk
44.5654,-40.3047,3.24,0.14,A4III,18622,13847,49.46,Acamar
56.8096,-74.2389,3.24,1.62,M2III,24512,17678,65.66,
244.5804,-4.6925,3.24,0.96,G9.5IIIbFe-0.5,146791,79882,32.96,Yed Posterior
284.7358,32.6894,3.24,-0.05,B9III,176437,93194,194.55,Sulafat
112.3075,-43.3014,3.25,1.51,K5III,59717,36377,56.37,
275.3275,-2.8989,3.26,0.94,K0III-IV,168723,89962,18.94,
9.8321,30.8608,3.27,1.28,K3III,3627,3092,31.07,
68.4992,-55.0450,3.27,-0.1,A0IIISi,29305,21281,53.88,
102.0475,-61.9414,3.27,0.21,A7IV,50241,32607,30.34,
211.5929,-26.6825,3.27,1.12,K2-III-IIIbFe-0.5,123123,68895,31.08,
260.5025,-24.9994,3.27,-0.22,B2IV,157056,84970,172.71,
343.6625,-15.8208,3.27,0.05,A3V,216627,113136,48.92,Skat
93.7192,22.5067,3.28,1.6,M3III,42995,29655,,Propus
226.0175,-25.2819,3.29,1.7,M3-III,133216,73714,89.53,Brachium
231.2325,58.9661,3.29,1.16,K2III,137759,75458,31.33,Edasich
16.5208,-46.7186,3.31,0.89,G8III,6595,5165,,
78.2329,-16.2056,3.31,-0.11,B9IIIpHgMn,33904,24305,56.53,
183.8567,57.0325,3.31,0.08,A3V,106591,59774,24.97,Megrez
153.4342,-70.0381,3.32,-0.08,B8III,89080,50099,113.51,
158.0058,-61.6853,3.32,-0.09,B4Vne,91465,51576,152.44,
286.7350,-27.6706,3.32,1.19,K1+IIIb,177716,93864,36.91,
258.0383,-43.2392,3.33,0.41,F3III-IVp,155203,84143,21.95,
117.3237,-24.8597,3.34,1.24,G6Iab-Ib,63700,38170,,Azmidi
168.5600,15.4294,3.34,-0.01,A2V,97633,54879,54.47,Chertan
261.3483,-56.3775,3.34,-0.13,B1Ib,157246,85267,,
269.7567,-9.7736,3.34,0.99,K0IIIaCN-1,163917,88048,46.84,
63.6062,-62.4739,3.35,0.91,G8II-III,27256,19780,50.05,
332.7138,58.2011,3.35,1.57,K1.5Ib,210745,109492,222.72,
81.1192,-2.3969,3.36,-0.17,B1V+B2e,35411,25281,,
101.3225,12.8956,3.36,0.43,F5III,48737,32362,17.54,Alzirr
127.5662,60.7181,3.36,0.84,G5III,71369,41704,56.31,Muscida
291.3746,3.1147,3.36,0.32,F3IV,182640,95501,15.37,
203.6733,-0.5958,3.37,0.11,A3V,118098,66249,22.45,Heze
230.6704,-44.6894,3.37,-0.18,B2IV-V,136504,75264,154.56,
28.5987,63.6700,3.38,-0.15,B3III,11415,8886,135.5,Segin
131.6942,6.4189,3.38,0.68,G5III,74874,43109,41.44,Ashlesha
193.9008,3.3975,3.38,1.58,M3+III,112300,63090,62.07,Minelauva
46.2942,38.8403,3.39,1.65,M4II,19058,14354,99.7,
67.1654,15.8708,3.40,0.18,A7III,28319,20894,45.68,Chamukuy
154.2708,-61.3322,3.40,1.54,K3IIa,89388,50371,225.73,
340.3654,10.8314,3.40,-0.09,B8V,214923,112029,63.94,Homam
22.0913,-43.3183,3.41,1.57,M0-IIIa,9053,6867,71.74,
28.2704,29.5789,3.41,0.49,F6IV,11443,8796,19.66,Mothallah
207.3762,-41.6878,3.41,-0.22,B2IV,120307,67464,145.56,
228.0712,-52.0992,3.41,0.92,G8III,134505,74395,35.64,
240.0304,-38.3969,3.41,-0.22,B2.5IV,143118,78384,151.29,
266.6146,27.7206,3.42,0.75,G5IV,161797,86974,8.4,
311.2396,-66.2031,3.42,0.16,A7III,197051,102395,42.18,
311.3225,61.8389,3.43,0.92,K0IV,198149,102422,14.34,
12.2750,57.8158,3.44,0.57,F9V+dM0,4614,3821,5.95,Achird
137.7417,-58.9669,3.44,-0.19,B2IV-V,79351,45080,128.37,
154.1725,23.4172,3.44,0.31,F0III,89025,50335,79.62,Adhafera
286.5621,-4.8825,3.44,-0.09,B9Vn,177756,93805,38.39,
17.1475,-10.1822,3.45,1.16,K1.5IIICN1Fe0.5,6805,5364,36.06,
154.2742,42.9144,3.45,0.03,A2IV,89021,50372,41.2,Tania Borealis
282.5200,33.3628,3.45,0.0,B8IIpe,174638,92420,270.27,Sheliak
40.8250,3.2358,3.47,0.09,A3V,16970,12706,25.14,Kaffaljidhma
60.1700,12.4903,3.47,-0.12,B3V+A4IV,25204,18724,113.51,
105.4296,-27.9347,3.47,1.73,K7Ib,52877,33856,,Nganurganity
119.1946,-52.9822,3.47,-0.18,B3IVp,65575,38827,118.62,
228.8758,33.3147,3.47,0.95,G8IIIFe-1,135722,74666,35.79,
299.6892,19.4922,3.47,1.57,M0-III,189319,98337,84.03,
169.6196,33.0942,3.48,1.4,K3-IIIBa0.3,98262,55219,129.2,Alula Borealis
258.6621,14.3903,3.48,1.44,M5Ib-II,156014,84345,,Rasalgethi
342.5008,24.6017,3.48,0.93,G8+III,216131,112748,35.78,Sadalbari
342.1388,-51.3169,3.49,0.08,A3V,215789,112623,39.75,
26.0171,-15.9375,3.50,0.72,G8V,10700,8102,3.65,
225.4867,40.3906,3.50,0.97,G8IIIaBa0.3Fe-0.5,133208,73555,67.07,Nekkar
276.7433,-45.9683,3.51,-0.17,B3IV,169467,90422,76.45,
284.4325,-21.1067,3.51,1.18,K1III,175775,93085,114.16,
124.1288,9.1856,3.52,1.48,K4IIIBa0.5,69267,40526,89.05,Tarf
145.2875,9.8922,3.52,0.49,F6II+A1-5V,83808,47508,41.46,Subra
151.8333,16.7628,3.52,-0.03,A0Ib,87737,49583,,
342.4200,66.2006,3.52,1.05,K0-III,216228,112724,35.37,
67.1542,19.1803,3.53,1.01,G9.5IIICN0.5,28305,20889,47.53,Ain
110.0308,21.9822,3.53,0.34,F2IV,56986,35550,18.03,Wasat
237.4050,-3.4303,3.53,-0.04,A0V,141513,77516,47.76,
250.7242,38.9222,3.53,0.92,G7.5IIIbFe-1,150997,81833,34.35,
332.5500,6.1978,3.53,0.08,A2Vp,210418,109427,29.61,Biham
55.8121,-9.7633,3.54,0.92,K0+IV,23249,17378,9.04,Rana
83.7846,9.9342,3.54,-0.18,O8III((f)),36861,26207,,Meissa
149.2158,-54.5678,3.54,-0.08,B5Ib,86440,48774,,
173.2504,-31.8578,3.54,0.94,G7III,100407,56343,39.64,
264.3967,-15.3986,3.54,0.26,F0IVDel Sct,159876,86263,32.33,
86.7387,-14.8219,3.55,0.1,A3Vn,38678,27288,21.52,
214.8508,-46.0578,3.55,-0.18,B2.5IV,125238,69996,107.87,
4.8571,-8.8239,3.56,1.22,K1.5III,1522,1562,88.81,
34.1275,-51.5122,3.56,-0.12,B8V-IV,14228,10602,47.48,
64.4737,-33.7983,3.56,-0.12,B9V,27376,20042,54.73,
169.8354,-14.7786,3.56,1.12,G8III-IV,98430,55282,59.7,
230.4517,-36.2614,3.56,1.54,K5III,136422,75177,100.1,
302.1817,-66.1819,3.56,0.76,G6-8IV,190248,99240,6.11,
24.4983,48.6283,3.57,1.28,K3-III,9927,7607,53.3,Nembus
116.1117,24.3981,3.57,0.93,G8IIIa,62345,37740,43.99,
253.0838,-38.0175,3.57,-0.21,B2IV,151985,82545,158.48,Pipirima
275.2642,72.7328,3.57,0.49,F7V,170153,89937,8.06,
304.5137,-12.5447,3.57,0.94,G8IIIb,192947,100064,33.32,Algedi
109.5233,16.5403,3.58,0.11,A3V,56537,35350,28.91,
217.9575,30.3714,3.58,1.3,K3-III,127665,71053,45.62,
234.2562,-28.1350,3.58,1.38,K3III,139063,76470,59.67,
185.3400,-60.4011,3.59,1.42,K3-4III,107446,60260,69.93,Ginan
21.0058,-8.1833,3.60,1.06,K0III-IIIb,8512,6537,35.11,
51.2033,9.0289,3.60,0.89,G6IIIFe-1,21120,15900,64.85,
79.4017,-6.8444,3.60,-0.11,B5III,34503,24674,170.07,
86.1158,-22.4483,3.60,0.47,F6V,38393,27072,8.97,
103.1971,33.9611,3.60,0.1,A3III,50019,33018,60.28,
135.9062,47.1567,3.60,0.0,A1Vn,77327,44471,129.7,Alkaphrah
142.6750,-40.4667,3.60,0.36,F3IV+F0IV,82434,46651,18.56,
116.3137,-37.9686,3.61,1.73,K2.5Ib-II,63032,37819,,
152.6471,-12.3542,3.61,1.01,K0IIICN1,88284,49841,35.16,
177.6738,1.7647,3.61,0.55,F9V,102870,57757,10.9,Zavijava
22.8708,15.3458,3.62,0.97,G7IIIa,9270,7097,90.17,Alpherg
130.0733,-52.9219,3.62,-0.18,B3IV,74195,42536,151.75,
195.5675,-71.5489,3.62,1.18,K2III,112985,63613,27.85,
253.6458,-42.3614,3.62,1.37,K4III,152334,82729,46.15,
262.7746,-60.6839,3.62,-0.1,B8Vn,158094,85727,57.41,
266.4333,-64.7239,3.62,1.19,K2II,160635,86929,113.77,
345.4804,42.3261,3.62,-0.09,B6IIIpe+A2p,217675,113726,212.31,
42.4958,27.2606,3.63,-0.1,B8Vn,17573,13209,48.9,Bharani
57.2904,24.0533,3.63,-0.09,B8III,23850,17847,116.69,Atlas
309.3875,14.5953,3.63,0.44,F5IV,196524,101769,29.86,Rotanev
176.4017,-66.7286,3.64,0.16,A7III,102249,57363,39.34,
64.9483,15.6275,3.65,0.99,K0-IIIabCN1,27371,20205,47.24,Prima Hyadum
190.4150,-1.4494,3.65,0.36,F0V,110379,61941,11.83,Porrima
211.0971,64.3758,3.65,-0.05,A0III,123299,68756,94.7,Thuban
313.7025,-58.4542,3.65,1.25,K1II,198700,103227,184.84,
9.2429,53.8969,3.66,-0.2,B2IV,3360,2920,183.15,Fulu
234.6642,-29.7778,3.66,-0.17,B2.5V,139365,76600,136.43,
271.6579,-50.0917,3.66,-0.08,B2Ib,165024,88714,,
347.3617,-21.1725,3.66,1.22,K1III,218594,114341,71.63,
142.8821,63.0619,3.67,0.33,F0IV,81937,46733,23.15,
236.5471,15.4219,3.67,0.06,A2IV,141003,77233,46.93,
130.8979,-33.1864,3.68,-0.18,B1.5III,74575,42828,259.07,
190.4150,-1.4494,3.68,,F0V,110380,,,
231.9571,29.1058,3.68,0.28,F0p,137909,75695,34.97,Nusakan
325.0229,-16.6622,3.68,0.32,F0p,206088,106985,42.59,Nashira
49.8792,-21.7578,3.69,1.62,M3.5IIIaCa-1,20720,15474,79.18,
72.8017,5.6050,3.69,-0.17,B2III+B2IV,30836,22549,,
146.3117,-62.5078,3.69,1.22,G5Iab-Ib,84810,47854,,
349.2912,3.2822,3.69,0.92,G9-III:Fe-2,219615,114971,40.13,
28.9896,-51.6089,3.70,0.85,G8IIIbCNIV,11937,9007,17.49,
56.2188,24.1133,3.70,-0.11,B6III,23302,17499,113.64,Electra
269.4412,29.2478,3.70,0.94,G8+III,163993,87933,41.46,
89.1013,-14.1678,3.71,0.33,F1III,40136,28103,15.04,
176.5125,47.7794,3.71,1.18,K0.5IIIb,102224,57399,60.1,Taiyangshou
237.7042,4.4778,3.71,0.15,A2Vm,141795,77622,21.56,
298.8283,6.4067,3.71,0.86,G8IV,188512,98036,13.71,Alshain
73.5629,2.4406,3.72,-0.18,B3III+B0V,31237,22797,,
89.8817,54.2847,3.72,1.0,K0-III,40035,28358,43.07,
221.5621,1.8928,3.72,-0.01,A0V,130109,72220,39.45,
316.2329,43.9278,3.72,1.65,K4.5Ib-II,200905,104060,361.01,
318.6979,38.0456,3.72,0.39,F2IV,202444,104887,20.92,
27.8650,-10.3350,3.73,1.14,K0IIIBa0.1,11353,8645,79.43,Baten Kaitos
53.2325,-9.4583,3.73,0.88,K2V,22049,16537,3.22,Ran
118.0542,-40.5758,3.73,1.04,K1-2II+A0,64440,38414,105.71,
271.8375,9.5639,3.73,0.12,A4IV s,165777,88771,25.38,
51.7925,9.7328,3.74,-0.09,B9Vn,21364,16083,68.12,
321.6667,-22.4114,3.74,1.0,G4Ib,204075,105881,122.1,
343.1538,-7.5797,3.74,1.64,M2.5IIIaFe-1,216386,112961,120.05,
75.6196,41.0758,3.75,1.22,K4II+B8V,32068,23453,241.55,Saclateni
136.0387,-47.0978,3.75,1.2,K2III,78004,44511,94.79,
245.4800,19.1531,3.75,0.27,A9III,147547,80170,59.92,
266.9733,2.7072,3.75,0.04,A0Vnp,161868,87108,29.05,
268.3821,56.8728,3.75,1.18,K2-III,163588,87585,34.18,Grumium
337.2929,58.4153,3.75,0.6,F5Ib-G2Ib,213306,110991,301.2,
42.6742,55.8956,3.76,1.68,K3-Ib-IIa,17506,13268,,Miram
65.7338,17.5425,3.76,0.98,K0-IIICN0.5,27697,20455,46.97,Secunda Hyadum
83.4062,-62.4897,3.76,0.82,F6Ia,37350,26069,318.47,
252.4463,-59.0414,3.76,1.57,K5III,151249,82363,96.06,
325.3687,-77.3900,3.76,1.0,K0III,205478,107089,21.18,
331.7529,25.3450,3.76,0.44,F5V,210027,109176,11.76,
56.2983,42.5786,3.77,0.42,F5II,23230,17529,170.65,
126.4342,-66.1369,3.77,1.13,K1III,71878,41312,33.1,
286.1708,-21.7417,3.77,1.01,G9IIIb,177241,93683,42.57,
289.2758,53.3686,3.77,0.96,G9III,181276,94779,37.76,
309.9096,15.9119,3.77,-0.06,B9IV,196867,101958,73.8,Sualocin
311.9192,-9.4958,3.77,0.0,A1V,198001,102618,70.37,Albali
337.8229,50.2825,3.77,0.01,A1V,213558,111169,31.39,
107.1871,-70.4989,3.78,1.04,K0III,55865,34481,43.44,
163.3733,-58.8533,3.78,0.95,K1III,94510,53253,29.66,
106.0271,20.5703,3.79,0.79,F7-G3Ib,52973,34088,,Mekbuda
111.4317,27.7981,3.79,1.03,G9IIIbHdel -1,58207,36046,38.61,
292.4262,51.7297,3.79,0.14,A5Vn,184006,95853,37.55,
303.4079,46.7414,3.79,1.28,K2II+B3V,192577,99675,,
47.3742,44.8572,3.80,0.98,K0III,19476,14668,34.42,Misam
147.7475,59.0386,3.80,0.29,F2IV,84999,48319,35.27,
154.9942,19.8406,3.80,,G7IIIFe-1,89485,,,
233.7004,10.5375,3.80,0.26,F0IV,138917,76276,64.35,
233.7004,10.5392,3.80,0.26,F0IV,138918,,,
264.8662,46.0064,3.80,-0.18,B3IV,160762,86414,151.98,
84.6867,-2.6000,3.81,-0.24,O9.5V,37468,26549,,
87.8304,-20.8792,3.81,0.99,K0IIIFe-1.5CH0.5,39364,27654,34.42,
156.5225,-16.8364,3.81,1.48,K4.5III,90432,51069,76.1,
68.8875,-30.5622,3.82,0.98,G8IIIa,29291,21393,64.02,Theemin
139.7113,36.8025,3.82,0.06,A3V,80081,45688,37.38,
156.9696,-58.7394,3.82,0.31,F2II,90853,51232,319.49,
247.7283,1.9839,3.82,0.01,A0V+A4V,148857,80883,50.94,Marfik
296.8471,18.5342,3.82,1.41,M2II+A0V,187076,97365,137.36,
354.3913,46.4581,3.82,1.01,G8III-IV,222107,116584,25.81,
56.0796,32.2883,3.83,0.05,B1III,23180,17448,,Atik
163.3279,34.2150,3.83,1.04,K0+III-IV,94264,53229,29.94,Praecipua
209.5679,-42.1008,3.83,-0.21,B2IV,121743,68245,142.65,
221.9650,-79.0447,3.83,1.43,K3IIIa,129078,72370,126.1,
271.8858,28.7625,3.83,-0.03,B9.5V,166014,88794,106.5,
297.0433,70.2678,3.83,0.89,G7IIIbCN-2,188119,97433,44.64,
67.1438,15.9622,3.84,0.95,K0IIIbFe-0.5,28307,20885,48.4,
130.1567,-46.6489,3.84,0.71,F3Ia,74180,42570,,
133.7617,-60.6447,3.84,-0.1,B8-9II,76728,43783,95.69,
159.3254,-48.2258,3.84,0.3,F4IV+F3,92139,51986,26.52,
172.8508,69.3311,3.84,1.62,M0IIICa-1,100029,56211,102.46,Giausar
235.6858,26.2956,3.84,0.0,B9IV+A3V,140436,76952,44.48,
275.9246,21.7697,3.84,1.18,K2.5IIIab,169414,90139,39.37,
335.4142,-1.3872,3.84,-0.05,A0V,212061,110395,48.38,Sadachbia
56.0500,-64.8069,3.85,1.13,K2+III,23817,17440,30.57,
86.8212,-51.0664,3.85,0.17,A5V,39060,27321,19.28,
95.5283,-33.4364,3.85,0.88,G7II,44762,30277,72.73,
108.7029,-26.7728,3.85,-0.17,B2IV-Ve,56139,35037,283.29,
153.6842,-42.1219,3.85,0.05,A2V,88955,50191,31.53,
158.2029,9.3067,3.85,-0.14,B1Ib,91316,51624,,
239.1133,15.6617,3.85,0.48,F6V,142860,78072,11.12,
243.8596,-63.6856,3.85,1.11,G2Ib-IIa,145544,79664,190.48,
278.8017,-8.2442,3.85,1.33,K3-III-IIIb,171443,91117,53.42,
63.5004,-42.2944,3.86,1.1,K1III,26967,19747,35.91,
189.4258,-48.5411,3.86,0.05,A2V,109787,61622,40.37,
269.0633,37.2506,3.86,1.35,K1IIaCN+2,163770,87808,205.34,
273.4408,-21.0589,3.86,0.23,B8Iap,166937,89341,,Polis
14.1883,38.4994,3.87,0.13,A5V,5448,4436,41.79,
48.0179,-28.9869,3.87,0.52,F8V,20010,14879,14.11,Dalim
56.4567,24.3678,3.87,-0.07,B8III,23408,17573,110.38,Maia
69.5450,-14.3039,3.87,1.09,K2IIIb,29503,21594,33.51,Sceptrum
82.8029,-35.4706,3.87,1.14,K1IIIa,36597,25859,84.96,
103.5329,-24.1839,3.87,1.73,K2+Iab,50877,33152,,
188.1167,-72.1331,3.87,-0.15,B5V,109026,61199,99.3,
188.3708,69.7883,3.87,-0.13,B6IIIpe,109387,61281,152.67,
209.6700,-44.8036,3.87,-0.2,B2IV-V,121790,68282,128.04,
227.9838,-48.7378,3.87,-0.05,B9.5Vne,134481,74376,55.9,
2.3529,-45.7475,3.88,1.03,K0III,496,765,42.96,
138.5912,2.3142,3.88,-0.06,B9.5V,79469,45336,39.46,
148.1908,26.0069,3.88,1.22,K2IIICN1Ca1,85503,48455,40.78,Rasalas
202.7613,-39.4075,3.88,1.17,G9Ib*,117440,65936,,
220.7650,-5.6583,3.88,0.38,F2III,129502,71957,18.68,
239.2212,-29.2142,3.88,-0.2,B2IV-V,142669,78104,125.47,Iklil
44.1071,-8.8981,3.89,1.11,K1-IIIbBa0.2:,18322,13701,40.83,Azha
170.2517,-54.4911,3.89,-0.15,B5Vn,98718,55425,98.52,
184.9767,-0.6669,3.89,0.02,A2IV,107259,60129,76.57,Zaniah
244.9350,46.3133,3.89,-0.15,B5IV,147394,79992,96.43,
248.3625,-78.8972,3.89,0.91,G8-K0III,147675,81065,48.92,
299.0767,35.0833,3.89,1.02,K0III,188947,98110,42.74,
126.4150,-3.9064,3.90,-0.02,A0V,71155,41307,38.33,
298.1183,1.0056,3.90,0.89,F6Ib,187929,97804,,
347.5900,-45.2467,3.90,1.02,K1III,218670,114421,56.72,
60.7892,5.9892,3.91,0.03,A1V,25490,18907,39.62,
131.5071,-46.0417,3.91,0.0,A1III,75063,43023,,
144.9642,-1.1428,3.91,1.32,K2.5III-IIIbBa0.3,83618,47431,84.53,Ukdah
167.1475,-58.9750,3.91,1.23,G40-Ia,96918,54463,,
187.0100,-50.2306,3.91,-0.19,B2V,108483,60823,135.87,
233.8817,-14.7894,3.91,1.01,G8.5III,138905,76333,46.69,Zubenelhakrabi
17.0963,-55.2458,3.92,-0.08,B6V+B9V,6882,5348,85.76,Wurren
255.0725,30.9264,3.92,-0.01,A0V,153808,83207,49.9,
318.9558,5.2478,3.92,0.53,G0III+A5V,202447,104987,57.11,Kitalpha
69.0796,-3.3525,3.93,-0.21,B2III,29248,21444,179.86,
115.3117,-9.5511,3.93,1.02,K0III,61935,37447,44.23,
290.4183,-17.8472,3.93,0.22,F0IV-V,181577,95168,37.33,
6.5508,-43.6800,3.94,0.17,A7V,2262,2072,23.52,
131.1712,18.1542,3.94,1.08,K0III-IIIb,74442,42911,41.72,Asellus Australis
170.9812,10.5292,3.94,0.41,F4IV,99028,55642,24.24,
314.2933,41.1672,3.94,0.02,A1Vn,199629,103413,109.05,
22.8129,-49.0728,3.95,0.99,K0III,9362,7083,45.15,
43.5646,52.7625,3.95,0.74,G4III+A4V,17878,13531,76.05,
99.1708,-19.2558,3.95,1.06,K1III,47205,31592,19.84,
115.4550,-72.6061,3.95,1.04,K0III,63295,37504,41.05,
200.9850,54.9217,3.95,0.13,A1m,116657,,,
237.7396,-33.6272,3.95,-0.04,B9IV,141556,77634,63.05,
341.6329,23.5656,3.95,1.07,G8IIIa*,215665,112440,121.07,
66.0092,-34.0169,3.96,1.49,K4III,28028,20535,83.68,Beemim
89.7867,-42.8153,3.96,1.14,K0III,40808,28328,162.87,
102.4604,-32.5086,3.96,-0.23,B1.5IVne,50013,32759,242.13,
115.9521,-28.9547,3.96,0.18,A2Iabe,62623,37677,,
182.9129,-52.3686,3.96,-0.15,B3V,105937,59449,104.93,
241.7017,-20.6692,3.96,-0.04,B1V,144470,78933,129.87,
300.1479,-72.9106,3.96,-0.03,A0V,188228,98495,32.54,
87.8725,39.1486,3.97,1.13,G9.5III*,39003,27673,65.92,
130.0258,-35.3083,3.97,0.94,G7Ib-II,74006,42515,119.05,
135.1600,41.7828,3.97,0.44,F5V,76943,44248,16.43,
137.8192,-62.3172,3.97,-0.18,B3III,79447,45101,153.14,
270.1612,2.9317,3.97,0.02,B5Ib,164353,88192,,
290.9717,-40.6161,3.97,-0.1,B8V,181869,95347,52.08,Rukbat
337.3175,-43.4956,3.97,1.03,G6-8III,213009,110997,90.66,
350.7425,-20.1006,3.97,1.1,K0III,220321,115438,49.65,
30.8587,72.4214,3.98,-0.01,A2V,12216,9598,49.7,
93.7137,-6.2747,3.98,1.32,K1.5IIIBa0.3,43232,29651,197.63,
109.2075,-67.9572,3.98,0.79,F6II,57623,35228,202.43,
303.8679,47.7144,3.98,1.52,K3Ib+B3V,192909,99848,,
349.3575,-58.2358,3.99,0.4,F1III,219571,114996,22.03,
30.0013,-21.0778,4.00,1.57,M0III,12274,9347,92.25,
43.4704,-49.8903,4.00,2.11,M7IIIe,18242,13502,,
135.6117,-66.3961,4.00,0.14,A2-3IVm,78045,44382,38.11,
156.0987,-74.0317,4.00,0.35,F2IV,90589,50954,16.22,
220.4900,-37.7936,4.00,-0.17,B3V,129116,71865,93.55,
34.3287,33.8472,4.01,0.02,A1Vnn,14055,10670,36.06,
132.6329,-27.7100,4.01,1.27,K3-III,75691,43409,63.98,
201.3063,54.9881,4.01,0.16,A5V,116842,65477,24.88,Alcor
240.4721,58.5653,4.01,0.52,F8IV,144284,78527,20.92,
242.9988,-19.4606,4.01,0.04,B3V,145502,79374,133.87,Jabbah
280.7588,-71.4281,4.01,1.14,K0III,171759,91792,64.31,
290.6596,-44.4589,4.01,-0.1,B9V,181454,95241,116.01,Arkab Prior
307.3487,30.3686,4.01,0.4,F5II,195295,101076,232.56,
342.3979,-13.5925,4.01,1.57,M0III,216032,112716,116.55,
359.8279,6.8633,4.01,0.42,F4IV,224617,118268,32.49,
71.3754,-3.2547,4.02,-0.15,B5IV,30211,22109,163.13,
131.6742,28.7600,4.02,1.01,G7.5IIIaBa0.1,74739,43103,91.41,
182.1033,-24.7289,4.02,0.32,F2III-IV,105452,59199,14.77,Alchiba
244.9600,-50.1556,4.02,1.08,G8III,146686,80000,39.09,
284.9058,15.0683,4.02,1.08,K1-IIICN0.5Ba0.2,176411,93244,47.13,
285.4200,-5.7389,4.02,1.09,K1III,176678,93429,45.56,
323.4954,45.5919,4.02,0.89,G8IIIFe-0.5,205435,106481,38.17,
338.8392,-0.1175,4.02,-0.09,B9IV-Vn,213998,111497,56.27,
75.8546,60.4422,4.03,0.92,G1Ib-IIa,31910,23522,,
176.4650,6.5294,4.03,1.51,M1IIIab,102212,57380,95.97,
193.6483,-57.1778,4.03,-0.17,B2IV-V,112092,63003,115.74,
271.3637,2.4994,4.03,0.86,K0V,165341,88601,5.09,
308.3033,11.3033,4.03,-0.13,B6III,195810,101421,110.01,Aldulfin
59.7413,35.7911,4.04,0.01,O7.5III(n)((f)),24912,18614,,Menkib
62.1654,47.7125,4.04,-0.03,B3Ve,25940,19343,169.78,
62.9663,-6.8375,4.04,0.33,F2II-III,26574,19587,38.49,Beid
184.6088,-64.0031,4.04,-0.17,B2.5V,106983,60009,110.74,
283.8338,43.9461,4.04,1.59,M5III,175865,92862,107.18,
47.2667,49.6133,4.05,0.59,G0V,19373,14632,10.53,
170.2842,6.0294,4.05,-0.06,B9.5V s,98664,55434,65.62,
215.1392,-37.8853,4.05,-0.03,A0IV,125473,70090,75.82,
216.2992,51.8508,4.05,0.5,F7V,126660,70497,14.57,
219.4717,-49.4258,4.05,-0.15,B5V,128345,71536,95.15,
220.9142,-35.1736,4.05,1.35,K3IIIb,129456,72010,62.93,
227.2108,-45.2797,4.05,-0.18,B3V,133955,74117,124.69,
11.8346,24.2672,4.06,1.12,K1IIe,4502,3693,55.62,
113.9804,26.8958,4.06,1.54,M0III-IIIb,60522,36962,73.69,
254.8963,-53.1606,4.06,1.45,K4IIIab,152980,83153,93.28,
25.9150,50.6886,4.07,-0.04,B2Vep,10516,8068,219.78,
39.8708,0.3286,4.07,-0.22,B2IV,16582,12387,198.41,
74.0929,13.5144,4.07,1.15,K2-IIIFe-1,31421,22957,51.92,
103.5475,-12.0386,4.07,1.43,K4III,50778,33160,77.28,
124.6317,-76.9197,4.07,0.39,F5III,71243,40702,19.46,
131.1000,-42.6492,4.07,0.87,G5III,74772,42884,70.08,
207.3692,15.7978,4.07,1.52,K5.5III,120477,67459,75.24,
229.3783,-58.8011,4.07,0.09,A3V,135379,74824,29.63,
316.4867,-17.2328,4.07,-0.01,A1V,200761,104139,48.52,
143.6112,-59.2294,4.08,0.01,B5II,83183,46974,,
164.9437,-18.2989,4.08,1.09,K0+III,95272,53740,53.45,Alkes
171.2204,-17.6839,4.08,0.21,A5V,99211,55705,25.71,
214.0037,-6.0006,4.08,0.52,F6III,124850,69701,21.39,Syrma
320.5217,19.8044,4.08,1.11,K1III,203504,105502,47.19,
325.8767,58.7800,4.08,2.35,M2-Ia,206936,107259,,
24.1992,41.4056,4.09,0.54,F8V,9826,7513,13.47,Titawin
35.4371,-68.6594,4.09,0.03,A3V,15008,11001,41.49,
45.5979,-23.6244,4.09,0.16,A4IV,18978,14146,26.42,
84.2262,9.2906,4.09,0.95,K0IIIbFe-2,37160,26366,35.59,
237.1850,18.1417,4.09,1.62,M0.5IIIab,141477,77450,106.84,Gudja
40.1667,-39.8556,4.11,1.02,K0III,16815,12486,44.6,
39.8975,-68.2669,4.11,-0.06,B9V,16978,12394,47.01,
52.7183,12.9367,4.11,1.12,K0II-IIIFe-0.5,21754,16369,110.5,
117.3096,-46.3733,4.11,-0.18,B0III,63922,38164,,
158.8671,-78.6078,4.11,1.58,M0III,92305,51839,126.74,
176.6283,-61.1783,4.11,0.9,G5Ib-II,102350,57439,133.16,
184.3921,-67.9608,4.11,1.58,M5III,106849,59929,92.59,
234.1800,-66.3169,4.11,1.17,K1-2III,138538,76440,66.27,
287.3679,-37.9044,4.11,0.04,A2V,178253,94114,39.76,Meridiana
287.5071,-39.3408,4.11,1.2,K0II,178345,94160,155.76,
312.9554,-26.9192,4.11,1.64,M0-III-IIIbBa0.2,198542,102978,192.68,
337.4396,-43.7494,4.11,1.57,M4.5IIIa,213080,111043,99.6,
41.0500,49.2283,4.12,0.49,F8V,16895,12777,11.23,
90.5958,9.6475,4.12,0.16,A2V,40932,28614,46.53,
105.9396,-15.6333,4.12,-0.12,B8II,53244,34045,123.3,Muliphein
147.8696,-14.8467,4.12,0.92,G7-III,85444,48356,83.89,Zhang
181.3021,8.7331,4.12,0.98,G8IIIaCN-1Ba1CH1,104979,58948,52.41,
345.2200,-52.7542,4.12,0.98,G8-K0III,217364,113638,34.49,
277.2079,-49.0708,4.13,1.02,G8-K0III,169767,90568,39.06,
298.8154,-41.8683,4.13,1.08,K0II-III,188114,98032,58.0,
326.1613,25.6450,4.13,0.43,F5IV,206901,107354,35.29,
333.9925,37.7489,4.13,1.46,K3-II-III,211388,109937,192.31,
354.9875,5.6264,4.13,0.51,F7V,222368,116771,13.79,
63.7246,48.4094,4.14,0.95,G0Ib,26630,19812,221.73,
80.9867,-7.8081,4.14,0.96,G8IIIFe-0.5,35369,25247,53.45,
129.4112,-42.9892,4.14,0.11,A6II,73634,42312,,
233.2325,31.3592,4.14,-0.13,B6Vnne,138749,76127,95.33,
311.5237,-25.2708,4.14,0.43,F4V,197692,102485,14.67,
355.1021,44.3339,4.14,-0.08,B9IVn,222439,116805,52.03,
97.2408,20.2122,4.15,-0.13,B6IIIe,45542,30883,154.08,
107.9663,-0.4928,4.15,-0.01,A2V,55185,34769,114.94,
181.7204,-64.6136,4.15,0.34,F2III,105211,59072,19.69,
238.4562,-16.7294,4.15,1.02,G8.5IIIb,142198,77853,49.95,
239.3971,26.8778,4.15,1.23,K2IIIab,143107,78159,70.42,
341.5137,-81.3817,4.15,0.2,A9IV-V,214846,112405,43.05,
8.2500,62.9317,4.16,0.14,B1Ia,2905,2599,,
91.0300,23.2633,4.16,0.82,G7III,41116,28734,46.21,
129.4142,5.7036,4.16,0.0,A1Vnn,73262,42313,54.91,
249.0938,-35.2556,4.16,1.57,K6III,149447,81304,103.84,
334.2083,-7.7833,4.16,0.98,G8III-IV,211391,110003,58.69,Ancha
57.3637,-36.2003,4.17,0.95,G9II-III,24160,17874,64.35,
261.5925,-24.1753,4.17,0.28,A3m,157792,85340,25.67,
340.1642,-27.0436,4.17,-0.11,B8V,214748,111954,228.31,
56.5817,23.9483,4.18,-0.06,B6IVe,23480,17608,110.13,Merope
112.2779,31.7844,4.18,0.32,F0V,58946,36366,18.5,
214.0958,46.0883,4.18,0.08,A0p,125162,69732,29.78,Xuange
207.3612,-34.4508,4.19,1.5,M4.5III,120323,67457,54.38,
213.2242,-10.2736,4.19,1.33,K2.5IIIFe-0.5,124294,69427,68.54,Kang
281.4154,20.5464,4.19,0.46,F6V,173667,92043,19.09,
333.7583,57.0436,4.19,0.28,F0IV,211336,109857,25.73,
341.6733,12.1728,4.19,0.5,F6III-IV,215648,112447,16.25,
82.6963,5.9481,4.20,-0.14,B5V,36267,25813,88.5,
119.2146,-22.8800,4.20,0.72,F7II,65228,38835,154.08,
248.5258,42.4369,4.20,-0.01,B9V,149630,81126,92.68,
52.2671,59.9403,4.21,0.41,B9Ia,21291,16228,,
85.1900,-1.9428,4.21,,B0III,37743,,,
156.9708,36.7072,4.21,0.9,G9IIIab,90537,51233,44.76,
343.9871,-32.5397,4.21,0.97,G8III,216763,113246,52.25,
348.9729,-9.0878,4.21,1.11,K0III,219449,114855,45.52,
66.3421,22.2939,4.22,0.13,A7IV-V,27934,20635,47.01,
275.1896,71.3378,4.22,-0.1,A0pSi:,170000,89908,88.65,
281.7938,-4.7478,4.22,1.1,G4IIa,173764,92175,211.42,
283.0542,-62.1875,4.22,-0.14,B2II-IIIe,173948,92609,,
307.3954,62.9942,4.22,0.2,A7III,195725,101093,41.6,
311.4154,30.7197,4.22,1.05,G9.5III,197912,102453,63.13,
321.6108,-65.3661,4.22,0.49,F6V,203608,105858,9.22,
348.5808,-6.0489,4.22,1.56,M1.5III,219215,114724,68.12,
5.0179,-64.8747,4.23,0.58,F9V,1581,1599,8.59,
42.6463,38.3186,4.23,0.34,F2III,17584,13254,39.15,
54.1225,48.1928,4.23,-0.06,B5Ve,22192,16826,214.59,
56.7121,-23.2497,4.23,0.42,F3III,23754,17651,17.92,
206.4217,-33.0439,4.23,0.38,F3IV,119756,67153,19.26,
241.6479,-36.8022,4.23,-0.17,B2.5Vn,144294,78918,125.94,
247.8454,-34.7044,4.23,-0.16,B2III-IV,148703,80911,228.83,
251.4921,82.0372,4.23,0.89,G5III,153751,82080,106.27,
297.6412,32.9142,4.23,1.82,S6+/1e,187796,97629,106.04,
319.3542,39.3947,4.23,0.12,B9Iab,202850,105102,,
326.6983,49.3094,4.23,-0.12,B3III,207330,107533,354.61,
118.3258,-48.1031,4.24,-0.14,B0.5Ib,64760,38518,,
250.7692,-77.5175,4.24,1.06,K0III,149324,81852,48.33,
304.4121,-12.5083,4.24,1.07,G3Ib,192876,100027,,
17.1863,86.2569,4.25,1.21,K2II-III,5848,5372,95.88,
17.3758,47.2419,4.25,-0.07,B7Ve,6811,5434,225.73,
36.7463,-47.7039,4.25,-0.14,B5IV,15371,11407,162.07,
41.0308,-13.8586,4.25,-0.14,B7V,17081,12770,135.14,
64.0067,-51.4867,4.25,0.3,F4III,27290,19893,20.3,
69.1725,41.2647,4.25,1.22,K4III+A3V,29094,21476,196.85,
68.9137,10.1608,4.25,0.18,A5m,29140,21402,46.13,
125.7088,43.1881,4.25,1.55,K4.5III-IIIb,70272,41075,119.19,Alsciaukat
134.6217,11.8578,4.25,0.14,A5m,76756,44066,53.22,Acubens
156.7879,-31.0678,4.25,1.45,K4III,90610,51172,112.36,
216.8812,75.6961,4.25,1.44,K4-IIIBa0.3,127700,70692,105.71,
26.3483,9.1578,4.26,0.96,G8III,10761,8198,79.18,Torcular
89.9838,45.9369,4.26,1.72,M3II,40239,28404,,
184.5863,-79.3122,4.26,-0.12,B5Vn,106911,60000,82.99,
188.4354,41.3575,4.26,0.59,G0V,109358,61317,8.37,Chara
197.9683,27.8781,4.26,0.57,F9.5V,114710,64394,9.15,
210.4117,1.5444,4.26,0.1,A3V,122408,68520,66.93,
242.1925,44.9350,4.26,-0.07,B9p:Mn:,145389,79101,70.08,
265.3537,-12.8753,4.26,0.08,A2V,160613,86565,51.52,
41.2354,10.1142,4.27,0.31,F0IV,17094,12828,25.83,
49.9821,-43.0697,4.27,0.71,G8V,20794,15510,6.06,
53.4471,-21.6328,4.27,-0.11,B8V+B8V,22203,16611,90.74,
69.5396,12.5108,4.27,0.12,A6V,29388,21589,45.89,
77.2867,-8.7542,4.27,-0.19,B2IVne,33328,23972,,
122.3721,-47.3458,4.27,-0.23,B1IV,68243,,,
193.3592,-40.1789,4.27,0.21,A7III,111968,62896,47.55,
196.7275,-49.9061,4.27,-0.19,B1.5V,113791,64004,126.26,
229.6333,-47.8750,4.27,-0.08,B8Ve,135734,74911,89.13,
311.6646,16.1242,4.27,1.04,K1IV,197964,102532,31.11,
331.6092,-13.8697,4.27,-0.07,B9IV-V,209819,109139,52.91,
15.7358,7.8900,4.28,0.96,K0III,6186,4906,58.34,
37.0396,8.4600,4.28,-0.06,B9III,15318,11484,53.97,
54.2183,0.4017,4.28,0.58,F9IV-V,22484,16852,13.72,
66.5771,22.8136,4.28,0.26,A8Vn,28024,20711,47.46,
70.5613,22.9569,4.28,-0.13,B3V,29763,21881,122.85,
115.8279,28.8836,4.28,1.12,K1III,62044,37629,37.48,
159.8267,-55.6033,4.28,1.04,G2-3Ib,92449,52154,276.24,
178.2275,-33.9081,4.28,-0.1,B9IIIpSi,103192,57936,111.98,
247.7846,-16.6128,4.28,0.92,G8+IIIa,148786,80894,64.39,
320.5617,-16.8344,4.28,0.9,G7IIIFe-1.5,203387,105515,66.09,
346.7200,-43.5206,4.28,0.42,F5mDel Del,218227,114131,40.8,
351.9921,6.3789,4.28,1.07,K1III,220954,115830,48.69,
61.6458,50.3514,4.29,0.02,A0IVn,25642,19167,106.27,
63.8838,8.8922,4.29,-0.06,B3IV,26912,19860,133.33,
66.3725,17.9281,4.29,0.05,A2IV,27962,20648,45.35,
73.5125,66.3428,4.29,0.03,O9.5Ia,30614,22783,,
79.8937,-13.1767,4.29,-0.26,B0.5IV,34816,24845,,
144.2717,81.3264,4.29,1.48,K3IIIa,81817,47193,330.03,
261.8388,-29.8669,4.29,0.4,F5IVDel Sct*,157919,85423,34.18,
264.1367,-38.6353,4.29,1.09,K0IIIb,159433,86170,44.17,
290.8050,-44.7997,4.29,0.34,F2III,181623,95294,42.52,Arkab Posterior
326.3621,61.1208,4.29,0.52,A2Ia,207260,107418,,
330.9475,64.6278,4.29,0.34,A3/6Vm,209790,108917,31.18,Kurhah
332.4967,33.1783,4.29,0.46,F5III,210459,109410,77.16,
337.8762,-32.3461,4.29,0.01,A0V,213398,111188,45.48,
354.5342,43.2681,4.29,-0.1,B8V,222173,116631,154.08,
56.3021,24.4672,4.30,-0.11,B6IV,23338,17531,114.29,Taygeta
130.8063,3.3986,4.30,-0.2,B3V,74280,42799,143.06,
174.2371,-0.8239,4.30,1.0,G8.5IIICN-0.5,100920,56647,54.61,
283.6258,36.8989,4.30,1.68,M4II,175588,92791,275.48,
303.3496,56.5678,4.30,0.11,A3IV-Vn,192696,99655,46.71,
14.6517,-29.3575,4.31,-0.16,B7IIIp,5737,4577,206.19,
142.9300,22.9681,4.31,1.54,K5III,82308,46750,103.2,Alterf
188.0175,-16.1961,4.31,0.38,F2III-IV,109085,61174,18.21,
231.1225,37.3772,4.31,0.31,F2IVa,137391,75411,37.09,Alkalurops
70.1104,-19.6717,4.32,1.61,M4III,29755,21763,110.74,
112.0408,8.9256,4.32,1.43,K3-IIIFe-0.5,58972,36284,121.95,
131.5938,-13.5478,4.32,0.9,G8-IIIFe-1,74918,43067,69.54,
177.4213,-63.7883,4.32,-0.15,B3Vne,102776,57669,140.85,
216.7287,-83.6678,4.32,1.31,K2III,124882,70638,85.47,
222.9100,-43.5756,4.32,-0.15,B5IV,130807,72683,125.0,
236.0146,77.7944,4.32,0.04,A3Vn,142105,77055,115.21,
241.8513,-20.8686,4.32,0.84,G3II-III,144608,78990,81.17,
309.5846,-1.1053,4.32,0.95,G7.5IIIa,196574,101847,117.65,
17.7758,55.1497,4.33,0.17,A7V,6961,5542,42.14,
30.5117,2.7636,4.33,0.03,A0pSiSr,12447,,,Alrescha
97.9637,-23.4183,4.33,-0.24,B0.5IV,46328,31125,,
130.1542,-59.7611,4.33,-0.11,B1.5III,74375,42568,432.9,
180.7562,-63.3128,4.33,0.27,Am,104671,58758,70.47,
193.2788,-48.9433,4.33,1.37,K3-4III,111915,62867,92.85,
215.0813,-56.3867,4.33,0.12,B6Ib,125288,70069,,
234.5133,-42.5675,4.33,1.42,K4.5III,139127,76552,70.47,
260.2071,-12.8469,4.33,0.03,A2V,156928,84880,59.31,
274.9654,36.0644,4.33,1.17,K2IIIabCN0.5,168775,89826,72.94,
122.1483,-2.9839,4.34,0.97,G2Ib,67594,39863,,
139.0508,-57.5414,4.34,1.63,M1III,80230,45496,164.47,
210.4308,-45.6036,4.34,0.6,F6II,122223,68523,137.36,
229.4579,-30.1489,4.34,1.1,G9IIIaFe1,135758,74857,94.43,
261.6288,4.1403,4.34,1.5,K2II,157999,85355,,
326.2367,-33.0258,4.34,-0.05,A0V,206742,107380,62.77,
326.1279,17.3500,4.34,1.17,G5Ib,206859,107348,,
44.5679,-40.3044,4.35,0.08,A1V,18623,,,
47.9075,19.7267,4.35,1.03,K2III,19787,14838,51.44,Botein
86.1933,-65.7356,4.35,0.21,A7V,39014,27100,44.48,
93.8446,29.4981,4.35,1.02,G8.5IIIb,43039,29696,51.79,
104.3188,58.4225,4.35,0.85,G5III-IV,50522,33449,52.25,
121.9825,-68.6172,4.35,-0.11,B6IV,68520,39794,196.85,
125.1604,-77.4844,4.35,1.16,K2IIICN0.5,71701,40888,47.13,
144.2067,-49.3553,4.35,0.17,A5IV-V,83446,47175,32.95,
216.5450,-45.3794,4.35,0.43,F4IV+A7:,126354,70576,96.34,
272.1450,-63.6683,4.35,0.22,A7pSr,165040,88866,42.46,
9.2204,33.7194,4.36,-0.14,B5V,3369,2912,201.21,
10.8383,-57.4631,4.36,0.0,A0IV,4150,3405,73.69,
52.6438,47.9953,4.36,1.35,K3III,21552,16335,108.34,
61.1737,22.0819,4.36,1.07,K0+III-IIIaFe-0.2,25604,19038,55.43,
72.6529,8.9003,4.36,0.01,A1Vn,30739,22509,59.38,
78.3079,-12.9414,4.36,-0.1,B9V,33949,24327,171.53,
89.3842,-35.2833,4.36,-0.18,B2.5IV,40494,28199,261.78,
132.1083,5.8378,4.36,-0.04,A0Vn,75137,43234,103.41,
186.7346,28.2683,4.36,1.13,K1IIIFe0.5,108381,60742,52.14,
211.5117,-41.1797,4.36,-0.19,B2V,122980,68862,136.8,
272.1896,20.8144,4.36,-0.16,B2IV,166182,88886,,
263.0538,86.5864,4.36,0.02,A1Vn,166205,85822,56.02,Yildun
275.8067,-61.4939,4.36,1.48,K4III,168339,90098,128.87,
281.1933,37.6050,4.36,0.19,A4m,173648,91971,47.1,
281.7554,18.1814,4.36,0.13,A5III,173880,92161,28.43,
289.0921,38.1336,4.36,1.26,K0+II,180809,94713,235.85,
294.1804,-1.2864,4.36,-0.08,B5III,184930,96468,94.25,
337.3825,47.7069,4.36,1.68,M0II+B8V,213310,111022,357.14,
7.8863,-62.9581,4.37,-0.07,B9V,2884,2484,42.83,
9.6387,29.3117,4.37,0.87,G6IIIFe-3CH1,3546,3031,51.71,
33.2500,8.8467,4.37,0.89,G6II-IIICN-2,13611,10324,110.99,
94.1379,-35.1406,4.37,1.0,K0.5IIIa,43785,29807,56.09,
104.0342,-17.0542,4.37,-0.07,B3II,51309,33347,,
151.9762,9.9975,4.37,1.45,K3.5IIIbFe-1,87837,49637,84.1,
295.0242,18.0139,4.37,0.78,G1II,185758,96757,145.14,Sham
295.2621,17.4761,4.37,1.05,G8IIIaCN0.5,185958,96837,143.06,
299.9342,-35.2764,4.37,-0.15,B3IV,189103,98412,189.39,
353.2429,-37.8183,4.37,-0.09,B9.5IVpHgMnEu,221507,116231,54.7,
83.0533,18.5944,4.38,2.07,M2Iab-Ib,36389,25945,,
197.4875,-5.5389,4.38,-0.01,A1IV s+Am,114330,64238,127.23,
253.5021,10.1653,4.38,-0.08,B8V,152614,82673,71.68,
73.2237,-5.4528,4.39,0.25,F4III+A6III,31109,22701,69.49,
98.7442,-52.9756,4.39,-0.02,A0II,47306,31407,,
120.5662,2.3344,4.39,1.25,K2III,66141,39311,80.06,
165.0387,-42.2258,4.39,0.11,A3IV,95370,53773,62.54,
260.2508,-21.1128,4.39,0.39,F1III-IV,156897,84893,17.4,
288.4396,39.1461,4.39,-0.15,B2.5IV,180163,94481,319.49,Aladfar
302.2221,77.7114,4.39,-0.05,B9III,192907,99255,100.3,
319.9667,-53.4497,4.39,0.19,A5V,202730,105319,29.78,
349.4758,-9.1825,4.39,-0.15,B5V,219688,115033,98.72,
351.5117,-20.6419,4.39,1.47,K5III,220704,115669,94.61,
102.4637,-53.6222,4.40,0.92,G6II,50337,32761,169.49,
109.6767,-24.9542,4.40,-0.15,O9Ib,57061,35415,,
122.2567,-19.2450,4.40,-0.15,B5IV,67797,39906,144.93,
225.7250,2.0914,4.40,1.04,K0.5IIIbFe-0.5,133165,73620,56.24,
329.4796,-54.9925,4.40,0.28,F0IV,208450,108431,56.66,
351.3450,23.4042,4.40,0.61,F8III,220657,115623,53.11,Alkarab
28.4117,-46.3025,4.41,1.59,M4III,11695,8837,98.52,
83.7050,9.4894,4.41,-0.16,B0III,36822,26176,,
88.5954,20.2761,4.41,0.59,G0V,39587,27913,8.66,
107.7850,30.2453,4.41,1.26,K2-III,54719,34693,92.51,
119.5600,-49.2450,4.41,-0.17,B1Vp+B3IV:,65818,38957,357.14,
169.5458,31.5292,4.41,0.59,G0V,98231,,,Alula Australis
222.5721,-27.9603,4.41,1.4,K4III,130694,72571,93.63,
262.6846,26.1106,4.41,1.44,K3.5III,158899,85693,112.61,Maasym
269.6258,30.1894,4.41,0.39,F2II,164136,87998,243.9,
346.9746,75.3875,4.41,0.8,G2III,218658,114222,67.43,
349.7058,-32.5319,4.41,1.13,K1III,219784,115102,54.82,
0.4900,-6.0142,4.41,1.63,M3III,224935,154,127.23,
14.3017,23.4175,4.42,0.94,G8IIIb,5516,4463,74.4,
56.5354,-12.1017,4.42,1.63,M2III,23614,17593,152.44,
91.8929,14.7683,4.42,-0.17,B3V,41753,29038,163.93,
165.5825,20.1797,4.42,0.05,A1m,95608,53954,37.92,
215.7592,-39.5122,4.42,-0.18,B7IIIp,125823,70300,128.37,
218.1537,-50.4569,4.42,-0.19,B2III,127381,71121,176.06,
246.7558,-18.4564,4.42,0.28,B2IV:pe,148184,80569,149.93,
311.9342,-5.0278,4.42,1.65,M3III,198026,102624,136.43,
337.2087,-0.0200,4.42,0.38,F3V,213052,,,
12.1708,7.5850,4.43,1.5,K4IIIb,4656,3786,93.55,
63.8179,-7.6528,4.43,0.82,K1-V,26965,19849,5.04,Keid
99.4725,-18.2375,4.43,1.15,K1-II-III,47442,31700,142.25,
220.2871,13.7283,4.43,0.05,A2III,129247,,,
236.6108,7.3531,4.43,0.6,G0-V,141004,77257,11.75,
305.9654,32.1900,4.43,1.33,K2.5IIIFe-0.5,194317,100587,78.31,
310.8646,15.0744,4.43,0.32,A7IIIpDel Del,197461,102281,62.38,
319.4796,34.8969,4.43,-0.11,B2Vne,202904,105138,276.24,
335.8900,52.2292,4.43,1.02,G8.5IIIbCa1,212496,110538,52.06,
3.6600,-18.9328,4.44,1.66,M3III,1038,1170,151.06,
25.3579,5.4875,4.44,1.36,K3IIIbBa0.1,10380,7884,112.87,
64.1204,-59.3019,4.44,1.08,K2IVa,27442,19921,18.23,
95.9421,4.5928,4.44,0.18,A5IV,44769,30419,39.39,
123.5121,-40.3481,4.44,1.17,K1II-III,69142,40326,95.24,
129.6892,3.3414,4.44,1.21,K1+III,73471,42402,108.11,Minchir
284.2375,-67.2336,4.44,0.71,F5I-II,174694,93015,166.67,
292.1762,24.6650,4.44,1.5,M0III,183439,95771,90.91,Anser
70.1404,-41.8639,4.45,0.34,F2V,29875,21770,20.13,
78.0746,-11.8692,4.45,-0.1,B8V,33802,24244,73.91,
113.5133,-22.2961,4.45,0.51,F6IV,60532,36795,25.7,
122.8396,-39.6186,4.45,1.62,K3Ib,68553,40091,,
124.6388,-36.6594,4.45,0.22,A7III,70060,40706,28.52,
135.0225,-41.2539,4.45,0.65,G8-K1III+A,77258,44191,61.77,
158.8971,-57.5578,4.45,1.62,K3-4II,91942,51849,,
161.4450,-80.5403,4.45,-0.19,B2.5IV,93845,52633,111.48,
248.0342,-21.4664,4.45,0.13,A7p,148898,80975,53.59,
270.4383,1.3053,4.45,0.02,A2Vn,164577,88290,81.23,
288.8875,73.3556,4.45,1.25,K2+IIIbCN1Fe1,181984,94648,46.02,
293.5225,7.3789,4.45,1.17,K3-IIIbCN0.5,184406,96229,33.9,
42.2725,-32.4058,4.46,0.99,K0-IIIFe-0.5,17652,13147,51.79,
78.3229,2.8611,4.46,1.19,K0.5III,33856,24331,105.37,
141.1637,26.1822,4.46,1.23,K2III,81146,46146,65.45,
177.7862,-45.1736,4.46,1.3,K3III,102964,57803,142.25,
218.6700,29.7450,4.46,0.36,F2V,128167,71284,15.47,
331.5288,-39.5433,4.46,1.37,K3III,209688,109111,75.76,
340.1288,44.2764,4.46,1.33,K2+III-IIIb,214868,111944,92.51,
343.1317,-32.8756,4.46,-0.04,A0III*,216336,112948,68.17,
41.2758,-18.5725,4.47,0.48,F6V,17206,12843,13.97,
50.0850,29.0483,4.47,1.55,K2II-III,20644,15549,196.46,
57.3800,65.5261,4.47,1.88,M2+IIab,23475,17884,295.86,
74.3217,53.7522,4.47,-0.02,A1V,31278,23040,115.21,
74.6371,1.7142,4.47,1.4,K2-II,31767,23123,,
101.9650,2.4122,4.47,1.11,K0+IIIaBa0.2,49293,32578,114.42,
169.1654,-3.6517,4.47,0.21,A7IVn,98058,55084,59.92,
182.0217,-50.6614,4.47,-0.15,B6IIIe,105382,59173,115.21,
246.7962,-47.5550,4.47,-0.07,B4V,147971,80582,122.55,
346.6704,-23.7431,4.47,0.9,G9III,218240,114119,57.74,
92.9850,14.2089,4.48,-0.18,B3IV,42560,29426,194.55,
94.9058,59.0108,4.48,0.01,A2V s,43378,30060,45.7,
97.0421,-32.5800,4.48,-0.17,B4V,45813,30788,124.53,
137.2179,51.6047,4.48,0.27,F0IVm vs,78209,44901,29.31,
136.2867,-72.6028,4.48,0.61,F9II,78791,44599,139.28,
151.8575,35.2447,4.48,0.18,A7V,87696,49593,27.95,
167.9146,-22.8258,4.48,0.03,A2III,97277,54682,81.57,
294.1104,50.2211,4.48,0.38,F4V,185395,96441,18.59,
336.8333,-64.9664,4.48,-0.03,B9.5V,212581,110838,81.9,
66.5867,15.6183,4.49,0.25,F0V,28052,20713,47.94,
100.9971,13.2278,4.49,1.16,K0IIICN1Ca1,48433,32249,84.6,
108.1400,-46.7594,4.49,0.32,F0IV,55892,34834,21.18,
118.1613,-38.8631,4.49,-0.19,B2.5V,64503,38455,196.46,
131.6771,-56.7697,4.49,-0.17,B3Vne,75311,43105,167.5,
151.9846,-0.3717,4.49,-0.04,A0III,87887,49641,88.11,
224.2958,-4.3464,4.49,0.32,F0V,132052,73165,27.91,
318.6204,10.0069,4.49,0.5,F5V+G0V,202275,104858,18.48,
333.4696,39.7150,4.49,1.39,K3III,211073,109754,172.71,
355.6804,-14.5450,4.49,-0.04,B9.5V,222661,116971,47.26,
98.2258,7.3331,4.50,0.0,A0Ib,46300,31216,,
114.7054,-26.8017,4.50,-0.17,B6V,61555,37229,139.28,
117.0217,-25.9372,4.50,-0.05,B0V:pe:,63462,38070,,
143.7062,52.0514,4.50,0.01,A2V,82621,47006,81.9,
155.2283,-56.0431,4.50,-0.12,B3IIIe,89890,50676,,
163.9033,24.7497,4.50,0.01,A1V,94601,53417,88.57,
206.8154,17.4567,4.50,0.48,F6IV,120136,67275,15.6,
246.0258,-20.0375,4.50,1.01,K0II-III,147700,80343,54.59,
316.7821,-25.0058,4.50,1.61,M0.5III,200914,104234,160.26,
332.0958,-32.9886,4.50,0.05,A2V,210049,109285,39.98,
355.5117,1.7800,4.50,0.2,A7V,222603,116928,30.88,
359.9792,-65.5772,4.50,-0.08,B9IV,224686,118322,114.81,
17.9150,30.0897,4.51,1.09,K0.5IIIb,7106,5586,49.73,
41.9771,29.2472,4.51,1.11,K1.5III,17361,13061,55.37,Lilii Borea
60.2242,-62.1594,4.51,1.65,M4III,25705,18744,150.38,
68.3775,-29.7667,4.51,0.98,K0IIICN-1,29085,21248,38.14,
87.4571,-56.1667,4.51,1.1,K1III,39523,27530,53.25,
142.3113,-35.9514,4.51,1.44,K3IIIa,82150,46515,214.59,
230.8446,-59.3208,4.51,0.19,B5IV+F8,136415,75323,156.25,
300.7046,67.8736,4.51,1.32,K3III,190940,98702,124.69,
311.0096,-51.9211,4.51,0.27,A7III-IV-A9,197157,102333,24.17,
311.3379,57.5797,4.51,0.54,F8IV-V,198084,102431,27.12,
317.3987,-11.3717,4.51,0.94,G8III,201381,104459,50.18,
322.1808,-21.8072,4.51,0.91,G5III,204381,106039,55.01,
337.6221,43.1233,4.51,-0.09,B2IV,213420,111104,,
4.5821,36.7853,4.52,0.05,A2V,1404,1473,43.27,
37.2667,67.4025,4.52,0.12,A5pSr,15089,11569,43.4,
87.2938,39.1811,4.52,0.94,G8IIIFe-1,38656,27483,65.19,
144.8375,-61.3281,4.52,-0.07,B9IV-V,83944,47391,68.63,
214.7775,-13.3711,4.52,0.13,A2m,125337,69974,57.24,Khambalia
235.3879,19.6703,4.52,0.04,A1V,140159,76852,58.93,
260.9208,37.1458,4.52,-0.03,B9.5III,157779,,,
299.2367,-27.1700,4.52,1.46,K2.5IIb,188603,98162,,
303.9421,27.8142,4.52,1.26,K3-IIIFe-1,192806,99874,100.6,
346.7512,9.4094,4.52,1.57,M1IIIab,218329,114144,98.72,
348.1375,49.4064,4.52,0.29,F0V,219080,114570,24.5,
12.4533,41.0789,4.53,-0.15,B5V+F8V,4727,3881,208.33,
42.8783,35.0597,4.53,1.56,K5+III,17709,13328,125.47,
90.0142,-3.0742,4.53,1.22,K1.5IIIFe-1.5,40657,28413,128.7,
114.3421,-34.9686,4.53,-0.09,B8IV,61330,37096,109.89,
176.9963,20.2189,4.53,0.55,G5III-IVe+A7V,102509,57565,69.44,
200.6579,-60.9883,4.53,-0.13,B3V,116087,65271,108.7,
201.0021,-64.5358,4.53,0.85,G6II,116243,65387,78.8,
272.8075,-45.9544,4.53,1.01,K0III,166063,89112,125.31,
311.8521,36.4908,4.53,-0.11,B5Ve,198183,102589,269.54,
345.9692,3.8200,4.53,-0.12,B6Ve,217891,113889,151.06,Fumalsamakah
7.8900,-62.9658,4.54,0.15,A2V+A7V,2885,2487,,
11.1812,48.2844,4.54,-0.07,B5IIIe,4180,3504,,
30.4892,70.9069,4.54,0.16,A3IV,12111,9480,35.83,
52.4787,58.8786,4.54,0.56,A0Ia,21389,16281,,
79.5446,33.3717,4.54,1.27,K2.5IIIbFe-1,34334,24727,71.84,
98.7642,-22.9647,4.54,-0.05,A0V,46933,31416,126.26,
112.4492,12.0067,4.54,1.28,K1+IIIBa0.4,59294,36425,171.82,
213.3708,51.7903,4.54,0.2,A8IV,124675,69483,47.55,
226.1112,26.9475,4.54,1.24,K2III,133582,73745,76.69,
228.0554,-19.7917,4.54,-0.08,A0pSi,134759,74392,115.47,
230.7892,-36.8586,4.54,-0.15,B4V,136664,75304,185.87,
233.9717,-44.9586,4.54,-0.18,B3IVp,138769,76371,133.16,
261.6579,-5.0867,4.54,0.39,F3V,157950,85365,30.05,
266.8900,-27.8308,4.54,0.8,F7II,161592,87072,,
358.5958,57.4994,4.54,1.22,G20e,224014,117863,,
76.1017,-35.4833,4.55,1.2,K3III,32831,23595,56.72,
105.0167,76.9775,4.55,1.36,K4III,49878,33694,57.37,
143.5558,36.3975,4.55,0.92,G8.5III,82635,46952,54.0,
222.8471,19.1011,4.55,0.76,G8Ve+K4Ve,131156,72659,6.7,
245.1592,-24.1694,4.55,0.84,A5II,147084,80079,,
316.6504,47.6483,4.55,1.57,K4Ib-IIa,201251,104194,301.2,
352.2888,12.7606,4.55,0.94,G7+III,221115,115919,54.53,
0.9350,-17.3361,4.55,-0.05,B9.5Vn,225132,301,69.88,
59.6863,-61.4003,4.56,1.62,M2IIIab,25422,18597,162.6,
136.6325,38.4522,4.56,1.04,G7Ib-II,77912,44700,207.9,
143.6204,69.8303,4.56,0.77,G4III-IV,82210,46977,32.37,
207.9567,-32.9944,4.56,-0.13,B5IIIp,120709,67669,91.24,
216.5342,-45.2214,4.56,-0.15,B2IV,126341,70574,,
325.4804,71.3114,4.56,1.1,K1III,206952,107119,53.91,
84.7963,4.1214,4.57,-0.11,B3IIIe,37490,26594,,
142.9954,-1.1850,4.57,0.1,A3V,82446,46776,140.65,
154.9033,-55.0294,4.57,1.62,K3II,89682,50555,,
160.8837,-60.5667,4.57,1.71,K4III,93070,52468,326.8,
246.3542,14.0333,4.57,0.0,B9pCr,148112,80463,72.1,Cujam
272.0208,-28.4572,4.57,0.94,G7:IIIb*,165634,88839,106.61,
322.4871,23.6389,4.57,1.62,M1+III,204724,106140,135.69,
335.2567,46.5367,4.57,-0.1,B6V,212120,110351,156.25,
336.1292,49.4764,4.57,0.09,B9Iab,212593,110609,,
357.2317,-28.1303,4.57,0.01,A0V,223352,117452,43.99,
54.2737,-40.2747,4.58,1.04,K1III,22663,16870,67.2,
88.3317,27.6122,4.58,-0.02,A0V,39357,27830,134.23,
137.0121,-25.8583,4.58,1.59,K4III,78541,44824,149.48,
147.9200,-46.5478,4.58,1.2,G5Ib,85622,48374,332.23,
265.4846,72.1489,4.58,0.42,F5IV-V,162003,86614,22.04,Dziban
298.3654,24.0797,4.58,-0.06,B9.5III,188260,97886,110.13,
300.6646,-27.7097,4.58,1.65,M4III,189763,98688,137.36,
10.3317,-46.0850,4.59,0.97,G8III,3919,3245,75.82,
55.7088,-37.3136,4.59,1.2,K2.5III,23319,17351,54.53,
81.7092,3.0956,4.59,-0.21,B2IV,35715,25473,,
83.8467,-4.8383,4.59,-0.19,B1V,37018,26237,,
115.8850,-28.4111,4.59,1.63,K3Ib,62576,37648,299.4,
148.0267,54.0644,4.59,0.03,A3IV,85235,48402,133.87,
238.4029,-25.3272,4.59,-0.07,B2.5Vn,142114,77840,132.98,
243.0758,-27.9264,4.59,-0.16,B2V,145482,79404,143.47,
263.9150,-46.5056,4.59,-0.03,A0V,159217,86092,118.2,
283.6871,22.6450,4.59,0.78,G4III+A6V,175492,92818,149.03,
287.0871,-40.4967,4.59,1.09,K1III,177873,94005,53.56,
290.1671,65.7147,4.59,0.02,A2III s,182564,95081,68.87,
313.0321,27.0969,4.59,0.83,G7IIIFe-1,198809,103004,66.4,
337.2071,-0.0203,4.59,,F6IV,213051,110960,31.72,
97.2042,-7.0328,4.60,-0.1,B3Ve,45725,30867,,
130.0533,64.3278,4.60,1.17,K1+IIIb,73108,42527,77.4,
142.2871,-2.7689,4.60,0.46,F6V,81997,46509,17.1,
151.2812,-13.0647,4.60,-0.09,B9III-IV,87504,49402,84.96,
164.1796,-37.1378,4.60,1.03,K1III,94890,53502,60.98,
168.1500,-60.3175,4.60,0.55,A6Iae,97534,54751,,
198.0725,-59.9208,4.60,-0.08,B8V,114529,64425,106.16,
221.3104,16.9644,4.60,0.98,G8.5III,129972,72125,69.06,
224.3958,65.9325,4.60,1.59,M4.5III,132813,73199,121.95,
231.3342,-38.7336,4.60,0.0,A0IV,137058,75501,114.68,
294.1767,-24.8836,4.60,-0.07,B9,184707,96465,58.0,
350.1592,23.7403,4.60,0.17,A5Vp,220061,115250,51.28,Salm
1.3337,-5.7075,4.61,1.04,K0IIIbCN-0.5,28,443,39.4,
4.2729,38.6817,4.61,0.06,A2V,1280,1366,77.64,
64.5608,50.2956,4.61,0.04,A2V,26961,20070,97.56,
119.9667,-18.3992,4.61,0.08,A2Vn,65810,39095,73.05,
166.6350,-62.4242,4.61,1.03,G8III,96566,54301,113.38,
290.4317,-15.9550,4.61,0.1,B2Vpe+A2IaShell,181615,95176,,
308.4758,35.2508,4.61,1.6,K2Ib+B3V,196093,101474,284.9,
28.3887,3.1875,4.62,0.94,K0III,11559,8833,58.45,
82.9825,-7.3014,4.62,-0.26,B0V,36512,25923,,
114.7075,-26.8036,4.62,,B5IVn,61556,,,
130.9183,-7.2336,4.62,0.84,G1Ib,74395,42835,185.19,
138.9379,-37.4133,4.62,0.45,F5III,79940,45448,50.79,
173.6904,-54.2642,4.62,-0.08,B9Ve,100673,56480,142.05,
193.6633,-59.1467,4.62,-0.15,B4Vne,112078,63007,110.38,
233.5446,-10.0644,4.62,1.01,K1III-IV,138716,76219,28.95,
238.1688,42.4517,4.62,0.56,F8VFe-2Hdel -1,142373,77760,15.85,
264.4613,-8.1189,4.62,0.11,B8II-IIIp:Mn,159975,86284,168.35,
270.1208,-3.6903,4.62,0.38,F2IV,164259,88175,23.2,
284.0550,4.2036,4.62,0.17,A5V,175638,92946,40.44,Alya
14.1658,59.1811,4.63,0.96,G8IIIbFe-0.5,5395,4422,63.13,Castula
44.8029,21.3403,4.63,0.04,A2V s,18519,13914,89.69,
44.8029,21.3403,4.63,0.04,A2V s,18520,,,
47.8225,39.6117,4.63,1.11,K1III,19656,14817,93.55,
57.5896,71.3322,4.63,0.03,A2IVn,23401,17959,102.77,
90.9800,20.1383,4.63,0.28,B2Ia,41117,28716,,
118.2654,-49.6131,4.63,-0.23,B1.5Vp,64740,38500,220.75,
166.2542,7.3361,4.63,0.33,F2III-IV,96097,54182,28.95,
168.8008,23.0956,4.63,1.66,M3IIb,97778,54951,,
237.3988,26.0683,4.63,0.8,G3.5III-IVFe-1,141714,77512,50.74,
240.8829,-57.7753,4.63,0.24,A7IV,143474,78662,42.99,
246.9504,-8.3717,4.63,0.17,A3m,148367,80628,37.5,
339.3433,51.5453,4.63,0.24,A8IV,214454,111674,52.77,
75.7738,21.5900,4.64,0.16,A7V,32301,23497,49.98,
109.1458,-27.8811,4.64,1.6,M3III,56618,35205,138.89,
111.6783,49.2114,4.64,-0.02,A1V,58142,36145,76.28,
113.8450,-28.3694,4.64,-0.11,B8V,60863,36917,68.97,
189.9688,-39.9875,4.64,-0.08,B8II/III,110073,61789,108.81,
235.2971,-44.6611,4.64,0.4,F5IV-V,139664,76829,17.52,
237.7446,-25.7514,4.64,-0.05,B3V,141637,77635,160.0,
270.0658,4.3686,4.64,-0.03,B2Ve,164284,88149,207.47,
271.8267,8.7339,4.64,0.96,G8III,165760,88765,72.94,
277.8433,-62.2783,4.64,-0.11,B7-8III,169978,90797,146.84,
278.3758,-42.3125,4.64,1.01,G8III,170845,90982,,
300.2754,27.7536,4.64,0.18,A4III,189849,98543,68.17,
18.4371,24.5836,4.65,1.04,K0III,7318,5742,115.74,
58.4275,-24.6125,4.65,-0.13,B6V,24587,18216,118.2,
68.4621,14.8444,4.65,0.25,A8V,28910,21273,46.75,
73.7242,10.1508,4.65,0.09,A0Vp,31295,22845,36.98,
88.5254,-63.0900,4.65,1.05,K1III-IV,40409,27890,27.27,
103.6612,13.1778,4.65,0.3,F0Vp,50635,33202,27.94,
112.6771,-30.9622,4.65,0.93,G3Ib,59890,36514,,
191.5946,-56.4889,4.65,-0.16,B3V,110956,62327,121.36,
206.6638,-51.4328,4.65,0.96,G8-K0III,119834,67234,78.86,
207.8579,64.7233,4.65,1.58,M3.5III,121130,67627,120.05,
240.8038,-49.2297,4.65,0.92,G8III,143546,78639,66.8,
252.4583,-10.7831,4.65,0.47,F7IV,151769,82369,36.98,
259.4179,37.2917,4.65,0.05,A2V,156729,84606,54.53,
274.5133,-27.0425,4.65,1.66,K3II,167818,89678,,
346.0458,50.0522,4.65,1.06,K0IIIbFe-0.5,218031,113919,54.95,
17.8633,21.0347,4.66,1.03,G8.5III-IIIa,7087,5571,134.77,
40.8629,27.7072,4.66,-0.13,B3V,16908,12719,,
59.9813,-24.0164,4.66,-0.13,B6V+B9.5V,25267,18673,101.52,
100.2446,9.8956,4.66,-0.25,O7V((f)),47839,31978,,
108.5633,-26.3525,4.66,-0.19,B3IIIe,56014,34981,,
109.5767,-36.7342,4.66,-0.1,B2V+B3IVne,57150,35363,259.74,
130.8212,21.4686,4.66,0.02,A1IV,74198,42806,48.59,Asellus Borealis
156.8517,-57.6389,4.66,0.51,A9Ia,90772,51192,,
159.6879,-59.1831,4.66,1.48,K4-5III:,92397,52102,,
180.2183,6.6142,4.66,0.13,A5V,104321,58590,109.17,
189.8117,-7.9956,4.66,1.23,K2III-IIIbCN1,110014,61740,97.66,
190.6475,-48.8131,4.66,1.09,K0III,110458,62012,57.77,
205.1846,54.6817,4.66,1.64,M2IIIabBa0.5,119228,66738,168.35,
282.8004,59.3883,4.66,1.19,G9IIIFe-0.5,175306,92512,98.81,
291.6296,0.3386,4.66,0.6,F2Ib,182835,95585,,
336.3192,1.3775,4.66,-0.03,B1Ve,212571,110672,,
359.4396,25.1414,4.66,1.59,M3III,224427,118131,132.63,
27.3962,-10.6864,4.67,0.33,F3III,11171,8497,23.61,
52.3421,49.5089,4.67,-0.09,B3V,21428,16244,171.23,
91.5387,-14.9353,4.67,0.05,A1Vn,41695,28910,52.25,
137.7296,63.5136,4.67,0.35,F3-4IIIm vs,78362,45075,37.33,
234.9417,-34.4119,4.67,0.99,G8III,139521,76705,75.08,
270.0142,16.7508,4.67,1.26,K0.5IIb,164349,88128,201.21,
315.3229,-32.2578,4.67,0.89,G6III,199951,103738,68.54,
325.5237,51.1897,4.67,-0.12,B3IV,206672,107136,,Azelfafage
76.1421,15.4042,4.68,-0.06,A0pSi,32549,23607,122.7,
103.9058,-20.1364,4.68,0.37,gF2,51199,33302,29.23,
120.3054,-1.3925,4.68,1.49,K4III,65953,39211,144.93,
144.6137,4.6492,4.68,1.32,K3III,83425,47310,84.03,
245.0867,-78.6958,4.68,1.69,M5IIIb,145366,80047,234.74,
275.9146,-8.9342,4.68,0.95,G9-IIIbFe-0.5,169156,90135,58.55,
293.0900,69.6611,4.68,0.79,K0V,185144,96100,5.77,Alsafi
308.8271,14.6742,4.68,0.11,A3V,196180,101589,69.64,
324.2700,-19.4661,4.68,-0.17,B2.5Vpe,205637,106723,203.25,
28.7337,-67.6472,4.69,0.95,G8.5III,11977,8928,66.49,
31.1225,-29.2969,4.69,-0.17,B9.5pSi,12767,9677,110.74,
66.6517,14.7136,4.69,0.98,G7IIIaFe-1,28100,20732,139.47,
69.8188,15.9181,4.69,0.15,A5Vn,29488,21683,48.76,
134.0808,-52.7236,4.69,-0.12,B5V,76805,43878,115.21,
140.8012,-28.8339,4.69,0.92,G8.5IIICN-1.5*,81169,46026,55.8,
141.8267,-22.3439,4.69,1.14,K2.5III,81799,46371,53.97,
191.4079,-60.9811,4.69,1.05,K0III,110829,62268,38.21,
202.9913,-6.2558,4.69,1.62,M2III,117675,66006,132.45,
271.2554,-29.5800,4.69,0.78,F4-G1Ib,164975,88567,,
294.8442,30.1533,4.69,0.97,G8III-IV,185734,96683,76.92,
317.5854,10.1317,4.69,0.26,F0IIIp,201601,104521,35.24,
324.4379,-7.8542,4.69,0.17,A7V,205767,106786,54.76,Bunda
330.8400,-56.7861,4.69,1.06,K4-5V,209100,108870,3.63,
330.8288,-2.1553,4.69,-0.06,B7IVe,209409,108874,116.82,
340.8971,-18.8303,4.69,1.37,K4III,215167,112211,148.59,
347.4783,-22.4575,4.69,0.65,G2IV+A2V,218640,114375,159.74,
44.6904,39.6628,4.70,0.06,A2Vn,18411,13879,99.8,
44.9288,8.9075,4.70,-0.12,B6III,18604,13954,130.04,
114.5750,-25.3647,4.70,-0.11,B8IV,61429,37173,168.92,
150.0533,8.0442,4.70,1.6,M2-IIIab,86663,49029,161.03,
174.1704,-9.8022,4.70,-0.08,B9.5Vn,100889,56633,93.46,
175.0533,-34.7447,4.70,-0.07,B9V,101431,56922,151.75,
203.6137,49.0161,4.70,0.12,A5V,118232,66234,58.41,
277.2996,-14.5658,4.70,0.06,A3Vn,170296,90595,89.37,
298.9600,-26.2994,4.70,0.75,G5V,188376,98066,23.79,Terebellum
23.4829,59.2319,4.71,1.0,G9IIIb,9408,7294,62.66,
36.4058,50.2786,4.71,1.53,K4+III,14872,11313,105.71,
63.7221,40.4836,4.71,1.01,G5Ib+A2V,26673,19811,,
79.7854,40.0992,4.71,0.63,G1.5IV-VFe-1,34411,24813,12.65,
80.1121,-21.2394,4.71,-0.05,A0V,34968,24927,140.65,
82.4333,-1.0922,4.71,1.57,K5III,36167,25737,139.86,
117.0846,-47.0778,4.71,1.06,K0III,63744,38089,69.64,
136.4096,-70.5389,4.71,-0.15,B2IVe,78764,44626,331.13,
159.6800,31.9761,4.71,0.81,G2.5IIa,92125,52098,145.35,
163.4946,43.1900,4.71,-0.05,A1V s,94334,53295,81.83,
196.5696,-48.4636,4.71,-0.14,B5V,113703,63945,126.9,
209.4121,-63.6867,4.71,1.11,K1.5III,121474,68191,64.06,
298.5621,8.4614,4.71,1.05,G9+IIIb,188310,97938,62.66,Libertas
319.4846,-32.1725,4.71,0.06,A1V,202627,105140,50.61,
343.6033,84.3461,4.71,1.43,K4III,217382,113116,119.76,
353.3192,-20.9144,4.71,0.02,A1n,221565,116247,98.23,
353.7692,-42.6150,4.71,0.08,A2VpSrCrEu,221760,116389,83.89,
52.3446,-62.9375,4.72,0.4,F5IV-V,22001,16245,21.44,
76.3775,-57.4728,4.72,0.52,F7V,33262,23693,11.65,
122.8179,-12.9269,4.72,0.95,G9III-IIIb,68290,40084,56.69,
140.3733,-25.9656,4.72,1.63,M1III,80874,45902,160.0,
177.0596,-66.8147,4.72,1.54,K4III,102584,57581,132.45,
181.0800,-63.1656,4.72,-0.08,B2IV,104841,58867,230.95,
226.2800,-47.0511,4.72,-0.14,B5V,133242,73807,152.44,
241.6225,-45.1733,4.72,0.23,Am,144197,78914,37.86,
280.5683,-9.0525,4.72,0.35,F2IIIpDel Del,172748,91726,57.34,
7.9433,54.5222,4.73,-0.1,B8Vn,2772,2505,108.7,
52.6546,-5.0753,4.73,-0.09,B9V s,21790,16341,116.69,
57.1496,-37.6206,4.73,-0.03,B9V,24072,,,
80.4404,-0.3825,4.73,-0.17,B2IV-V,35039,25044,,
176.1908,-18.3508,4.73,0.97,G8IIIa,102070,57283,107.41,
199.3854,40.5725,4.73,0.3,F3III,115604,64844,87.8,
208.3021,-31.9278,4.73,-0.14,B4IV,120955,67786,205.34,
253.4988,-42.3622,4.73,0.49,B1Iape,152236,82671,,
259.1529,-0.4453,4.73,1.14,K2III,156266,84514,66.8,
313.1633,-8.9833,4.73,0.32,A3m,198743,103045,47.6,
324.4800,62.0819,4.73,0.3,B2Ib,206165,106801,,
325.6646,-18.8664,4.73,0.88,G8III,206453,107188,89.13,
326.0358,28.7428,4.73,0.48,F6V,206826,107310,22.4,
21.4833,68.1300,4.74,1.05,K0III,8491,6692,59.21,
73.1333,14.2506,4.74,1.84,S3.5/1-,30959,22667,166.11,
87.7600,37.3056,4.74,1.62,M0+III-IIIbFe-0.5,38944,27639,145.77,
156.4787,33.7961,4.74,0.25,F0V,90277,51056,63.45,
157.5838,-71.9931,4.74,0.04,A1V,91375,51438,79.37,
165.4571,-2.4847,4.74,1.62,M0IIIBa0.2,95578,53907,157.73,
185.1792,17.7928,4.74,1.01,G8+III,107383,60202,110.62,
199.6013,-18.3114,4.74,0.71,G6V,115617,64924,8.53,
207.9479,34.4442,4.74,1.66,K5III,120933,67665,185.19,
235.4867,-19.6789,4.74,1.57,M0-IIIb,139997,76880,122.55,
292.9429,34.4531,4.74,-0.14,B3IV,184171,96052,192.31,
314.9567,47.5211,4.74,-0.05,B1ne,200120,103632,,
341.8708,83.1539,4.74,1.26,K3III,216446,112519,99.4,
354.4625,-45.4925,4.74,0.08,A2V,222095,116602,61.5,
28.3825,19.2936,4.75,-0.04,A1pSi,11502,8832,62.66,Mesarthim
38.0217,-15.2447,4.75,0.45,F4IV,15798,11783,25.82,
39.9500,-42.8917,4.75,0.06,A2V,16754,12413,39.76,
42.7596,-21.0042,4.75,0.91,K0III,17824,13288,56.02,Angetenar
42.6187,-75.0669,4.75,1.33,K3III,18293,13244,100.81,
122.8579,-42.9872,4.75,0.18,A5Ib,68601,40096,,
158.3079,40.4256,4.75,0.23,A7IV,91312,51658,34.33,
212.4783,-53.4392,4.75,0.94,G9-III,123569,69191,55.77,
214.0413,51.3672,4.75,0.2,A9V,125161,69713,29.82,
235.6708,-34.7106,4.75,-0.14,B5V,140008,76945,121.36,
285.7788,-42.0953,4.75,-0.02,B9.5V,176638,93542,56.34,
349.6562,68.1117,4.75,0.84,K0III,219916,115088,64.6,
11.0475,-10.6094,4.76,1.01,K0III,4188,3455,64.35,
19.8667,27.2642,4.76,0.03,A3V,7964,6193,95.33,
46.3850,56.7058,4.76,1.02,G9.5III,18970,14382,62.7,
83.1821,32.1919,4.76,0.34,B5Iab,36371,25984,,
108.6592,-48.2717,4.76,-0.1,B8-9V,56456,35020,108.7,
122.2529,-61.3025,4.76,0.43,F5V,68456,39903,21.39,
135.6362,67.6297,4.76,1.53,M3III-IIIbCa1,76827,44390,88.11,
201.8633,-15.9736,4.76,1.09,K0-III-IVCN2Fe0.5,116976,65639,79.18,
225.9475,47.6544,4.76,0.65,F9-G1Vn,133640,73695,12.76,
237.8162,20.9778,4.76,1.54,K5-III,141992,77661,121.07,
240.6996,46.0367,4.76,-0.11,B9III,144206,78592,115.21,
242.2429,36.4908,4.76,1.01,K1-III-IV,145328,79119,34.67,
269.9483,-23.8161,4.76,-0.04,B9V,163955,88116,133.87,
305.1658,-12.7592,4.76,-0.05,B9.5V,193432,100310,83.47,Alshat
308.8950,-60.5817,4.76,0.28,F1III,195627,101612,27.57,
346.7783,25.4683,4.76,1.34,G8Ib,218356,114155,164.74,
7.8542,-48.8036,4.77,0.02,A0V,2834,2472,52.71,
13.2521,-1.1442,4.77,1.57,M0III,5112,4147,159.24,
101.8325,8.0372,4.77,1.4,K4III,49161,32533,148.59,
130.3046,-47.3169,4.77,0.12,A5II,74272,42624,,
145.3208,-23.5917,4.77,-0.12,B6Ve,83953,47522,152.44,
172.5788,-3.0036,4.77,1.54,K3.5IIIFe-1,99998,56127,185.19,
215.1771,-45.1872,4.77,0.31,F0IV,125442,70104,45.56,
215.7742,-27.7539,4.77,1.31,K4III,125932,70306,53.56,
241.0921,-11.3731,4.77,0.47,F5IV,144070,,,
265.0983,-49.4156,4.77,0.4,F3IV,160032,86486,21.87,
278.1438,57.0456,4.77,0.61,F7Ib,171635,90905,,
289.0542,21.3903,4.77,-0.05,B4IV,180554,94703,279.33,
300.8896,-37.9408,4.77,1.41,K5III,189831,98761,124.22,
67.6404,16.1939,4.78,0.17,A6IV,28527,21029,44.37,
73.1583,36.7031,4.78,1.41,K2.5IIIbBa0.4,30834,22678,172.12,
83.7612,-6.0019,4.78,-0.25,B0.5V,36960,26199,,
88.1100,1.8550,4.78,1.38,K1.5IIb,39400,27750,,
123.3733,-35.8997,4.78,-0.11,B1.5IIIe,68980,40274,300.3,
169.7829,38.1856,4.78,0.12,A1Vp:,98353,55266,56.12,
194.7308,17.4094,4.78,1.56,M1-IIIb,112769,63355,91.66,
244.5746,-28.6139,4.78,0.02,A0V,146624,79881,43.05,
260.4975,-67.7706,4.78,1.21,K2-III,156277,84969,95.6,
303.8163,25.5919,4.78,-0.18,B3Ve,192685,99824,,
307.2150,-17.8136,4.78,0.38,F2IV,194943,101027,30.27,
313.3117,44.3872,4.78,-0.14,B5V,199081,103089,153.61,
0.3987,-77.0658,4.78,1.27,K3III,224889,122,67.7,
29.4821,23.5961,4.79,0.28,F0V,11973,9153,40.83,
58.5729,-2.9547,4.79,0.94,G8III,24555,,,
74.9825,-12.5375,4.79,0.26,F0IV,32045,23231,89.21,
99.8329,42.4889,4.79,1.23,K3III,47174,31832,132.63,
109.1533,-23.3156,4.79,1.71,K3Ib-II,56577,35210,,
119.4171,-30.3347,4.79,0.15,A2V,65456,38901,,
139.9433,-11.9750,4.79,0.93,G8III,80499,45751,98.04,
146.0504,-27.7694,4.79,0.51,A8V+F7II-III,84367,47758,117.79,
154.9338,19.4708,4.79,0.45,F6IV,89449,50564,21.17,
193.5883,-9.5389,4.79,1.6,M3-IIICa-1,112142,62985,127.88,
247.5517,-25.1150,4.79,-0.11,B2V,148605,80815,120.48,
281.3621,-64.8714,4.79,0.2,A5IV-V,172555,92024,29.23,
332.4517,72.3411,4.79,0.92,G7II-III,210807,109400,115.74,
333.9038,-41.3467,4.79,0.8,G8III+G,211088,109908,80.39,
336.9646,4.6956,4.79,1.05,K0III,212943,110882,49.04,
340.4392,29.3075,4.79,-0.01,A1IV,214994,112051,93.46,
3.6508,20.2067,4.80,1.57,M2+III,1013,1168,99.9,
10.5162,50.5125,4.80,-0.11,B2V,3901,3300,,
48.9583,-8.8197,4.80,0.23,A5m,20320,15197,36.79,Zibal
56.5096,63.3450,4.80,0.8,G0III+A3V,23089,17587,245.1,
66.0242,17.4439,4.80,0.15,A7V,27819,20542,44.72,
84.7212,-7.2131,4.80,0.13,A4V,37507,26563,47.08,
94.7117,69.3197,4.80,0.03,A0Vn,42818,29997,53.91,
137.5967,67.1347,4.80,0.49,F6IV,78154,45038,20.46,
140.1208,-9.5558,4.80,0.93,G8III-IV+F5V,80586,45811,74.68,
186.0062,51.5622,4.80,0.87,G6IIIBa0.2,107950,60485,120.48,
196.7946,27.6247,4.80,1.48,K5III,113996,64022,93.02,
198.8121,-67.8944,4.80,-0.08,B8V,114911,64661,124.38,
199.4013,5.4697,4.80,1.67,M1III,115521,64852,165.84,
264.2379,68.7581,4.80,0.43,F5V,160922,86201,23.46,
359.6033,51.3886,4.80,1.83,M7IIIe,224490,118188,106.72,
6.9821,-33.0072,4.81,1.64,M4III,2429,2210,168.07,
75.3596,-7.1739,4.81,-0.19,B3V,32249,23364,,
92.5746,-54.9686,4.81,-0.23,B3III+O9V,42933,29276,,
140.2367,-62.4047,4.81,0.94,G6III,81101,45856,68.26,
143.7658,39.6214,4.81,0.99,G9.5IIIFe-1,82741,47029,70.27,
185.6263,25.8461,4.81,0.49,G0III-IV+A3V,107700,60351,83.82,
188.7129,22.6292,4.81,0.0,A0IV,109485,61394,111.86,
214.4992,35.5094,4.81,1.06,K0III,125351,69879,68.35,
217.0504,-2.2281,4.81,0.7,G2IV,126868,70755,41.41,Elgafar
220.8558,26.5278,4.81,1.66,M3-III,129712,71995,,
225.5271,25.0081,4.81,1.5,K4-IIIabCa0.5,133124,73568,110.25,
262.8542,-23.9628,4.81,0.0,B9.5Ve,158643,85755,130.72,
267.5467,-40.0906,4.81,0.26,A2Ib,161912,87294,,
276.3375,-20.5417,4.81,1.31,K2II,169420,90289,,
304.4467,38.0331,4.81,0.42,B2pe,193237,100044,,
335.3304,28.3306,4.81,0.0,B9III,212097,110371,186.22,
338.2504,-61.9822,4.81,1.61,M4III,213442,111310,83.61,
13.2671,61.1242,4.82,0.53,F8V,5015,4151,18.57,
32.1221,37.8592,4.82,0.12,A5IV-V,13041,9977,60.68,
49.6825,34.2228,4.82,1.49,K2IICN1,20468,15416,,
77.4250,15.5972,4.82,0.32,F2IV,33276,24010,97.66,
89.4988,25.9539,4.82,-0.06,B0.5II,40111,28237,,
99.8196,-14.1458,4.82,1.5,K2II,47667,31827,,
120.0833,-63.5675,4.82,-0.17,B3V,66591,39138,166.11,
125.6317,-48.4903,4.82,-0.15,B1V,70930,41039,,
159.3883,-13.3844,4.82,2.68,C5II,92055,52009,161.81,
160.5583,-64.4664,4.82,-0.14,B4V,92938,52370,139.86,
161.0287,-63.9611,4.82,-0.13,B5Vn,93194,52502,148.37,
186.6317,-51.4508,4.82,-0.14,B3Vn,108257,60710,122.55,
204.3650,36.2950,4.82,0.23,A7III,118623,66458,58.79,
212.2121,77.5475,4.82,1.36,K3III,124547,69112,153.37,
226.2800,-47.0511,4.82,,B5IV,133243,,,
228.2062,-44.5006,4.82,-0.17,B3IV,134687,74449,139.28,
237.8079,35.6575,4.82,1.0,K1IVa,142091,77655,31.12,
245.5183,1.0292,4.82,0.34,F0V,147449,80179,27.35,
252.3092,45.9833,4.82,0.09,A2VpSrCrEu,152107,82321,53.71,
255.2650,-4.2225,4.82,1.48,K4III,153687,83262,123.3,
259.3313,33.1000,4.82,-0.17,B1.5Vp+B5III,156633,84573,265.25,
276.4963,65.5636,4.82,1.19,K1.5IIIFe-0.5,170693,90344,97.28,Fafnir
283.5996,71.2972,4.82,1.15,K0IIIBa0.2,176524,92782,105.6,
309.6304,21.2011,4.82,-0.02,A0V,196724,101867,65.49,
320.1900,-40.8097,4.82,0.02,ApCrEuSr,203006,105382,57.18,
337.6617,-10.6781,4.82,-0.06,A0IV s,213320,111123,81.37,
355.4408,-17.8164,4.82,0.82,G0Ib-II,222574,116901,197.24,
13.7504,58.9728,4.83,1.21,K2III,5234,4292,124.69,
21.9142,45.4067,4.83,0.42,F5IV,8799,6813,28.3,
28.3825,19.2958,4.83,,B9V,11503,,,
29.2917,-47.3850,4.83,0.88,G8III,12055,9095,81.83,
33.3054,44.2317,4.83,1.48,K3.5IIIBa0.5:,13520,10340,170.65,
49.8404,3.3703,4.83,0.68,G5V,20630,15457,9.16,
79.3713,-34.8953,4.83,1.0,K0IV,34642,24659,33.75,
78.4392,-67.1853,4.83,1.28,K2.5IIIa,34649,24372,167.5,
103.3871,-20.2242,4.83,-0.21,B1IV,50707,33092,,
107.2129,-39.6558,4.83,-0.18,B2IV-V,54893,34495,230.41,
125.3458,-33.0544,4.83,1.45,K2.5II-III,70555,40945,257.07,
139.0471,54.0219,4.83,0.19,A5V,79439,45493,36.3,
155.5817,-41.6500,4.83,1.12,K1III,89998,50799,61.5,
171.1525,-10.8594,4.83,1.56,K5III,99167,55687,111.73,
212.5996,25.0917,4.83,0.54,F9IV w,123999,69226,36.67,
220.2871,13.7283,4.83,,A2III,129246,71795,55.34,
240.5738,22.8044,4.83,0.07,A3V,143894,78554,54.29,
250.2296,64.5892,4.83,1.22,K0III*,151101,81660,208.77,
267.2937,-31.7033,4.83,-0.04,B8V,161840,87220,186.22,
281.5187,26.6622,4.83,1.2,K3III,173780,92088,77.16,
283.5425,-22.7450,4.83,1.41,K2I+B9V:,174974,92761,,Ainalrami
284.2654,-5.8461,4.83,1.08,K2III,175751,93026,63.41,
299.7383,-26.1956,4.83,0.9,G6IIIBa0.2,189005,98353,104.38,
303.3250,46.8158,4.83,0.09,A5IIIn,192514,99639,219.78,
22.5463,6.1439,4.84,1.37,K4III,9138,7007,110.5,
30.9779,42.3308,4.84,0.03,B8V+A0V,12534,,,
39.8908,-11.8722,4.84,0.45,F5V+F6V,16620,12390,27.03,
41.3858,-67.6167,4.84,0.06,A2IV-V,17566,12876,90.42,
49.9975,65.6522,4.84,-0.15,B2.5Ven,20336,15520,245.7,
63.4850,9.2636,4.84,0.8,G5III+A7V?,26722,19740,113.9,
114.8642,-38.3083,4.84,-0.19,B2.5V,61831,37297,176.06,
122.1142,51.5067,4.84,0.05,A2V,67006,39847,66.84,
157.6567,55.9806,4.84,0.52,F8V,90839,51459,12.85,
158.7729,75.7131,4.84,0.96,G8.5III,91190,51808,78.86,
165.1400,3.6175,4.84,1.16,K1IIICN-0.5,95345,53807,104.82,
248.1513,11.4881,4.84,1.49,K7III,149161,81008,97.18,
312.2346,46.1142,4.84,0.41,B3Ia,198478,102724,,
316.1012,-19.8550,4.84,0.17,A5V,200499,104019,48.45,
331.4200,5.0586,4.84,1.44,K4III,209747,109068,80.78,
29.1675,-22.5269,4.85,1.42,K4III,11930,9061,122.25,
65.3883,46.4989,4.85,-0.03,B4IV,27396,20354,142.25,
112.4642,-23.0244,4.85,0.23,A5Ib,59612,36431,,
161.7133,-64.3833,4.85,-0.15,B3IV,93607,52736,137.74,
176.3212,8.2583,4.85,0.18,A4V,102124,57328,36.64,
195.8883,-49.5272,4.85,0.02,A0V,113314,63724,66.8,
198.0133,-37.8031,4.85,0.7,G3V,114613,64408,20.48,
245.5242,30.8919,4.85,0.97,K0III,147677,80181,56.31,
251.3242,56.7819,4.85,0.38,F2V,151613,82020,26.73,
288.8850,-25.2567,4.85,0.56,G8:III+A8V,179950,94643,101.11,
340.8750,-41.4144,4.85,1.03,K0III,215104,112203,67.98,
341.4079,-53.5003,4.85,1.18,K2IIICNIV,215369,112374,120.92,
346.6538,59.4197,4.85,-0.03,B0.5IV,218376,114104,338.98,
349.4363,49.0153,4.85,1.67,M2+IIIBa0.3,219734,115022,200.8,
18.9421,-68.8761,4.86,0.47,F6IV,7788,5896,20.43,
38.9688,5.5933,4.86,0.87,G8III,16161,12093,114.03,
78.3571,38.4844,4.86,0.18,A4Vm,33641,24340,49.8,
85.3238,16.5339,4.86,-0.13,B3IV,37711,26777,,
87.2542,24.5675,4.86,1.01,G8III,38751,27468,,
128.8317,-58.0092,4.86,1.0,K0III,73389,42134,70.37,
130.6062,-53.1139,4.86,-0.17,B3IV,74560,42726,147.06,
152.2346,-51.8111,4.86,-0.12,B3IV,88206,49712,332.23,
186.6288,-63.1225,4.86,-0.12,B4IV,108250,,,
214.9383,16.3069,4.86,1.23,K3III,125560,70027,58.41,
220.4117,8.1617,4.86,1.0,G7+IIIHdel -0.5,129312,71832,176.68,
229.4121,-63.6106,4.86,1.25,K2.5III,135291,74837,114.42,
269.1975,-44.3422,4.86,1.21,K2III,163145,87846,106.5,
275.2171,3.3772,4.86,0.91,G8III,168656,89918,82.58,
296.5904,-19.7611,4.86,0.93,K1III,186648,97290,62.81,
359.6683,-3.5561,4.86,0.93,G9III,224533,118209,68.59,
34.2633,34.2242,4.87,0.61,G0.5V,13974,10644,10.85,
47.9846,74.3936,4.87,0.02,A2Vnn,19275,14862,49.63,
63.5988,-10.2564,4.87,1.17,K3III,26846,19777,63.29,
88.2787,-33.8014,4.87,-0.15,B5V,39764,27810,104.71,
101.5588,59.4417,4.87,0.08,A3V,48250,32438,70.13,
169.5454,31.5292,4.87,,G0V,98230,,,
199.3042,-66.7836,4.87,1.5,K2Ib-II,115211,64820,,
256.2058,-34.1228,4.87,0.26,B1Ia,154090,83574,,
263.0667,55.1731,4.87,0.28,A4m,159560,85829,30.64,
265.8575,-21.6833,4.87,0.47,F6V,160915,86736,17.54,
281.0808,-35.6419,4.87,-0.18,B2.5V,172910,91918,138.31,
284.6154,-52.9386,4.87,-0.05,A0V,175510,93148,162.87,
284.6808,-37.1075,4.87,0.41,F2V,175813,93174,29.91,
356.7646,58.6519,4.87,1.11,K1IIIa,223165,117301,52.97,
20.5850,45.5289,4.88,1.08,K0-IIIb,8207,6411,59.95,Adhil
49.5921,-22.5114,4.88,0.9,G6III,20610,15382,78.19,
72.4775,37.4883,4.88,1.44,K3.5IIIBa0.2:,30504,22453,161.81,
81.9087,21.9369,4.88,-0.15,B2.5IV,35708,25539,,
116.5308,18.5100,4.88,1.45,K4III-IIIb,62721,37908,104.71,
130.4304,-15.9433,4.88,1.06,G9.5III,74137,42662,62.58,
148.5513,-25.9325,4.88,1.23,K2+III-IIIb,85859,48559,102.99,
190.4712,10.2356,4.88,0.09,A0V,110411,61960,36.9,
239.5475,-14.2794,4.88,-0.1,B5IIIp,142983,78207,157.23,
263.0442,55.1842,4.88,0.26,A6V,159541,85819,30.34,
269.4487,-41.7161,4.88,1.65,M0III,163376,87936,167.79,
309.3971,-61.5300,4.88,0.43,F5Del Del,195961,101773,59.77,
339.8154,39.0503,4.88,-0.2,O9V,214680,111841,,
359.7521,55.7550,4.88,-0.07,B1V,224572,118243,,
2.8163,-15.4681,4.89,0.49,F7V,693,910,18.89,
12.2088,50.9683,4.89,-0.11,B9III,4636,3801,119.47,
36.4875,-12.2906,4.89,-0.03,B9.5Vn,15130,11345,162.07,
48.7254,21.0444,4.89,-0.01,A1V,20150,15110,104.28,
108.3058,-45.1831,4.89,-0.02,A0pSi,56022,34899,55.65,
129.9271,-29.5611,4.89,0.9,G4III,73898,42483,72.31,
133.8812,-27.6819,4.89,0.11,A3IV,76483,43825,69.44,
157.8408,-53.7156,4.89,0.5,F6V,91324,51523,21.87,
159.3071,-27.4125,4.89,1.62,M2III,92036,51979,147.06,
240.8508,-38.6025,4.89,-0.14,B6IV,143699,78655,161.55,
254.0071,65.1347,4.89,0.48,F6V,153597,82860,15.09,
296.0692,37.3544,4.89,0.95,G7+III,186675,97118,85.47,
309.1817,-2.5500,4.89,1.6,K5II,196321,101692,,
312.3708,-46.2269,4.89,1.52,K5III,198048,102790,124.07,
21.4050,-14.5989,4.90,1.23,K2.5IIIb,8705,6670,88.42,
38.4612,-28.2325,4.90,-0.05,B9.5V,16046,11918,139.08,
94.9983,-2.9444,4.90,1.6,M1III,44131,30093,155.28,
104.4046,45.0942,4.90,0.03,A2Vn,50973,33485,69.01,
107.9138,39.3206,4.90,1.45,K4III-IIIa,54716,34752,142.45,
114.7913,34.5842,4.90,0.4,F3III,61110,37265,48.5,Jishui
177.9633,-65.2061,4.90,-0.11,B4V,103079,57851,103.73,
193.3242,21.2450,4.90,0.9,G8III+F6V,112033,62886,99.4,
195.0687,30.7850,4.90,1.17,G9IIICH-2Fe1Ca1,112989,63462,,
249.6871,48.9283,4.90,1.55,M2.5IIIab,150450,81497,115.34,
280.8804,-8.2753,4.90,1.12,G8IIb,173009,91845,160.26,
293.8042,-48.0992,4.90,1.09,K0III,184127,96341,122.1,
312.4921,-33.7797,4.90,1.0,G7III,198232,102831,116.69,
323.6942,38.5342,4.90,1.08,K0.5III,205512,106551,78.37,
343.8071,8.8158,4.90,0.0,A1V,216735,113186,86.58,
40.5621,40.1939,4.91,0.59,F9V,16739,12623,24.68,
67.9696,-0.0439,4.91,1.32,K3II-III,28749,21139,,
75.3567,-20.0519,4.91,-0.05,B9.5Vn,32309,23362,64.1,
85.6192,1.4747,4.91,1.17,K1III,37984,26885,92.59,
87.3871,12.6511,4.91,-0.07,B9IV,38899,27511,83.33,
96.2246,49.2881,4.91,1.97,K5-M0Iab-Ib,44537,30520,,
159.6458,-16.8767,4.91,0.92,G8IIIFe-0.5,92214,52085,68.87,
176.6296,-40.5006,4.91,0.66,G3V,102365,57443,9.24,
179.9054,-78.2219,4.91,-0.06,B9Vn,104174,58484,111.73,
192.6717,-33.9994,4.91,-0.04,A0IV,111597,62683,119.19,
207.4283,21.2642,4.91,1.43,K4III,120539,67480,112.87,
212.7104,-16.3019,4.91,1.72,M2IIIa,123934,69269,166.11,
214.5575,-81.0078,4.91,0.25,A2m,123998,69896,42.81,
228.6554,-31.5192,4.91,0.37,F1II,135153,74604,,
247.1171,-70.0844,4.91,0.55,F9V,147584,80686,12.11,
256.3446,12.7408,4.91,0.12,A4IV,154494,83613,44.09,
307.4125,-2.8856,4.91,1.15,K2III,195135,101101,58.55,
311.2188,25.2706,4.91,1.18,K2III,197752,102388,111.86,
329.1629,63.6256,4.91,1.77,M2Iaep+B8Ve,208816,108317,,
352.5083,58.5489,4.91,-0.12,B3IV,221253,115990,176.37,
107.5571,-4.2372,4.92,1.03,K0III,54810,34622,64.72,
134.2433,-59.2294,4.92,-0.19,B2IV-V,77002,43937,190.48,
198.5617,-59.1033,4.92,0.48,F7IV,114837,64583,18.02,
198.4292,40.1528,4.92,1.06,G8IIIaCN0.5,115004,64540,160.26,
215.6542,-58.4594,4.92,0.86,G8III+F5V,125628,70264,,
221.2467,-35.1919,4.92,0.01,A0V,129685,72104,63.45,
225.2433,-8.5189,4.92,0.0,B9.5V,132742,73473,93.28,
241.3604,-19.8019,4.92,-0.02,B2V,144218,78821,,
283.3067,50.7083,4.92,0.9,G7IIIaFe-1,175535,92689,103.41,
298.9075,52.4389,4.92,0.12,A4Vn,189037,98055,88.5,
311.7950,34.3742,4.92,1.32,K3III,198134,102571,122.25,
332.5367,-32.5483,4.92,0.48,F6V,210302,109422,18.74,
44.7654,35.1831,4.93,1.23,K2III,18449,13905,107.41,
62.7108,-41.9936,4.93,0.33,A9V,26612,19515,53.73,
65.1025,34.5667,4.93,0.94,G8III,27348,20252,69.35,
91.2462,-16.4844,4.93,0.24,A2eShell,41511,28816,,
99.6567,-48.2203,4.93,0.87,G8III,47973,31765,133.69,
105.9737,-49.5839,4.93,0.13,A4IV,53811,34059,58.89,
119.9338,-3.6797,4.93,1.21,K2III,65695,39079,76.57,
132.4487,-45.3081,4.93,0.05,A2III,75710,43347,253.81,
157.7583,-73.2217,4.93,1.68,K4-5III,91496,51495,295.86,
190.4858,-59.6858,4.93,-0.04,B6IVe,110335,61966,317.46,
195.1825,56.3664,4.93,0.36,F2V,113139,63503,24.96,
226.8254,24.8692,4.93,0.43,F5V,134083,73996,19.72,
285.0038,32.1456,4.93,1.47,K2.5IIIBa0.5,176670,93279,,
286.6046,-37.0633,4.93,0.52,F8V,177474,93825,17.89,
302.3567,36.8397,4.93,-0.13,B2.5Ve,191610,99303,263.85,
355.9979,29.3617,4.93,0.95,K0III,222842,117073,71.89,
10.8671,47.0247,4.94,0.18,A5V,4058,3414,53.45,
25.1450,40.5769,4.94,-0.09,B8III,10205,7818,208.77,
33.0929,30.3031,4.94,0.78,G5III+F5V,13480,10280,93.63,
64.3150,20.5786,4.94,0.26,A3m,27045,19990,28.68,
74.8142,37.8903,4.94,0.04,A1V,31647,23179,48.78,
79.8192,22.0964,4.94,0.93,G8III,34559,24822,63.17,
113.9154,-52.5339,4.94,1.4,K3III,61248,36942,120.77,
115.0967,-15.2636,4.94,1.56,K3II,61772,37379,207.47,
120.8796,27.7942,4.94,1.12,K1.5III,66216,39424,78.99,
138.9029,-38.5700,4.94,1.11,K0III,79917,45439,69.01,
145.5600,-23.9156,4.94,0.53,F9IV,84117,47592,14.88,
148.7175,-19.0094,4.94,1.57,M1III,85951,48615,216.45,Felis
166.3329,-27.2936,4.94,0.36,F3IV,96202,54204,43.52,
175.2233,-62.0900,4.94,1.15,G3Ib,101570,56986,223.71,
188.6833,70.0219,4.94,1.31,K3III*,109551,61384,167.5,
192.9246,27.5406,4.94,0.67,G0III,111812,62763,94.16,
203.5329,3.6589,4.94,0.03,A1pSrCrEu,118022,66200,56.21,
220.1817,16.4183,4.94,-0.03,B9pMnHgSi,129174,71762,97.28,
221.5004,-25.4431,4.94,0.35,F2III-IV,129926,72197,30.43,
222.7542,-2.2992,4.94,0.98,G8III-IV,130952,72631,66.27,
231.0496,-10.3222,4.94,0.44,F5IV,137052,75379,32.36,
243.3696,-54.6306,4.94,1.04,G8III,145397,79509,134.23,
243.0000,-10.0642,4.94,0.09,A3IV,145570,79375,50.53,
248.5208,-44.0453,4.94,0.05,B0Ia,149038,81122,,
298.9654,38.4867,4.94,-0.08,B5IV,188892,98068,369.0,
301.8467,-52.8808,4.94,1.62,M1IIab,190421,99120,,
343.0083,43.3125,4.94,1.56,M0III,216397,112917,100.1,
351.7333,1.2556,4.94,0.03,A0pCrSi:Sr:,220825,115738,49.7,
1.1254,-10.5094,4.94,1.63,K3Ib,225212,355,,
25.4467,42.6136,4.95,0.62,G1.5V,10307,7918,12.64,
50.3604,43.3294,4.95,0.04,A3V,20677,15648,47.62,
65.0888,27.3508,4.95,1.15,K1III,27382,20250,104.93,
81.1867,1.8464,4.95,-0.2,B1Vpe,35439,25302,,
85.2108,-1.1289,4.95,-0.21,B2IV-V,37756,26736,,
90.4600,-10.5981,4.95,-0.12,B5III,40967,28574,,
93.0138,16.1306,4.95,-0.14,B5Vn,42545,29434,,
104.0667,-48.7211,4.95,1.69,M1III,51799,33357,325.73,
171.9842,2.8561,4.95,1.0,G7.5IIIa,99648,55945,190.48,
184.0854,23.9453,4.95,0.97,G8IIIFe-0.5,106714,59847,76.22,
186.6004,27.2683,4.95,0.27,F0p,108283,60697,83.89,
187.5279,69.2011,4.95,1.62,M3IIIa,108907,60998,178.25,
197.2638,-23.1181,4.95,1.05,K1III,114149,64166,70.72,
239.4475,54.7497,4.95,0.26,F0IV,143466,78180,33.82,
244.3762,75.7553,4.95,0.37,F5V,148048,79822,29.83,
275.0746,21.9614,4.95,1.59,M1III,168720,89861,130.55,
294.2229,-7.0275,4.95,0.0,B0.5III,184915,96483,,
297.7671,22.6100,4.95,-0.14,B2.5Ve,187811,97679,189.75,
303.5692,15.1975,4.95,0.08,A2V,192425,99742,47.08,
307.5146,48.9517,4.95,-0.09,B2.5IV,195556,101138,266.67,
344.1083,49.7336,4.95,1.78,K5Ib,216946,113288,,
356.5088,46.4203,4.95,1.11,G5Ib+A0V,223047,117221,,
18.7963,-45.5314,4.96,0.58,F8V,7570,5862,15.05,
112.7683,82.4114,4.96,1.66,M4IIIa,55966,36547,145.14,
110.5562,-19.0167,4.96,-0.04,B7IV,57821,35727,158.48,
185.0875,3.3125,4.96,1.16,K0-IIIbFe-1,107328,60172,87.49,
235.0704,-23.8181,4.96,1.33,K3IIICN1,139663,76742,116.96,
232.8538,77.3494,4.96,1.58,K5III,139669,76008,255.1,
250.3933,-17.7422,4.96,1.11,G7.5IICN1Ba0.4,150416,81724,119.9,
270.3767,21.5956,4.96,0.12,A5IIIn,164669,,,
277.9392,-45.9150,4.96,-0.11,B6IV,170465,90830,243.9,
289.4087,-18.9531,4.96,1.02,G8II-III,180540,94820,164.2,
298.9808,58.8461,4.96,1.59,K5II-III,189276,98073,281.69,
55.5938,33.9650,4.97,-0.01,B0.5V,22951,17313,,
60.3258,-61.0789,4.97,1.42,K4III,25728,18772,101.52,
67.1100,16.3597,4.97,1.13,K2III,28292,20877,59.59,
88.8746,-37.1208,4.97,1.11,K1III,40176,28010,100.7,
113.4496,-14.5239,4.97,1.41,M2Iabpe+B2V,60414,36773,,
118.3742,26.7658,4.97,0.09,A3V,64145,38538,78.0,
136.4933,5.0922,4.97,1.22,K2II-III,77996,44659,,
142.9863,11.2997,4.97,1.05,K0-III-IIIb,82395,46771,73.15,
156.0329,65.5664,4.97,-0.06,A0pSiSr:Hg:,89822,50933,92.25,
177.4858,-70.2258,4.97,1.4,G6Ib,102839,57696,,
202.4283,-23.2814,4.97,1.6,M7IIIe,117287,65835,,
207.4679,-18.1342,4.97,1.06,K0.5III-IIIb,120452,67494,74.18,
217.0433,-29.4917,4.97,-0.07,B8V,126769,70753,127.39,
272.9758,31.4053,4.97,1.65,M3III,167006,89172,184.5,
291.0317,29.6214,4.97,-0.1,B3IV,182568,95372,237.53,
303.6333,36.8064,4.97,0.14,A2V,192640,99770,41.03,
20.0204,58.2317,4.98,0.68,F0Ia,7927,6242,,
24.8375,44.3861,4.98,0.89,G8III,10072,7719,74.29,
32.3554,25.9397,4.98,0.33,F2III,13174,10053,98.14,
52.0129,49.0628,4.98,-0.09,B5V,21278,16147,174.83,
94.4783,61.5153,4.98,1.83,M3IIIab,42973,29919,180.83,
109.6679,-24.5589,4.98,-0.15,O7Ia:fp,57060,35412,,
130.0062,-12.4753,4.98,1.42,K4III,73840,42509,128.53,
202.1075,13.7789,4.98,0.71,G4V,117176,65721,18.11,
203.6992,37.1825,4.98,0.4,F2IV,118216,66257,44.52,
255.7825,14.0919,4.98,1.6,M3III,154143,83430,125.47,
272.9308,-23.7011,4.98,1.05,K0III,166464,89153,74.91,
275.9771,58.8006,4.98,0.08,A1V,170073,90156,57.77,
284.0608,4.2019,4.98,0.2,A5Vn,175639,92951,,
349.7404,-9.6108,4.98,-0.02,A0V,219832,115115,76.34,
351.2096,62.2828,4.98,1.68,M1III,220652,115590,236.41,
353.4883,31.3253,4.98,1.38,K4IIIb,221673,116310,168.07,
25.6812,-3.6903,4.99,1.38,K3II-III,10550,7999,,
29.0000,68.6853,4.99,-0.1,B8III,11529,9009,215.05,
44.6992,-64.0714,4.99,0.13,A3-5IIIm:,18866,13884,96.15,
81.1633,37.3856,4.99,1.42,K4III,35186,25292,157.48,
81.1058,17.3833,4.99,0.53,F8V,35296,25278,14.66,
88.7117,55.7069,4.99,0.05,A2V,39283,27949,73.86,
102.7183,-34.3672,4.99,1.38,K5III,50235,32855,277.78,
105.7283,-4.2392,4.99,-0.2,B1V,52918,33971,,
111.4121,9.2761,4.99,1.01,G6.5IIb,58367,36041,,
115.7517,58.7103,4.99,0.08,A3IVn,61497,37609,72.73,
123.3333,-15.7883,4.99,1.07,G5II,68752,40259,,
127.3650,-44.7250,4.99,-0.16,B2IV,72127,41639,,
155.7421,-66.9017,4.99,-0.13,B8V,90264,50847,131.75,
165.1867,6.1014,4.99,0.16,A5III,95382,53824,46.27,
170.7067,43.4828,4.99,0.99,G7.5IIIa:Ba0.3,98839,55560,150.83,
191.2825,45.4403,4.99,2.54,C7I,110914,62223,217.86,La Superba
239.8762,-41.7444,4.99,1.0,K0II-III,143009,78323,116.41,
240.3608,29.8511,4.99,-0.07,A0p:Hg:,143807,78493,107.64,
244.2538,-50.0683,4.99,0.8,F9Ia,146143,79790,,
283.7796,-22.6714,4.99,1.33,K3II-IIIBa0.8CN2,175190,92845,82.85,
286.6046,-37.0633,4.99,0.52,F8V,177475,,,
288.4800,57.7050,4.99,1.16,K2III,180610,94490,49.65,
296.6067,33.7278,4.99,0.47,F7V,187013,97295,20.86,
301.0817,-32.0564,4.99,1.21,K1III,190056,98842,99.5,
332.1083,-34.0439,4.99,1.48,M1III,210066,109289,161.81,
55.5621,-31.9383,5.00,-0.16,B5IV,23227,17304,224.72,
59.2846,61.1089,5.00,1.45,K3I-II+A3V:,24480,18488,,
76.6692,51.5978,5.00,0.33,F0V,32537,23783,26.22,
76.8625,18.6450,5.00,0.65,G4V,32923,23835,15.87,
80.7083,3.5444,5.00,-0.15,B1V,35149,25142,,
104.0275,-14.0436,5.00,1.18,G5III+A2,51250,33345,,
108.3429,16.1589,5.00,1.66,M4IIIab,55383,34909,214.59,
137.7683,-44.8681,5.00,0.23,B5Ia,79186,45085,,
144.3029,6.8358,5.00,1.05,K1III,83240,47205,69.2,
160.7671,69.0761,5.00,1.38,K3III-IIIb,92523,52425,130.72,
170.8029,-36.1647,5.00,1.46,K6III,98993,55588,,
184.1254,33.0614,5.00,1.14,K0.5IIIb,106760,59856,93.9,
184.7488,-55.1431,5.00,1.59,M1III,107079,60059,116.96,
186.7471,26.8256,5.00,0.08,A4V,108382,60746,86.51,
230.5346,-47.9278,5.00,0.5,F8V,136351,75206,34.16,
240.8358,-25.8653,5.00,1.22,K5III,143787,78650,64.98,
242.0187,17.0469,5.00,0.95,G8III,145001,79043,119.05,Marsic
246.9958,68.7681,5.00,-0.06,A0III,149212,80650,150.6,
260.0788,18.0572,5.00,1.62,M2IIIab,157049,84833,144.93,
271.8700,43.4617,5.00,0.91,G8IIICN-1CH-3,166208,88788,111.36,
293.6454,19.7733,5.00,-0.09,B8IIIn,184606,96275,186.57,
297.2446,19.1422,5.00,0.1,A3V,187362,97496,100.1,
319.6133,43.9458,5.00,-0.01,O7.5III:n((f)),203064,105186,,
345.0213,56.9453,5.00,1.42,G40,217476,113561,,
354.9462,-14.2217,5.00,0.24,F0IV,222345,116758,41.02,
359.3967,-64.2983,5.00,0.06,A1V,224392,118121,48.71,
35.7179,-73.6458,5.01,1.09,K1III,15248,11095,97.47,
69.7233,-12.1231,5.01,0.07,A2IV,29573,21644,69.74,
93.9371,-13.7183,5.01,-0.08,B9Vn,43445,29735,114.94,
92.8125,-65.5894,5.01,1.62,M2.5III,43455,29353,205.76,
112.4529,27.9161,5.01,1.11,K2III,59148,36429,117.51,
118.0654,-34.7053,5.01,0.44,F5V,64379,38423,18.02,
128.6817,-49.9442,5.01,1.33,K1-2II,73155,42088,268.82,
143.3021,-21.1158,5.01,1.02,K0IV,82734,46880,102.46,
143.5367,-51.2553,5.01,-0.18,B1.5IV,83058,46950,285.71,
205.4363,-54.5600,5.01,-0.05,B8Vn,118991,66821,82.99,
205.4033,-8.7031,5.01,1.63,M1.5III,119149,66803,140.25,
209.1425,27.4919,5.01,1.42,K3III,121710,68103,198.81,
213.0658,2.4094,5.01,-0.12,A0VpSi,124224,69389,80.32,
285.3600,46.9347,5.01,0.19,A7V,177196,93408,39.15,
290.1371,-5.4158,5.01,0.92,G8III-IV,181391,95066,47.24,
313.6400,28.0575,5.01,1.48,K4III,199169,103200,226.76,
324.2375,40.4136,5.01,0.18,A5V,205835,106711,63.33,
326.9342,-30.8983,5.01,0.04,A2V,207155,107608,103.84,
335.3796,12.2053,5.01,-0.13,B2IV-Ve,212076,110386,,
0.5829,-29.7203,5.01,-0.15,B4III,224990,183,156.25,
75.5408,-26.2750,5.02,1.07,K1III,32436,23430,74.35,
78.8517,32.6878,5.02,0.23,A9IVDel Del,33959,24504,82.37,
91.8817,-37.2531,5.02,-0.11,B9IV,42167,29034,233.64,Elkurud
100.7708,44.5244,5.02,1.48,K5III,47914,32173,93.81,
102.6912,41.7814,5.02,1.27,K3III,49520,32844,111.73,
158.2371,-47.0033,5.02,1.04,K4III,91504,51635,,
186.4621,39.0186,5.02,0.96,G9III,108225,60646,69.69,
188.7825,18.3769,5.02,1.15,K2III,109511,61418,,
229.2746,71.8239,5.02,1.37,K4III,136726,74793,119.47,
232.7325,40.8331,5.02,1.59,K4.5IIIbBa0.4,138481,75973,267.38,
232.9458,40.8994,5.02,0.07,A5V,138629,76041,131.75,
246.3967,-23.4472,5.02,0.24,B2IV,147933,80473,120.92,
267.2679,50.7811,5.02,0.02,A2V,162579,87212,66.53,
281.2079,2.0600,5.02,-0.06,B9V,173370,91975,144.72,
299.4875,-15.4914,5.02,0.05,A3IV,188899,98258,89.45,
318.3354,-70.1264,5.02,1.58,M1-2III,201371,104755,272.48,
2.5804,46.0722,5.03,0.4,F2II,571,841,,
17.0038,43.9419,5.03,0.11,A3m,6658,5317,60.2,
31.6412,22.6483,5.03,0.11,A2m,12869,9836,57.47,
34.7375,28.6425,5.03,0.04,A2V,14252,10793,107.41,
49.0508,50.9378,5.03,1.15,G6Ib-IIa,20123,15219,255.75,
49.7817,50.0950,5.03,-0.06,B5V,20418,15444,147.49,
59.3563,63.0722,5.03,-0.09,B9.5V,24479,18505,103.63,
67.2092,13.0475,5.03,0.23,A7V,28355,20901,49.19,
72.5483,-16.2172,5.03,0.98,K0III,30814,22479,74.63,
76.2417,-49.5778,5.03,1.49,K5III,33042,23649,145.35,
80.0037,33.9581,5.03,0.27,A5II,34578,24879,,
89.7679,-9.5583,5.03,0.19,A6IIIm vs,40536,28325,100.7,
109.2062,-36.5928,5.03,-0.17,B2IV-V,56779,35226,294.12,
110.8688,25.0506,5.03,0.9,G8III,57727,35846,47.24,
163.9350,33.5069,5.03,1.1,K1III,94600,53426,75.02,
175.8800,-62.4894,5.03,0.8,G00-IaFe1,101947,57175,,
223.2129,-37.8033,5.03,-0.16,B7IIIp,131120,72800,117.79,
238.3338,-20.1672,5.03,-0.01,B2.5V,142096,77811,109.29,
255.4696,-32.1436,5.03,-0.1,B8V,153613,83336,150.6,
259.6542,10.8644,5.03,1.55,K4II-III,156681,84671,211.86,
273.4742,64.3972,5.03,0.38,F5V,168151,89348,23.5,
291.3188,-24.5086,5.03,0.23,Am,182369,95477,67.66,
292.6658,-2.7889,5.03,1.75,M1III,183630,95937,154.08,
297.6571,52.9881,5.03,1.28,K3IIICN1,188056,97635,58.96,
329.8125,73.1800,5.03,0.44,F5V,209369,108535,37.5,
339.4392,-4.2281,5.03,1.14,K2III,214376,111710,71.84,Situla
26.5262,-53.5219,5.04,0.04,A1V,10939,8241,57.01,
30.5754,54.4875,5.04,-0.08,B8III,12303,9505,226.76,
90.8146,-26.2844,5.04,1.34,K3III,41312,28675,118.91,
94.1108,12.2722,5.04,0.42,F5IV-V,43386,29800,19.61,
116.4871,-14.5639,5.04,0.33,F0V,62952,37891,72.46,
173.2254,-31.0872,5.04,1.58,M2IIIb,100393,56332,138.89,
181.1937,-76.5192,5.04,1.49,K4III,104902,58905,135.14,
198.0146,-16.1986,5.04,0.46,F5III-IV,114642,64407,32.55,
247.1604,41.8817,5.04,1.52,M6-III,148783,80704,110.74,
252.9387,24.6564,5.04,1.25,K0.5IIIaCa0.5,152326,82504,232.56,
267.3625,76.9628,5.04,0.49,F6IV-V s,163989,87234,32.12,
271.7563,30.5619,5.04,0.52,F7V,165908,88745,15.65,
280.6579,55.5394,5.04,-0.09,B9.5pHg:,173524,91755,111.61,
309.6329,24.1161,5.04,-0.14,B5IV,196740,101868,151.29,
312.5204,44.0594,5.04,0.2,A4mDel Del,198639,102843,42.25,
327.4612,30.1742,5.04,-0.03,A1V s,207650,107763,92.76,
332.8779,59.4144,5.04,0.25,O6I(n)fp,210839,109556,,
356.5979,3.4867,5.04,2.6,C5II,223075,117245,,
356.9783,67.8069,5.04,-0.01,A1Vn,223274,117371,91.24,
69.9779,53.0797,5.05,1.07,K0III,29317,21727,151.98,
70.5146,-37.1444,5.05,0.37,F1V,29992,21861,27.65,
80.6396,79.2311,5.05,0.47,F6V,33564,25110,20.98,
91.7642,-62.1547,5.05,1.25,K2-3III,42540,28991,120.77,
92.9658,-6.5503,5.05,-0.2,B2V,42690,29417,,
109.6329,49.4650,5.05,0.08,A4IIIn,56169,35384,91.16,
112.3350,28.1181,5.05,0.11,A4V,59037,36393,50.0,
114.8692,17.6747,5.05,1.56,K5IIIFe-0.5,61338,37300,163.13,
121.6683,-45.2664,5.05,1.5,K3III,67582,39690,380.23,
129.7833,-22.6619,5.05,0.73,G6IV,73752,42430,19.92,
148.1267,-8.1050,5.05,0.04,A1V,85558,48437,80.19,
164.8667,40.4303,5.05,0.61,G1-VFe-0.5,95128,53721,14.08,Chalawan
201.2796,-74.8878,5.05,1.11,K0III,116244,65468,68.92,
262.9912,68.1350,5.05,1.08,K0III,159966,85805,66.58,
275.3863,49.1217,5.05,1.66,M2IIIab,169305,89981,231.48,
290.7129,-54.4236,5.05,0.02,A0Vn,181296,95261,47.66,
300.3400,50.1047,5.05,1.11,K1II-III,190147,98571,131.58,
309.7825,10.0861,5.05,0.72,G2IV,196755,101916,30.06,
312.8754,-51.6083,5.05,1.13,K1II-III,198308,102950,173.91,
350.0858,5.3814,5.05,1.2,K2III,220009,115227,104.6,
7.0121,17.8931,5.06,1.65,M3III,2411,2219,150.38,
48.1933,-1.1961,5.06,0.57,F8V,19994,14954,22.38,
61.1133,59.1556,5.06,0.5,F0II,25291,19018,,
80.4425,-24.7731,5.06,0.67,G7II-III+A7IV-V,35162,25045,90.17,
92.1842,-68.8433,5.06,-0.08,B8V,43107,29134,84.89,
96.9900,-4.7622,5.06,-0.17,B2V,45546,30772,,
104.6046,-34.1117,5.06,-0.16,B3V,52092,33558,233.1,
115.7383,-45.1733,5.06,0.78,G6IV,62644,37606,24.14,
145.0767,-14.3322,5.06,-0.15,B5V,83754,47452,157.98,
202.3550,-51.1653,5.06,0.07,A1V,117150,65810,154.56,
215.5946,-80.1089,5.06,-0.1,B4V,124771,70248,168.92,
229.8283,1.7653,5.06,0.54,F8III-IV,136202,74975,24.72,
271.5079,22.2189,5.06,1.58,M3-IIIZrO 0+,165625,88657,188.68,
281.0850,39.6700,5.06,0.16,A4V,173582,91919,49.75,
295.6296,-16.1239,5.06,0.33,F1III,186005,96950,53.56,
295.2092,45.5250,5.06,0.4,F5II-III,186155,96825,48.76,
349.2121,-7.7267,5.06,1.6,M3III,219576,114939,196.46,
355.8433,10.3314,5.06,1.68,M2III,222764,117020,,
12.2446,16.9406,5.07,0.51,F8V,4676,3810,23.92,
12.1475,-74.9233,5.07,1.37,K5III,4815,3781,62.74,
57.0679,11.1433,5.07,-0.13,B3V+F5V,23793,17771,173.31,
67.7088,-44.9539,5.07,-0.19,B2IV-V,28873,21060,217.86,
69.7883,15.7997,5.07,0.15,A4m,29479,21673,46.53,
75.0862,81.1939,5.07,1.28,K3III,30338,23265,105.71,
78.8513,-26.9433,5.07,-0.1,B9V,34310,24505,83.47,
81.9121,34.4758,5.07,1.4,K3IIICN+2,35620,25541,122.85,
101.9046,-8.9983,5.07,1.8,M1+Ib-IIa,49331,32558,,
115.1271,87.0200,5.07,1.63,M2IIIab,51802,37391,153.14,
124.5788,-65.6133,5.07,1.15,K1III,70514,40680,90.83,
142.9900,9.7158,5.07,1.37,K2.5IIIbFe-0.5,82381,46774,147.93,
213.7375,-57.0858,5.07,-0.08,B4Vne,124367,69618,149.03,
234.8446,36.6358,5.07,-0.12,B7V,139892,,,
241.0921,-11.3731,5.07,,F5IV,144069,,,
258.8367,-26.6014,5.07,0.85,K0V,155886,,,Guniibuu
278.0083,-45.7572,5.07,-0.14,B3III,170523,90853,,
301.7225,23.6144,5.07,-0.18,B3V,190993,99080,149.7,
9.0346,54.1686,5.08,-0.11,B7III,3240,2854,155.04,
76.5354,58.9725,5.08,-0.08,B2.5Ve,32343,23734,205.76,
81.1204,-0.8914,5.08,0.96,G9III-IVFe-1,35410,25282,52.83,
83.8454,-5.4161,5.08,-0.09,O9.5Vp,37041,26235,,
116.8542,-38.5111,5.08,-0.1,B2.5III,63465,38010,,
123.4933,-36.3225,5.08,-0.19,B1.5IV,69081,40321,361.01,
147.4879,-45.7328,5.08,-0.1,B7III,85355,48224,262.47,
151.5471,-47.3700,5.08,0.88,K1IV+G5V,87783,49485,79.18,
158.5037,-23.7453,5.08,1.6,K4III,91550,51718,194.17,
158.7000,6.9536,5.08,0.94,G8.5IIIFe-1Ca-1,91612,51775,97.75,
159.0846,-59.5647,5.08,1.18,K1III,92063,51912,82.37,
160.8542,23.1883,5.08,0.04,A3Vn,92825,52457,63.61,
165.2100,39.2122,5.08,0.24,F0V s,95310,53838,123.61,
172.1463,-42.6742,5.08,-0.03,B9V,99803,56000,191.57,
213.1917,-27.2611,5.08,1.16,K3III,124206,69415,70.32,
249.0571,52.9244,5.08,-0.04,B9V,150117,81292,121.65,
257.6762,-44.5575,5.08,0.86,G8-K0III+G,154948,84033,92.0,
257.3888,40.7772,5.08,1.28,K3III,155410,83947,85.25,
284.3354,-20.6564,5.08,0.13,A0II,175687,93057,,
328.3242,-13.5517,5.08,0.37,F1III,207958,108036,27.66,
328.2658,25.9250,5.08,-0.17,B3Ve,208057,108022,156.99,
338.9421,73.6431,5.08,0.39,F3III-IV,214470,111532,56.5,
341.0229,41.8192,5.08,0.96,K0III,215373,112242,84.1,
349.7779,-13.4589,5.08,0.8,G5IV,219834,115126,20.74,
350.7692,12.3139,5.08,1.31,K3III,220363,115444,101.21,
358.1221,19.1203,5.08,1.6,M2.5IIIb,223768,117718,134.05,
8.1825,-63.0311,5.09,0.04,A0V,3003,2578,46.47,
50.6883,20.7419,5.09,1.24,K3III,20893,15737,97.75,
52.5008,55.4519,5.09,0.05,A1V,21447,16292,58.58,
57.2967,24.1367,5.09,-0.08,B8Vpe,23862,17851,118.76,Pleione
92.5600,-74.7531,5.09,0.72,G6V,43834,29271,10.15,
119.3267,-44.1097,5.09,-0.17,B2.5IV,65551,38872,393.7,
126.9021,-53.0886,5.09,0.25,A9-F0III-IV,71935,41483,62.46,
147.1475,46.0211,5.09,0.62,G0.5Va,84737,48113,18.43,
157.5729,-0.6369,5.09,-0.14,B6V,90994,51437,105.71,
170.8412,-18.7800,5.09,0.42,F5III,98991,55598,43.86,
201.5325,-39.7553,5.09,1.2,K0.5III:Ba3,116713,65535,63.57,
229.2363,-60.9575,5.09,-0.06,O8.5V,135240,74778,,
238.8733,-68.6031,5.09,1.13,G5IIa,141767,77982,,
286.7442,11.0714,5.09,-0.07,B8III,178125,93867,155.52,
326.2512,-9.0825,5.09,1.11,G8II-III,206834,107382,,
29.3379,17.8175,5.10,0.92,K1p,11909,9110,202.02,
55.5388,63.2167,5.10,1.63,S3.5/2,22649,17296,159.49,
62.5117,80.6986,5.10,0.56,G8III+A6V,25007,19461,105.93,
72.8437,18.8397,5.10,0.21,A7IV-V,30780,22565,57.9,
98.4079,-1.2203,5.10,-0.14,B5Vn,46487,31278,164.47,
108.3850,-44.6397,5.10,1.56,M5IIIe,56096,34922,60.75,
110.4867,20.4436,5.10,1.52,M0IIIab,57423,35699,131.41,
111.5913,-51.0183,5.10,1.06,K0III,59219,36114,172.41,
132.6396,-46.5292,5.10,-0.21,B0III,75821,43413,,
163.3937,54.5850,5.10,1.36,K3III,94247,53261,207.47,
184.0008,14.8989,5.10,0.06,A3V,106661,59819,60.64,
199.2212,-31.5061,5.10,0.96,K1III,115310,64803,75.7,
216.0471,5.8200,5.10,0.12,A5V,126248,70400,46.38,
272.2204,20.0453,5.10,0.15,A8III,166230,88899,98.43,
275.5775,-38.6569,5.10,1.49,K4-5III,168592,90037,154.32,
283.6796,-15.6031,5.10,0.17,B5II,175156,92814,,
289.6354,1.0853,5.10,1.15,K2II-III,180972,94885,116.82,
301.2896,19.9911,5.10,1.06,K2III,190608,98920,49.58,
310.0125,-18.1386,5.10,1.66,M2III,196777,101984,,
324.8888,2.2436,5.10,1.04,K0III,206067,106944,73.8,
335.0062,-80.4397,5.10,1.47,M5III,210967,110256,82.3,
334.1108,-41.6275,5.10,0.92,G8III,211202,109973,73.48,
345.6513,42.7578,5.10,0.09,A3Vn,217782,113788,107.18,
0.4558,-3.0275,5.10,-0.12,B7III-IV,224926,145,125.31,
28.5917,-42.4969,5.11,-0.06,A3V,11753,8882,94.79,
44.3221,31.9342,5.11,-0.01,B9pSi,18296,13775,118.62,
45.9033,-59.7378,5.11,0.34,F0IV,19319,14240,42.25,
57.3858,33.0914,5.11,0.07,A3V,23848,17886,91.24,
58.4121,-34.7322,5.11,-0.13,B6V,24626,18213,108.81,
68.5483,-8.2314,5.11,1.7,M3III,29064,21296,246.91,
87.4733,-66.9011,5.11,-0.14,B6V,39844,27534,156.99,
109.6592,-36.7428,5.11,-0.16,B2IVne,57219,35406,256.41,
119.7738,-23.3106,5.11,1.12,cK2,65699,39023,240.96,
141.5754,-53.3792,5.11,-0.11,B6V,81848,46283,129.53,
143.4717,-80.9414,5.11,-0.14,B5V,83979,46928,165.29,
170.8408,-64.9550,5.11,-0.08,B5V,99104,,,
177.1879,-26.7497,5.11,1.6,M4+III,102620,57613,146.2,
224.1833,-62.7808,5.11,0.0,B4Vnpe,131492,73129,255.75,
233.8125,39.0100,5.11,1.64,M1.5III-IIIb,139153,76307,175.13,
237.8150,-3.0906,5.11,0.12,A3Vnp,141851,77660,48.85,
258.8375,-26.6028,5.11,0.86,K1V,155885,84405,5.99,
292.6887,27.9653,5.11,-0.1,B8Ve,183914,95951,115.34,
297.7567,10.4156,5.11,0.55,F8V,187691,97675,19.39,
308.4796,-44.5161,5.11,1.01,K0III,195569,101477,66.23,
312.1217,-43.9886,5.11,0.35,F1IV,197937,102693,41.07,
325.0462,43.2739,5.11,1.6,M1IIIab,206330,106999,124.07,
331.2871,62.2800,5.11,0.08,O9.5Ib,209975,109017,,
345.8742,-34.7494,5.11,0.29,F0V+F3V,217792,113860,28.59,
358.0267,-82.0189,5.11,0.92,G7III,223647,117689,81.97,
3.6150,-7.7806,5.12,1.62,M3+III,1014,1158,191.94,
5.4429,-20.0578,5.12,1.82,M5IIe,1760,1728,237.53,
22.4004,-21.6294,5.12,0.02,A1V,9132,6960,67.93,
65.9663,9.4608,5.12,0.07,A3V,27820,20522,121.51,
76.6904,-4.6550,5.12,-0.06,B9V+A1V,32964,23794,85.84,
77.1817,-4.4561,5.12,0.44,F2V,33256,23941,25.01,
103.4258,68.8883,5.12,-0.13,B7III,49340,33104,306.75,
121.2688,13.1181,5.12,0.01,A1V,66664,39567,64.56,
139.0962,-44.2658,5.12,1.67,K3Ib,80108,45505,,
143.4354,-49.0050,5.12,-0.12,B4IV,82984,46914,,
160.4858,65.7164,5.12,1.2,K2III,92424,52353,68.59,
191.6612,16.5775,5.12,1.35,K3III,111067,62356,98.72,
215.8446,8.4467,5.12,-0.02,A0V,126129,,,
221.2467,27.0750,5.12,,A2V,129988,72105,64.31,
239.2229,-33.9664,5.12,0.12,A3V,142629,78105,61.16,
240.3096,17.8183,5.12,0.99,G8IIIbFe-0.5,143666,78481,94.52,
260.2258,24.4994,5.12,-0.03,A2V,157198,84887,141.84,
261.0542,-44.1625,5.12,-0.06,B7III,157243,85162,232.02,
267.2050,25.6228,5.12,1.16,K2III,162211,87194,62.74,
275.2542,28.8700,5.12,0.2,A7V,168914,89935,84.82,
276.0575,39.5072,5.12,0.03,A3IVn,169702,90191,135.32,
287.9187,56.8592,5.12,1.01,G8III,180006,94302,104.49,
293.7804,-10.5603,5.12,1.13,G9IIIa,184492,96327,136.24,
297.6417,38.7225,5.12,1.69,M2IIIa,187849,97630,196.85,
310.0108,-60.5489,5.12,0.53,F8V,196378,101983,24.2,
347.3812,8.6772,5.12,1.47,M4IIIS+A2V,218634,114347,,
9.1942,44.4886,5.13,1.6,K5-M0III,3346,2900,201.21,
18.6000,-7.9231,5.13,0.46,F5V,7439,5799,24.38,
83.8187,-5.3897,5.13,0.02,O6p,37022,26221,,
105.9083,10.9517,5.13,1.39,K3III,52960,34033,227.79,
110.5108,36.7606,5.13,1.08,K0III,57264,35710,71.94,
114.3196,-4.1111,5.13,0.44,F6III,61064,37088,62.07,
123.4008,-46.9919,5.13,-0.14,B2.5IV,69144,40285,297.62,
126.4783,7.5644,5.13,0.94,G7II-IIIFe-1,71115,41325,110.13,
138.5858,61.4233,5.13,0.58,F9V,79028,45333,19.56,
167.1417,-61.9472,5.13,0.22,B9Ia,96919,54461,,
172.9421,-59.4422,5.13,1.08,G30-Ia,100261,56243,,
188.9396,-41.0219,5.13,0.22,A7III,109536,61468,34.58,
228.6596,67.3467,5.13,0.53,F9IV,136064,74605,25.31,
242.7583,-29.4164,5.13,1.12,K3III,145250,79302,78.31,
251.6667,-67.1097,5.13,-0.08,ApSi,150549,82129,191.94,
280.9454,-38.3236,5.13,0.09,A2Vn,172777,91875,61.92,
287.2908,76.5606,5.13,0.31,A9V,180777,94083,27.29,
300.4362,-59.3761,5.13,1.53,M6III,189124,98608,132.98,
335.3983,-21.5983,5.13,1.07,K2III,212010,110391,56.15,
359.7325,-52.7458,5.13,1.13,K0III,224554,118234,78.74,
30.4267,-44.7136,5.14,1.49,K5III,12524,9459,114.16,
37.0071,-33.8111,5.14,0.1,A2V,15427,11477,46.84,
52.6021,11.3364,5.14,-0.03,A0Vn,21686,16322,127.88,
81.5804,-58.9125,5.14,1.0,G6III,36189,25429,143.27,
90.8638,19.6906,5.14,-0.11,B8III,41040,28691,,
94.4237,-16.8158,5.14,1.3,K3III,43827,29895,173.91,
102.7379,67.5719,5.14,-0.17,B4IV,48879,32864,265.96,
102.4775,-46.6147,5.14,0.45,F5V,50223,32765,25.21,
105.2146,-51.4025,5.14,1.61,M1III,53047,33779,189.39,
107.6979,-48.9322,5.14,1.24,K2III,55526,34670,95.88,
116.8762,33.4156,5.14,1.6,M1IIIa,62898,38016,172.41,
117.9250,1.7669,5.14,-0.12,B8II,63975,38373,128.87,
125.0163,27.2178,5.14,0.47,F6V,69897,40843,18.13,
137.0983,66.8733,5.14,1.51,K5III,77800,44857,152.91,
137.3396,22.0456,5.14,0.97,G9IIIFe-1CH-0.5,78515,44946,116.69,Nahn
149.4212,41.0556,5.14,0.46,F6V s,86146,48833,28.89,
183.0496,77.6164,5.14,0.33,A5m,106112,59504,33.67,
185.2321,-13.5656,5.14,1.05,K1III,107418,60221,60.2,
214.8854,-2.2656,5.14,1.02,G9III,125454,70012,84.03,
243.8137,-47.3722,5.14,-0.13,B8V,145842,79653,90.42,
277.8596,-18.4028,5.14,0.0,A0Vp,170680,90806,65.36,
278.7600,-10.9772,5.14,0.92,G8III,171391,91105,88.89,
281.0954,39.6131,5.14,0.19,A8Vn,173607,91926,49.16,
284.6517,-60.2006,5.14,1.37,K2IIICNIV,175329,93163,158.23,
298.3225,57.5236,5.14,-0.13,B5V,188665,97870,195.69,
311.6612,16.1244,5.14,0.49,F7V,197963,102531,31.56,
331.5083,45.0144,5.14,1.57,K5III,209945,109102,189.75,
38.0258,36.1472,5.15,1.47,K5III,15656,11784,120.05,
49.6575,50.2222,5.15,-0.06,B3V,20365,15404,161.81,
97.8458,-12.3917,5.15,1.27,K3III,46184,31084,105.15,
132.9867,43.7267,5.15,0.98,K0III,75506,43531,83.96,
166.8192,-42.6386,5.15,0.03,ApSrCrEu,96616,54360,86.96,
172.9533,-59.5158,5.15,0.49,A2Ia,100262,56250,,
174.2525,-61.2833,5.15,1.12,K0III,101021,56656,70.87,
174.5304,-61.8264,5.15,-0.02,ApHgMn,101189,56754,91.07,
180.9150,-42.4342,5.15,0.41,F6V,104731,58803,24.2,
185.5304,-67.5219,5.15,0.19,A5V,107566,60320,102.99,
199.5604,49.6819,5.15,-0.07,A0V,115735,64906,84.39,
206.7350,-36.2519,5.15,-0.02,A0V,119921,67244,131.41,
208.6754,-1.5031,5.15,1.08,K2III,121299,67929,77.88,
209.6296,-24.9722,5.15,-0.1,B8VpShell,121847,68269,104.06,
222.6717,-15.9972,5.15,0.41,F4IV,130819,72603,23.66,
226.3296,-41.0672,5.15,1.01,G8III,133340,73826,112.61,
233.6554,-28.0469,5.15,1.3,K4III,138688,76259,113.12,
251.4579,8.5825,5.15,1.53,K5III,151217,82073,107.53,
266.0362,-51.8342,5.15,0.7,G3IV-V,160691,86796,15.28,Cervantes
288.4279,2.2936,5.15,-0.07,B8II-III,179761,94477,196.46,
291.5379,36.3178,5.15,-0.12,B9pSi,183056,95556,200.4,
303.8758,23.5086,5.15,1.04,G3Ib-II,192713,99853,,
310.4879,-66.7608,5.15,-0.06,B9III,196519,102157,257.73,
316.1792,-77.0239,5.15,0.49,A7III+G2III,199532,104043,45.31,
17.7783,31.4247,5.16,0.23,F0V,7034,5544,171.82,
19.4500,3.6144,5.16,0.07,A3V,7804,6061,67.43,
39.5083,72.8183,5.16,0.88,G8III,15920,12273,78.55,
123.8162,-62.9158,5.16,0.09,A2V,69863,40429,74.24,
130.9179,-49.8228,5.16,-0.2,B0IIIn,74753,42834,,
134.8504,-59.0836,5.16,0.42,F3V,77370,44143,26.18,
153.3775,-66.3731,5.16,0.21,Am,88981,50083,93.11,
158.7904,57.0828,5.16,0.34,F1V,91480,51814,26.46,
194.2683,-51.1986,5.16,-0.06,B8-9V,112409,63210,147.06,
229.0167,-41.4911,5.16,0.58,G5Ia+B,135345,74707,,
268.3254,40.0081,5.16,1.18,K1IIIbCN-1,163217,87563,111.48,
269.7717,-30.2531,5.16,1.77,M1Ib,163755,88060,,
278.0892,-39.7039,5.16,0.08,A3Vn,170642,90887,67.43,
286.5829,-52.3408,5.16,0.53,F7V,177171,93815,52.44,
291.2425,11.9444,5.16,0.77,G8IVHdel 1,182572,95447,15.15,
291.3692,19.7986,5.16,0.98,K0III,182762,95498,72.57,
309.8537,0.4864,5.16,1.06,K1III,196758,101936,75.02,
316.3092,-54.7272,5.16,1.21,K2III,200365,104085,106.95,
320.7233,6.8111,5.16,0.05,A3V,203562,105570,110.38,
343.1004,9.8356,5.16,0.48,F7IV,216385,112935,26.85,
347.9342,8.7200,5.16,0.13,A5Vn,218918,114520,77.58,
7.0571,44.3944,5.17,0.03,A2V s,2421,2225,81.17,
17.0683,54.9203,5.17,0.69,G5Vb,6582,5336,7.55,
35.5892,55.8456,5.17,0.37,A2Ia,14489,11060,,
44.1558,-3.7122,5.17,0.08,A1Vn,18331,13717,57.87,
65.9200,-3.7456,5.17,0.08,A2V,27861,20507,63.86,
86.4996,-32.3064,5.17,-0.28,O9.5V,38666,27204,,
87.7217,-52.1089,5.17,0.99,G8III,39640,27621,81.1,
104.9604,-67.9161,5.17,1.4,K3III,53501,33682,88.81,
106.0763,-56.7497,5.17,-0.04,A0pSi,54118,34105,86.58,
115.9246,-40.9339,5.17,1.1,K1III,62713,37664,66.09,
117.9429,-13.8981,5.17,0.6,G0V:,64096,38382,16.67,
119.4658,-45.5778,5.17,1.27,K2III,65685,38917,92.0,
119.9067,-60.5869,5.17,1.74,M1.5IIa,66342,39070,320.51,
126.3792,-51.7281,5.17,-0.16,B2Ve,71510,41296,206.61,
145.7383,72.2525,5.17,1.04,K0III,83506,47654,135.5,
171.4300,-63.9728,5.17,0.5,F7V,99453,55779,27.43,
174.8725,-65.3978,5.17,0.8,G2III+A0V,101379,56862,172.12,
193.6533,-57.1683,5.17,-0.12,B5Vne,112091,63005,110.74,
226.2008,-64.0317,5.17,0.93,G8III,132905,73776,81.97,
231.4475,15.4281,5.17,1.66,M1III,137471,75530,,
232.1592,1.8422,5.17,0.23,A8IV,137898,75761,37.48,
233.6108,-9.1833,5.17,-0.09,B6IV,138764,76243,107.53,
283.1650,-52.1075,5.17,0.94,G8-K0III,174295,92646,89.85,
294.1579,44.6950,5.17,0.93,G9IIIbFe-0.5,185351,96459,40.58,
294.7983,5.3978,5.17,0.03,B3V+B3V,185507,96665,209.21,
304.6629,34.9828,5.17,0.65,F5Ib,193370,100122,,
313.9029,13.7214,5.17,1.12,K0III,199253,103294,145.35,
325.7667,72.3203,5.17,1.05,K0III,207130,107230,75.82,
5.2804,37.9686,5.18,0.42,F5III,1671,1686,48.97,
5.3800,-28.9817,5.18,1.0,G5III,1737,1708,95.24,
25.7329,70.6225,5.18,-0.04,B9V,10250,8016,86.06,
41.2400,12.4458,5.18,0.24,A7III-IV,17093,12832,38.24,
77.9233,16.0456,5.18,1.49,K5III,33554,24197,98.52,
84.9342,25.8969,5.18,-0.15,B3IV,37438,26640,151.98,
105.6033,24.2153,5.18,0.94,G5IIa-Ib,52497,33927,,
116.6637,37.5175,5.18,1.58,M2IIIb,62647,37946,100.1,
117.4217,-17.2283,5.18,1.28,K3III,63697,38211,77.7,
134.7179,-47.2347,5.18,0.25,Am,77140,44093,67.7,
160.8871,46.2039,5.18,0.33,F5III,92787,52469,35.65,
169.3225,2.0106,5.18,1.52,M0III-IIIb,98118,55137,125.16,
179.0037,-17.1508,5.18,-0.02,A0V,103632,58188,87.57,
181.9575,-75.3669,5.18,1.3,K2II-III,105340,59151,134.23,
186.0771,26.0986,5.18,0.08,A3V,107966,60514,87.18,
270.3746,21.5953,5.18,0.95,G8III,164668,88267,144.3,
290.7121,26.2625,5.18,-0.12,B6III,182255,95260,123.46,
303.5604,28.6947,5.18,0.18,A7IVn,192518,99738,100.3,
316.6029,-32.3417,5.18,1.1,K2III,200763,104174,108.46,
319.8425,64.8719,5.18,-0.04,B3IVe,203467,105268,331.13,
325.3871,-14.0475,5.18,0.65,G1V+G0V,206301,107095,32.54,
356.8167,-50.2267,5.18,-0.19,B3V,223145,117315,181.49,
357.8388,-18.9089,5.18,-0.14,B9pSiSrCr,223640,117629,98.43,
7.5946,-23.7878,5.19,0.12,A5Vn,2696,2381,55.31,
12.5317,-10.6444,5.19,0.5,F7IV-V,4813,3909,15.46,
36.1037,50.0067,5.19,0.98,G8III,14770,11220,115.07,
64.1796,53.6119,5.19,0.05,A2Vn,26764,19949,108.23,
73.6954,11.4261,5.19,0.12,A3V,31283,22833,73.86,
82.9704,-76.3411,5.19,1.13,K2III,37763,25918,30.84,
100.4850,-9.1672,5.19,1.53,M0III,48217,32064,115.87,
111.0354,40.6722,5.19,1.23,K1+IIIaCN1,57669,35907,,
129.9900,-53.0550,5.19,-0.14,B4IV,74146,42504,131.41,
196.9742,-10.7403,5.19,1.14,K2III,114038,64078,93.81,
236.6667,62.5994,5.19,0.04,A2IV,141653,77277,83.33,
299.9800,37.0428,5.19,-0.17,B3IVe,189687,98425,,
339.6625,63.5844,5.19,0.06,A3IV,214734,111797,98.04,
8.8121,-3.5928,5.20,0.56,F8V,3196,2762,21.05,
35.6358,-23.8164,5.20,0.6,G0Va,14802,11072,21.93,
61.6517,27.6000,5.20,-0.13,B9pSi,25823,19171,151.52,
76.8917,-63.3997,5.20,1.65,M3III,33684,23840,192.31,
88.7408,59.8883,5.20,0.02,A2V,39220,27971,124.22,
93.7121,19.1564,5.20,0.44,F6V,43042,29650,21.13,
96.8075,0.2992,5.20,1.18,K1II,45416,30717,,
99.7050,39.9025,5.20,-0.07,B8III,47100,31789,232.56,
101.1183,-31.0706,5.20,-0.12,B2IIIe,48917,32292,,
105.4850,-5.7222,5.20,1.68,M2III,52666,33878,209.21,
106.0117,-42.3372,5.20,0.2,Am,53704,34081,96.71,
108.9788,59.6375,5.20,1.07,K2III,55280,35146,59.24,
125.3375,-36.4844,5.20,-0.19,B2IV-V,70556,40943,,
130.0804,-40.2642,5.20,-0.01,B9V,74067,42540,85.98,
129.7717,-70.3869,5.20,0.01,A0V,74405,42425,73.31,
134.3121,15.3228,5.20,0.15,A5III,76543,43970,49.04,
134.8858,32.4186,5.20,0.93,G8III,76813,44154,98.14,
146.6321,57.1281,5.20,1.62,M3IIIab,84335,47965,170.65,
174.0117,69.3228,5.20,1.01,K0III,100696,56583,74.13,
223.8942,-60.1142,5.20,1.16,K2III,131342,73036,52.99,
226.6567,-16.2569,5.20,1.58,K5-III,133774,73945,234.74,
237.6738,15.1336,5.20,,M7IIIe,141850,77615,,
245.5892,33.7992,5.20,1.6,M2IIIab,147749,80197,170.36,
247.7058,-61.6336,5.20,1.23,K0II-IIICNIb-II,148291,80874,205.34,
259.5029,-24.2869,5.20,1.1,K0II-III,156349,84626,111.36,
281.8708,-5.7050,5.20,1.47,K0Ibp,173819,92202,,
307.8767,74.9547,5.20,0.07,A0pSrCrEu,196502,101260,127.88,
338.6733,-20.7083,5.20,0.44,F4IV,213845,111449,22.74,
350.6633,-15.0392,5.20,0.2,A3Vp,220278,115404,72.73,
16.9496,-41.4869,5.21,0.16,A3IV,6767,5300,60.68,
40.1650,-54.5500,5.21,0.4,F4IV,16920,12484,48.8,
91.0563,-6.7092,5.21,-0.06,B2Ven,41335,28744,,
96.7037,58.4172,5.21,1.53,K4III,44708,30679,209.21,
100.6013,17.6453,5.21,0.06,A2V,48097,32104,42.72,
122.3996,-44.1228,5.21,-0.19,B2IV-V,68217,39961,348.43,
132.4646,-32.7806,5.21,0.87,G5III,75605,43352,70.13,
157.3696,-2.7392,5.21,-0.06,B9.5V,90882,51362,92.0,
180.5283,43.0456,5.21,0.26,F0Vam,104513,58684,33.92,
185.1404,-22.2158,5.21,-0.1,B8Vne,107348,60189,118.06,
203.2421,-10.1650,5.21,0.96,K0III,117818,66098,80.91,
221.7554,-52.3836,5.21,0.98,G8III,129893,72290,79.49,
276.8021,0.1961,5.21,0.5,G0III+A6V,169985,90441,146.84,
316.7275,38.7458,5.21,1.18,K5V,201091,104214,3.48,
339.6579,56.7958,5.21,1.58,M4+III,214665,111795,131.75,
12.6717,-50.9869,5.22,0.36,F2III,4919,3949,76.57,
31.3800,76.1150,5.22,0.95,G8III,12339,9763,130.72,
42.3229,17.4642,5.22,-0.06,B6V,17543,13165,184.84,
63.6512,10.0111,5.22,-0.1,B9Vn,26793,19799,145.35,
89.7067,0.5531,5.22,0.01,A1V s,40446,28296,112.61,
96.0429,-11.5303,5.22,1.24,K3III,44951,30457,128.87,
97.3688,-56.8528,5.22,1.09,K0III,46355,30932,95.79,
101.9150,48.7894,5.22,1.12,K0III,48781,32562,130.04,
111.9350,21.4450,5.22,0.39,F5V+F5V,58728,36238,34.04,
133.9154,27.9275,5.22,1.0,G8II-III,76219,43834,176.06,
171.3725,-36.0631,5.22,0.99,K0III,99322,55756,85.91,
175.4333,-32.4997,5.22,1.48,K5III+F7V,101666,57047,131.75,
191.4046,7.6733,5.22,0.33,F0IIIm,110951,62267,74.85,
197.4971,17.5294,5.22,0.45,F5V,114378,64241,,Diadem
197.4971,17.5294,5.22,,F5V,114379,,,
198.9950,-19.9431,5.22,1.03,K1III-IV,115202,64725,38.94,
199.1938,9.4242,5.22,0.59,G0V s,115383,64792,17.95,
243.4621,-11.8375,5.22,1.42,K3III,145897,79540,134.59,
252.8904,-41.2306,5.22,0.07,O8Iaf,151804,82493,,
284.2567,32.9014,5.22,0.59,F9V,176051,93017,14.98,
287.2496,6.0733,5.22,0.35,F0III-IV,178596,94068,43.55,
300.5058,24.9381,5.22,0.36,F2III,190004,98636,64.81,
309.8183,-14.9547,5.22,-0.12,B6III,196662,101923,,
352.8225,39.2364,5.22,1.02,K0III,221345,116076,76.39,Veritate
7.5304,29.7517,5.23,0.24,A7III,2628,2355,56.75,
20.2808,28.7381,5.23,1.39,gK5,8126,6315,105.37,
30.5117,2.7636,5.23,,A3m,12446,9487,42.64,
44.6750,-2.7825,5.23,0.0,A2IV,18543,13874,98.04,
51.1687,64.5861,5.23,2.08,M0II,20797,15890,,
54.0725,-17.4669,5.23,-0.13,B9.5p,22470,16803,145.14,
61.7521,29.0014,5.23,0.34,F1V,25867,19205,27.58,
69.4004,-2.4733,5.23,0.28,F0V,29391,21547,29.76,
80.4517,41.8044,5.23,-0.15,B3V,34759,25048,196.85,
97.9513,11.5444,5.23,0.15,A3V,46089,31119,64.77,
116.8812,-46.6086,5.23,-0.14,B1.5IV,63578,38020,,
122.4300,-47.9375,5.23,-0.21,B1IVe,68324,39970,282.49,
130.4871,-45.4108,5.23,0.21,B6Iae,74371,42679,,
135.4358,-52.1883,5.23,-0.12,B9Si,77653,44337,134.05,
149.7179,-35.8911,5.23,0.31,F1III-IV,86629,48926,32.61,
161.6238,-64.2633,5.23,-0.07,B7IV,93549,52701,131.58,
161.7396,-56.7572,5.23,-0.08,B8-9IIIe,93563,52742,168.07,
168.1883,-64.1697,5.23,-0.06,B8V,97583,54767,96.34,
214.9646,-61.2731,5.23,0.29,Am,125158,70035,48.33,
237.5729,2.1964,5.23,1.02,G8III,141680,77578,80.65,
246.9312,-7.5981,5.23,1.72,M3-III,148349,80620,155.52,
261.5000,-50.6336,5.23,1.06,G8III,157457,85312,122.1,
263.7479,61.8750,5.23,0.61,G0Va,160269,86036,14.09,
284.7738,13.6225,5.23,0.53,F8V,176303,93203,47.64,
286.8567,32.5017,5.23,0.34,F0V,178449,93917,40.58,
314.7683,4.2936,5.23,0.46,F6IV,199766,103569,,
11.1850,-22.0061,5.24,0.33,F1III-IV,4247,3505,27.84,
18.4329,7.5753,5.24,0.32,A7IV,7344,5737,45.27,Revati
25.6242,20.2686,5.24,0.84,K1V,10476,7981,7.47,
49.5537,-62.5064,5.24,0.6,G1V,20807,15371,12.08,
56.9150,-23.8747,5.24,0.07,A2,23878,17717,83.47,
65.4721,-63.3864,5.24,0.96,G8III,28093,20384,116.55,
98.0888,-37.6967,5.24,1.0,G8III,46568,31165,83.68,
119.8683,-39.2972,5.24,0.39,F5III,65925,39061,57.87,
136.9367,10.6681,5.24,-0.11,B8IIIpMn,78316,44798,148.37,
139.1738,-6.3531,5.24,1.17,K2III,79910,45527,85.47,
154.4075,-8.0689,5.24,0.31,F2III,89254,50414,55.99,
161.4663,30.6822,5.24,-0.06,A1Vn,93152,52638,115.74,
163.3729,-20.1389,5.24,0.47,F6V,94388,53252,31.34,
193.8687,65.4386,5.24,0.28,F0V,112429,63076,28.84,Taiyi
213.0167,69.4325,5.24,1.58,M2IIIab,124730,69373,136.61,
221.9367,-26.0875,5.24,0.94,G5III,130259,72357,101.63,
232.3512,-46.7328,5.24,1.74,K4III,137709,75828,,
234.4567,40.3533,5.24,0.88,G7III-IVFe-2,139641,76534,50.0,
235.6596,-37.4250,5.24,0.98,G8-K0III,139980,76939,83.06,
251.9433,5.2467,5.24,-0.02,B9pCr:,151525,82216,141.04,
270.7704,-8.1806,5.24,0.38,F2V,164765,,,
281.9358,-40.4061,5.24,0.78,G5-6III,173540,92226,120.48,
282.4171,-20.3247,5.24,1.41,K4III,174116,92390,,
304.2304,40.3650,5.24,1.65,K3.5IIab-IIb,193092,99968,306.75,
318.9079,-20.6517,5.24,1.17,gG9,202320,104963,211.86,
322.3625,46.5406,5.24,0.97,K0-III,204771,106093,68.59,
325.5033,-23.2628,5.24,0.95,G9III,206356,107128,75.87,
332.9533,56.8394,5.24,0.51,F8V,210855,109572,37.0,
345.8871,67.2092,5.24,1.26,K3III,218029,113864,117.92,
356.0504,-18.2769,5.24,-0.08,B9Vn,222847,117089,101.63,
2.9333,-35.1331,5.25,0.44,F4V,739,950,21.81,
3.0417,-17.9383,5.25,1.48,K5III,787,983,187.62,
25.5358,-32.3269,5.25,1.05,K0III,10537,7955,66.58,
37.8754,2.2672,5.25,1.27,K3III,15694,11738,145.99,
56.1271,-1.1631,5.25,-0.1,B7V,23363,17457,200.4,
80.8758,-13.9272,5.25,-0.21,B2IV,35337,25202,,
101.6846,43.5775,5.25,0.56,G0V,48682,32480,16.51,
109.6400,-39.2103,5.25,0.01,A1V,57240,35393,143.88,
112.0087,6.9419,5.25,0.22,F0III,58923,36265,107.76,
113.0246,1.9144,5.25,0.22,F0III,59881,36641,241.55,
113.4021,15.8267,5.25,0.05,A1Vn,60107,36760,115.07,
138.6021,-43.2275,5.25,-0.14,B4V,79735,45344,170.65,
144.5904,40.2397,5.25,0.22,F0V,83287,47300,38.39,
163.1288,-57.2406,5.25,0.16,B9Ia,94367,53154,,
173.9817,-47.6417,5.25,0.25,A7m,100825,56573,58.0,
196.4354,35.7989,5.25,-0.08,B9V,113797,63901,86.58,
197.8467,-43.3689,5.25,1.05,K1-2III,114474,64348,67.75,
201.6800,-12.7078,5.25,1.52,M0III,116870,65581,154.8,
208.0200,-52.8117,5.25,-0.09,B9V,120642,67703,111.23,
212.0721,49.4581,5.25,1.65,M1.5III,123782,69068,170.65,
226.5696,54.5564,5.25,0.96,G7.5IIIFe-1,134190,73909,79.81,
245.4529,69.1094,5.25,1.12,K2III,148293,80161,90.17,
247.6400,20.4792,5.25,1.29,G8IIICN-2CH-1,148897,80843,232.56,
253.6487,-6.1539,5.25,1.08,K2III,152601,82730,76.1,
255.4017,33.5683,5.25,0.02,A3IV,154029,83313,90.5,
260.8171,-47.4683,5.25,-0.11,B2IIIne,157042,85079,221.24,
264.5233,-54.5003,5.25,0.2,A5IV-V,159492,86305,42.18,
276.0758,-44.1103,5.25,-0.19,B2.5Vn,168905,90200,160.77,
275.7042,17.8267,5.25,1.27,K3III,169191,90067,133.69,
282.4704,32.5508,5.25,0.08,A3V,174602,92405,72.99,
306.8300,-18.2117,5.25,-0.07,B8II-III,194636,100881,204.08,
340.3692,40.2256,5.25,-0.14,B2III,214993,112031,,
29.9083,64.6214,5.26,0.01,A0Vn,11946,9312,78.8,
42.2562,-62.8067,5.26,0.1,A2V,17848,13141,50.68,
46.0683,-7.6008,5.26,0.2,A8V,19107,14293,43.07,
57.5788,25.5794,5.26,0.21,A2V+A5V,23985,17954,58.96,
65.1512,15.0953,5.26,0.22,F0V,27459,20261,47.17,
68.5487,-8.9703,5.26,1.47,K4III,29065,21297,201.61,
83.9146,-4.8558,5.26,0.24,F0III,37077,26268,113.64,
101.8392,-37.9297,5.26,-0.08,B9IV,49591,32537,101.52,
128.8142,-58.2250,5.26,-0.14,B3V+B3Vn,73390,42129,294.99,
139.5242,-51.0511,5.26,-0.07,B7-8III,80456,45631,132.1,
149.5558,12.4447,5.26,-0.04,B9IV,86360,48883,162.34,
157.7692,82.5586,5.26,0.37,F2V,90089,51502,21.49,
175.1962,21.3528,5.26,0.98,K1III,101484,56975,71.23,
180.2133,-19.6589,5.26,-0.2,B1.5V,104337,58587,,
228.6217,29.1642,5.26,0.03,A2V,135502,74596,69.44,
234.1233,10.0100,5.26,0.95,K0III:CN1Ba0.7Sr2,139195,76425,71.99,
299.2758,-58.9014,5.26,-0.01,B9.5IV,188162,98174,92.51,
318.2629,-39.4253,5.26,0.44,F5IV+F6V,201772,104738,33.38,
341.8879,-19.6133,5.26,0.94,G7III,215721,112529,81.57,
22.5258,47.0072,5.27,1.0,K0III,9057,6999,88.81,
33.2004,21.2108,5.27,0.43,F5V,13555,10306,30.13,
46.6396,-6.0886,5.27,1.6,M3III,19349,14456,163.93,
65.1679,65.1406,5.27,0.81,G5IIb,27022,20266,102.04,
71.0879,-59.7328,5.27,0.2,A8-9III-IV,30478,22040,68.21,
87.0008,6.4542,5.27,0.23,A5V,38710,27386,,
94.9283,-7.8231,5.27,-0.19,B2.5V,44112,30073,,
97.4546,-50.2392,5.27,0.41,F2V,46273,30953,51.73,
98.8004,28.0222,5.27,-0.03,A0Vnn,46553,31434,136.99,
99.4483,-32.3397,5.27,1.18,K2III,47536,31688,121.36,
102.8875,21.7611,5.27,-0.02,A2V,49908,32921,162.34,
116.0175,50.4339,5.27,0.0,A0IIIn,61931,37701,211.42,
129.4675,-26.2550,5.27,-0.04,A0V,73495,42334,74.13,
138.9579,56.7414,5.27,1.56,K5III,79354,45455,208.77,
138.5750,-55.5697,5.27,0.99,G8II-III,79846,45328,195.69,
148.9292,49.8200,5.27,0.07,A3III,85795,48682,68.26,
176.7317,55.6283,5.27,1.27,K2.5IIIbCN1Ca1,102328,57477,63.29,
211.9825,43.8544,5.27,1.59,M4.5:III,123657,69038,142.65,
245.1117,-78.6672,5.27,1.41,K3III,145388,80057,203.25,
246.9887,-64.0581,5.27,0.36,F4IV,147787,80645,40.4,
274.7946,24.4461,5.27,1.53,K3III:Ba0.4,168532,89773,,
281.4446,74.0856,5.27,0.92,K0II-III,174980,92056,102.67,
284.9396,26.2306,5.27,1.24,K2III,176527,93256,106.84,
295.6417,11.8267,5.27,0.57,G0:III+A3V,186203,96957,230.41,
300.3687,64.8211,5.27,1.56,M1III-IIIb,190544,98583,173.01,
331.2521,62.7856,5.27,1.41,K4III,209960,109005,97.56,
333.2942,86.1081,5.27,-0.03,B9.5Vn,212710,109693,78.43,
2.5087,-82.2239,5.28,1.05,G8III,636,814,74.35,
24.6288,73.0400,5.28,0.96,G8III,9774,7650,136.99,
33.2271,-30.7239,5.28,-0.02,B9V,13709,10320,101.83,
33.9842,33.3589,5.28,-0.01,A0V,13869,10559,89.85,
35.4858,0.3958,5.28,1.65,M2III,14652,11021,,
37.9187,-79.1094,5.28,0.98,G8III,16522,11757,89.45,
45.2175,52.3517,5.28,-0.05,B7V,18537,14043,,
50.3067,21.1469,5.28,-0.07,B5IV,20756,15627,141.64,
59.1521,50.6953,5.28,0.41,F5IV,24546,18453,40.8,
60.3833,-1.5497,5.28,-0.15,B5V,25340,18788,138.89,
66.3542,22.1997,5.28,0.25,A7V,27946,20641,44.15,
66.5263,31.4389,5.28,0.97,K1III,27971,20704,74.52,
80.8658,57.5444,5.28,-0.03,A0Vn,34787,25197,104.28,
109.7133,-26.5858,5.28,0.96,G2Ib,57146,35427,,
126.2654,-24.0461,5.28,1.48,K5III+K1III,71176,41260,155.28,
152.1775,-65.8153,5.28,0.98,K0III,88323,49698,104.71,
153.3450,-51.2333,5.28,0.25,A7V,88824,50070,49.85,
192.3067,83.4128,5.28,-0.03,A1IIIShell,112028,62572,93.02,
283.6954,-87.6058,5.28,1.28,K3III,164461,92824,76.57,
270.5962,20.8336,5.28,-0.09,B3IV,164852,88331,,
278.4908,-33.0167,5.28,-0.11,B2IV-V,171034,91014,,
286.8254,36.1003,5.28,-0.11,B6IV,178475,93903,255.1,
289.4542,11.5953,5.28,0.2,F0IV,180868,94834,129.53,
299.0596,11.4239,5.28,-0.01,A1IV,188728,98103,63.13,
304.8483,-19.1186,5.28,1.4,K3II,193150,100195,213.68,
318.9371,-15.1714,5.28,1.64,M3III,202369,104974,192.68,
355.6163,-15.4478,5.28,1.37,K4III,222643,116957,85.84,
17.6638,68.7786,5.29,-0.02,A0Vnn,6829,5518,97.47,
37.0417,29.6694,5.29,,F0III,15257,11486,47.6,
50.8050,49.2133,5.29,-0.07,B5V,20809,15770,191.57,
63.3879,7.7161,5.29,0.36,F2V+F5V,26690,19719,36.98,
70.7262,43.3650,5.29,0.0,A1Vn,29722,21928,83.19,
85.5629,-34.6678,5.29,-0.05,B9.5V,38170,26868,111.23,
86.9288,13.8997,5.29,-0.17,B2IV-V,38622,27364,,
88.7092,-52.6353,5.29,0.31,F0VDel Del,40292,27947,34.9,
99.1371,38.4453,5.29,2.61,C5II,46687,31579,,
101.7129,-14.4258,5.29,-0.04,B9III,49229,32492,196.85,
119.5858,2.2247,5.29,0.92,K0III,65345,38962,81.1,
125.5183,-73.4000,5.29,0.01,A0-1IV-V,71576,41003,109.17,
131.8125,-1.8972,5.29,0.04,A3V,74988,43142,104.06,
139.3558,-74.8944,5.29,0.02,A1V,80951,45581,221.24,
157.2192,-64.1722,5.29,1.86,M0III,91056,51313,,
176.4329,-45.6900,5.29,-0.12,B6III,102232,57371,239.81,
184.9529,48.9842,5.29,1.66,M0III,107274,60122,158.73,
187.2279,25.9128,5.29,-0.05,A1IVp,108662,60904,82.92,
213.7117,10.1006,5.29,1.0,K1III,124679,69612,78.19,
249.5017,56.0156,5.29,1.08,K1III,150449,81437,79.37,
255.7867,-53.2369,5.29,0.48,F6V,153580,83431,26.34,
261.7146,-45.8436,5.29,-0.07,B7V+B9.5V,157661,85389,183.82,
323.0246,-41.1792,5.29,1.1,K0III,204783,106327,117.51,
327.7262,-82.7192,5.29,0.75,G8-K0III,206240,107843,133.51,
326.5183,22.9489,5.29,1.41,K0IbHdel 0.5,207089,107472,,
327.5362,17.2856,5.29,0.37,F2III-IV,207652,107788,33.43,
330.9704,63.1197,5.29,1.58,M5IIIab,209772,108924,137.55,
336.1533,-72.2556,5.29,0.65,A3V:+F9V,211998,110618,28.9,
356.5038,-18.6781,5.29,0.28,F2III+F2V,223024,117218,65.06,
34.8200,47.3800,5.30,-0.01,A1V,14212,10819,78.31,
39.2604,34.2639,5.30,1.55,M4IIIe,16210,12193,,
40.1713,27.0608,5.30,0.09,A3V,16628,12489,71.58,
72.0012,56.7572,5.30,0.25,A3m,30121,22287,49.7,
76.9517,20.4183,5.30,0.09,A5V,32977,23871,53.19,
79.9962,-12.3156,5.30,-0.12,B7IVnn,34863,24873,101.73,
93.8546,16.1431,5.30,-0.14,B7V,43153,29704,147.06,
103.9450,-22.9414,5.30,-0.18,B3II-III,51283,33316,,
111.2425,11.6697,5.30,0.1,A5IV,58187,35987,97.28,
116.5675,10.7683,5.30,0.01,A1Vnn,62832,37921,95.79,
121.9408,21.5817,5.30,0.63,G1IVb,67228,39780,23.33,
171.6471,-61.1153,5.30,-0.08,B3IV,99556,55831,,
175.6183,66.7450,5.30,1.28,K3III,101673,57111,197.24,
178.6771,-25.7139,5.30,0.88,G4III,103462,58082,90.42,
223.5838,-24.6422,5.30,1.32,K2III,131430,72929,117.92,
299.9638,-34.6978,5.30,0.17,A4/5IV,189118,98421,48.05,
315.7417,-38.6317,5.30,0.41,F3V,200163,103882,35.31,
317.1400,-21.1936,5.30,0.01,A0V,201184,104365,58.62,
325.5646,5.6800,5.30,1.64,M2IIIab,206487,107151,160.0,
331.1975,-0.9067,5.30,0.23,A5m,209625,108991,70.92,
354.7846,50.4717,5.30,-0.06,B9V,222304,116709,119.62,
358.1546,10.9475,5.30,0.18,A4Vn,223781,117730,57.77,
14.0062,-11.2667,5.31,1.52,K4III,5437,4371,160.26,
26.4117,-25.0525,5.31,0.39,F1V,10830,8209,27.43,
33.4012,51.0658,5.31,0.93,G8III:,13530,10366,61.01,
39.3517,-52.5431,5.31,0.27,A6V,16555,12225,44.46,
53.1096,46.0569,5.31,0.4,F4III,21770,16499,36.42,
69.3071,0.9983,5.31,-0.12,B7V,29335,21515,,
70.6933,-50.4814,5.31,0.98,K0-1III,30185,21914,105.26,
75.6792,-71.3144,5.31,1.0,G8III,33285,23467,196.85,
84.4358,-28.6894,5.31,0.46,F4V,37495,26460,42.48,
86.6142,-46.5972,5.31,1.04,K0-1II,38871,27243,141.04,
91.9233,-19.1658,5.31,1.68,M2III,42042,29048,217.86,
108.0658,-40.4989,5.31,0.06,A3pSrEuCr,55719,34802,133.16,
116.0288,25.7842,5.31,1.54,K4-5III,62285,37704,182.48,
121.0675,-32.6750,5.31,1.91,M1Ib,66888,39487,,
132.3404,-3.4431,5.31,-0.09,B9pHgMn,75333,43305,134.23,
152.5246,-12.8161,5.31,0.36,F5V,88215,49809,27.31,
172.2675,39.3369,5.31,0.01,A2V,99787,56034,64.14,
183.5108,-45.7239,5.31,1.43,K3III,106321,59654,173.61,
190.7096,-63.0586,5.31,0.27,B1IIIe,110432,62027,301.2,
201.3079,-64.4853,5.31,0.4,F2III,116457,65479,39.29,
222.3296,-14.1489,5.31,0.07,A1pSrCrEu,130559,72489,72.15,
262.5992,-1.0625,5.31,0.72,G9IV-VHdel 1,158614,85667,16.45,
300.4683,-66.9442,5.31,1.22,K2IVCNII,188887,98624,71.89,
305.7946,5.3431,5.31,0.97,G8III-IV,194013,100541,75.59,
314.5683,22.3258,5.31,1.4,K3.5III,199697,103511,121.8,
321.8392,37.1167,5.31,-0.14,B3V,204403,105942,,
321.7150,48.8350,5.31,0.07,A6pCrEu:,204411,105898,119.47,
355.1592,-32.0731,5.31,0.97,K1III,222433,116820,89.13,
45.6763,-7.6853,5.32,0.94,K0II-III,18953,14168,79.05,
93.2129,65.7183,5.32,1.34,K1.5IIIbCN-0.5,41927,29490,196.85,
101.4971,-14.7961,5.32,0.07,A2V,49048,32411,122.1,
123.2033,68.4742,5.32,1.04,G7+II,67447,40215,,
138.4508,43.2178,5.32,-0.14,B8IIIpMn,79158,45290,175.75,
145.1771,-57.9836,5.32,0.2,A3IV,84121,47479,67.34,
147.9708,24.3953,5.32,0.23,A5IV,85376,48390,40.16,
168.9663,13.3075,5.32,1.2,K3III,97907,55016,146.63,
176.9787,8.2458,5.32,0.02,A1,102510,57562,58.93,
185.8975,-35.4128,5.32,-0.08,B9III,107832,60449,125.31,
193.9875,-56.8361,5.32,0.01,O9Ib,112244,63117,,
194.9796,66.5972,5.32,1.29,K2III,113092,63432,176.99,
216.2025,-24.8064,5.32,0.96,G8III,126218,70469,122.55,
223.9363,-33.8558,5.32,0.04,A0V,131625,73049,75.76,
253.2421,31.7017,5.32,0.29,F0-2V,152598,82587,30.03,
302.7996,-36.1011,5.32,0.87,K3V,191408,99461,6.05,
304.1963,24.6711,5.32,0.95,G8III,192944,99951,144.72,
333.5750,-21.0742,5.32,0.8,K0III+F2V,210960,109786,86.28,
336.2350,-57.7972,5.32,0.67,G3IV,212330,110649,20.49,
350.4788,31.8125,5.32,-0.11,B6III,220222,115355,,
353.3671,22.4989,5.32,1.6,M5IIIa,221615,116264,176.37,
10.2800,39.4586,5.33,0.89,G8III,3817,3231,105.6,
43.4275,38.3375,5.33,0.41,F4IV,17904,13490,72.1,
60.9358,5.4356,5.33,-0.08,B3V,25558,18957,,
73.3450,2.5081,5.33,1.64,M1III,31139,22730,195.69,
73.6992,7.7792,5.33,1.22,gK1,31296,22834,135.32,
93.9375,12.5511,5.33,-0.02,B9II-III,43247,29736,,
103.2712,59.4486,5.33,0.65,G4III+A2V,49618,33048,135.14,
111.1671,-16.2011,5.33,-0.05,B2.5IVe,58343,35951,,
113.7862,30.9611,5.33,1.01,K0III,60318,36896,92.76,
117.2571,-24.9122,5.33,0.76,G0III,63660,38146,98.43,
127.2696,-47.9292,5.33,-0.14,B2IV,72108,41616,,
128.1771,20.4411,5.33,1.25,K3III,72292,41909,95.6,
133.4613,-47.5208,5.33,0.26,A9IV-V,76360,43671,80.06,
139.2383,-39.4014,5.33,1.17,K5III-IV,80170,45544,108.93,
155.8721,-38.0100,5.33,0.25,A8V,90132,50888,40.49,
175.2625,34.2017,5.33,0.72,G8V,101501,56997,9.54,
198.5454,-19.9308,5.33,0.87,G6V,114946,64577,38.62,
199.3150,13.6756,5.33,1.31,K3III,115478,64823,91.41,
228.7975,4.9394,5.33,1.09,K0III,135482,74649,143.27,
235.4475,12.8475,5.33,0.04,A0pSr,140160,76866,70.03,
245.6167,-49.5722,5.33,-0.04,B6IV,147152,80208,170.65,
247.9237,-41.8169,5.33,0.33,B1Iae,148688,80945,,
258.1158,10.5853,5.33,1.59,M2IIIa,155644,84177,238.1,
274.2813,-56.0233,5.33,-0.05,B3IIIep,167128,89605,227.79,
287.4696,-68.4247,5.33,0.91,G8-K0III-IV,177389,94150,36.86,
297.9608,-39.8744,5.33,-0.06,A0pCrSr:,187474,97749,103.95,
333.1992,34.6047,5.33,1.13,K2-III-IIIb,210889,109654,78.49,
346.9137,46.3872,5.33,1.41,K5III,218452,114200,104.82,
16.4204,21.4733,5.34,-0.03,A1Vn,6456,5131,73.15,
26.4971,-5.7333,5.34,1.52,K4III,10824,8230,156.25,
64.8192,-44.2681,5.34,1.08,K2III,27588,20161,70.92,
76.9704,8.4983,5.34,0.33,Am,33054,23879,59.38,
79.7967,2.5958,5.34,0.41,F5II,34658,24817,60.72,
83.3808,-1.1561,5.34,-0.18,B1V,36695,26063,,
83.2483,-64.2275,5.34,1.04,G8-K0III,37297,26001,71.07,
138.8075,14.9414,5.34,1.32,K1III,79554,45410,215.05,
154.5317,-28.9919,5.34,0.24,A0Ib-IIp,89353,50456,,
161.5687,-64.5150,5.34,-0.1,B6V,93540,52678,143.06,
162.3142,10.5453,5.34,0.03,A2V,93702,52911,102.46,
182.0613,-48.6928,5.34,-0.01,B9V,105416,59184,180.83,
224.4704,-76.6628,5.34,1.45,K4III:,131109,73223,131.23,
270.7129,-24.2822,5.34,0.52,F3III,164584,88380,,
275.7212,-36.6694,5.34,-0.14,Ap,168733,90074,189.75,
277.7700,-32.9892,5.34,0.16,A3m,170479,90763,107.3,
288.1696,-7.9394,5.34,0.13,B3V,179406,94385,,
322.1871,-69.5053,5.34,1.55,M5III,203881,106044,121.51,
334.2004,-12.8314,5.34,1.14,gK0,211361,110000,148.37,
355.3937,-18.0272,5.34,1.57,K5III,222547,116889,179.21,
30.3113,-30.0017,5.35,0.88,G5III,12438,9440,85.4,
36.2246,-60.3119,5.35,0.39,F2III,15233,11258,49.02,
38.0392,-1.0350,5.35,1.02,gG3,15779,11791,81.5,
38.9450,34.6875,5.35,1.66,M3IIIa,16058,12086,,
56.4183,6.0500,5.35,-0.12,B3V,23466,17563,180.51,
64.8588,21.1422,5.35,-0.08,B9IV,27295,20171,81.97,
69.9921,53.4731,5.35,0.32,A8V,29316,21730,85.03,
83.1721,-1.5919,5.35,-0.19,B1IV,36591,25980,,
87.8417,-7.5181,5.35,-0.2,B2IV-V,39291,27658,,
93.9192,59.9992,5.35,1.34,K3III,42633,29730,152.91,
101.7062,57.1692,5.35,0.96,K0III,48432,32489,63.73,
108.5833,3.1114,5.35,1.19,K2II,55751,34987,,
111.1825,-31.8089,5.35,1.07,G8II,58535,35957,169.2,
118.9163,19.8839,5.35,-0.04,A0V s,64648,38722,104.06,
119.2413,-43.5003,5.35,-0.18,B2.5V,65460,38846,343.64,
127.8988,18.0944,5.35,1.56,K5III,72094,41822,151.52,
132.6450,-66.7931,5.35,0.42,F5IV,76143,43414,52.52,
143.0804,-40.6494,5.35,0.9,G8III,82694,46811,119.62,
145.9329,14.0217,5.35,1.63,M2IIIab,84194,47723,,
154.0600,29.3106,5.35,0.01,A0Vn,88960,50303,78.93,
181.1612,-68.3292,5.35,-0.01,A0IV,104878,58884,104.06,
187.4888,58.4058,5.35,0.2,A5Del Del,108844,60978,84.18,
230.2583,0.7153,5.35,1.19,K3III,136514,75119,74.74,
247.4263,-46.2433,5.35,0.56,B1.5Iape,148379,80782,,
253.8425,18.4333,5.35,1.41,K4III,152879,82802,108.81,
260.8400,-28.1431,5.35,1.55,K5III,157236,85084,183.82,
281.5925,75.4339,5.35,0.05,A1Vn,175286,92112,93.2,
293.6717,42.4128,5.35,0.05,A2V,184875,96288,156.99,
297.0050,-56.3625,5.35,0.2,A7III-IV,186543,97421,52.11,
313.4175,-39.8100,5.35,1.32,K2III,198716,103127,126.26,
333.0079,60.7594,5.35,1.17,K1III,210939,109592,114.42,
342.5954,-80.1242,5.35,-0.15,B6IV,215573,112781,136.05,
9.9817,21.4383,5.36,1.16,K0III+F3V,3690,3138,125.94,
15.7050,-46.3975,5.36,0.9,G8III,6245,4890,72.15,
61.0412,2.8269,5.36,0.5,F6IV,25621,18993,34.64,
83.5696,3.7669,5.36,0.05,A2V,36777,26126,105.82,
91.6462,38.4828,5.36,0.25,A4m,41357,28946,116.69,
92.4963,58.9358,5.36,1.09,G8III,41597,29246,107.07,
95.4421,53.4522,5.36,0.43,F5III,43905,30247,57.01,
94.7108,-9.3903,5.36,1.24,K1.5III,43993,29996,156.74,
108.8375,-30.6864,5.36,-0.17,B3V,56342,35083,198.02,
112.4833,49.6725,5.36,0.45,F6V,58855,36439,19.9,
122.8875,-7.7725,5.36,0.89,G6III,68312,40107,96.9,
141.0379,-80.7869,5.36,0.45,F3-5IV,82554,46107,56.53,
150.2529,31.9236,5.36,0.66,G3VaHdel 1,86728,49081,14.89,
168.1379,-49.1011,5.36,0.18,A3IV-V,97495,54746,49.95,
174.6150,8.1342,5.36,1.57,M4III,101153,56779,147.06,
205.7654,3.5381,5.36,1.11,K2III,119425,66936,66.62,
221.3221,-62.8758,5.36,0.29,A9V,129422,72131,45.98,
278.4863,52.3536,5.36,1.09,K0III,171779,91013,243.9,
284.0704,-42.7106,5.36,1.0,K0III,175219,92953,95.06,
299.0054,16.6347,5.36,0.67,G5Ib,188727,98085,,
301.5908,35.9725,5.36,0.85,K0IV,191026,99031,24.19,
5.1496,8.1903,5.37,1.34,gK3,1635,1645,121.07,
16.8279,-61.7753,5.37,0.88,G5III,6793,5268,85.62,
58.9925,47.8714,5.37,-0.08,B6V,24504,18396,259.07,
62.3242,-16.3858,5.37,-0.15,B4V,26326,19398,222.72,
65.6454,25.6292,5.37,-0.05,B9V,27638,20430,82.03,
71.5071,11.7056,5.37,0.19,A2m,30210,22157,81.7,
116.3958,-34.1731,5.37,0.6,G0V,63077,37853,15.2,
124.9542,-71.5150,5.37,-0.06,B9III-IV,71046,40817,119.76,
130.2546,45.8339,5.37,0.99,G8IV,73593,42604,55.22,
142.8850,35.1031,5.37,1.53,M1IIIab,82198,46735,133.69,
179.9871,3.6553,5.37,0.0,A1V,104181,58510,84.75,
200.7546,-17.7353,5.37,0.99,KIII,116292,65301,98.04,
217.5871,-49.5192,5.37,0.05,A1V+B,126983,70931,68.21,
230.4525,32.9339,5.37,-0.07,B9Vn,136849,75178,75.76,
231.1871,-39.7103,5.37,-0.11,A0pSi,136933,75439,117.92,
238.6579,43.1386,5.37,1.65,M3IIIBa0.3,142780,77907,191.94,
242.4604,-3.4669,5.37,1.45,K4III,145206,79195,151.52,
264.1567,48.5856,5.37,1.15,gK1,160290,86182,100.91,
279.8958,-43.1861,5.37,1.68,M2III,171967,91494,250.63,
281.5858,-22.3922,5.37,1.64,K4III,173460,92111,,
281.0954,39.6128,5.37,,F0Vn,173608,,,
300.0137,17.5167,5.37,1.67,M4IIIa,189577,98438,228.83,
315.2954,46.1558,5.37,-0.21,B1Ve,200310,103732,,
332.4821,-34.0147,5.37,0.24,A5V,210271,109404,65.15,
334.5650,-53.6278,5.37,0.6,G3V,211415,110109,13.61,
335.0496,-7.8211,5.37,-0.06,B8IIIpMn:Hg:,211838,110273,227.79,
335.1150,5.7894,5.37,-0.02,B5IV,211924,110298,,
346.1650,-53.9650,5.37,1.45,K5III,217902,113957,119.62,
8.1479,20.2944,5.38,1.08,K0III,2910,2568,78.8,
11.6375,15.4756,5.38,1.65,M4IIIa,4408,3632,180.18,
21.5638,19.1722,5.38,0.39,F2V:,8723,6706,26.08,
31.2808,77.2814,5.38,0.31,F0Vn,12230,9727,33.56,
49.5933,-0.9303,5.38,1.04,G9IV,20559,15383,68.12,
60.6529,-0.2689,5.38,0.5,F5V,25457,18859,19.23,
64.9029,21.7736,5.38,-0.14,A0pSi,27309,20186,96.9,
65.1625,-20.6397,5.38,-0.02,A2V,27616,20264,141.84,
74.9600,-10.2633,5.38,0.8,G4V,32008,23221,54.67,
75.7025,-49.1514,5.38,0.42,F2V,32743,23482,26.18,
83.8629,24.0394,5.38,-0.09,B2.5IV,36819,26248,183.82,
91.6612,-4.1939,5.38,-0.13,B5IV,41692,28949,,
96.3692,-69.6903,5.38,0.97,G8III,46116,30565,81.63,
110.8713,-27.8342,5.38,1.53,K2III,58215,35848,168.35,
121.8250,-20.5547,5.38,0.1,A5II,67456,39734,,
141.9450,-6.0711,5.38,0.64,G2V,81809,46404,31.24,
158.8038,-39.5628,5.38,2.88,N0:,91793,51821,256.41,
160.6692,-59.2158,5.38,0.26,B2.5Iae,92964,52405,,
184.7079,75.1606,5.38,-0.02,A1V,107193,60044,88.57,
205.5046,-58.7872,5.38,-0.03,B9III,118978,66849,198.41,
224.0721,-52.8097,5.38,0.13,A2III,131562,73095,66.31,
234.7271,-19.3019,5.38,0.86,G8III,139446,76628,104.17,
242.0317,-26.3267,5.38,1.65,M2III,144690,79050,130.38,
260.0408,25.5375,5.38,0.03,A3III,157087,84821,154.08,
273.8038,-20.7283,5.38,0.07,B0Ia,167264,89439,,
284.1687,-37.3433,5.38,-0.14,B8IVSi,175362,92989,130.38,
284.5612,17.3608,5.38,0.8,F8Ib,176155,93124,,
285.0571,50.5336,5.38,-0.18,B2.5IV,177003,93299,191.2,
286.2300,53.3967,5.38,-0.01,A0Vn,178207,93713,107.07,
293.7121,29.4631,5.38,0.55,F8III+A0V,184759,96302,165.02,
308.4875,13.0272,5.38,0.07,A3IV s,195943,101483,53.05,
10.6183,-65.4681,5.39,0.5,F6V,4089,3330,40.67,
12.6817,64.2475,5.39,0.49,G0III-IV+B9.5V,4775,3951,249.38,
42.4758,-27.9417,5.39,0.02,A0V,17729,13202,170.07,
65.4483,60.7356,5.39,1.49,M0III,27245,20376,130.89,
69.7758,7.8708,5.39,0.26,A5m,29499,21670,51.44,
94.2775,9.9425,5.39,0.1,A2V,43525,29850,77.82,
102.2408,-15.1447,5.39,-0.1,B6V,49662,32677,186.22,
106.6696,-11.2942,5.39,0.05,B0.5IV,53974,34301,,
110.1612,-52.0861,5.39,-0.07,B9II-III,57917,35589,151.29,
110.8829,-32.2022,5.39,-0.18,B3III-IV,58286,35855,354.61,
133.5613,30.5794,5.39,1.05,G7III,75959,43721,111.98,
139.3217,-68.6894,5.39,0.42,F4V,80671,45571,33.52,
171.0096,1.4078,5.39,0.94,G8IIICN-0.5,99055,55650,111.98,
173.4054,-40.5869,5.39,0.12,A2IV-V,100493,56391,112.87,
185.7054,-57.6761,5.39,-0.1,B9V,107696,60379,104.82,
216.6142,19.2269,5.39,0.23,F0m,126661,70602,87.87,
219.7092,44.4044,5.39,0.0,A1V,129002,71618,60.39,
238.4742,-24.5331,5.39,-0.02,B6IVn,142165,77858,127.06,
245.6217,33.7036,5.39,1.53,K5III,147767,80214,167.22,
247.1417,0.6650,5.39,1.46,K4IIIp,148513,80693,129.53,
257.0083,35.9353,5.39,0.31,A5-F1III/IVm s,155103,83838,53.91,
258.6633,14.3900,5.39,,G5III+F2V,156015,,,
260.1650,32.4678,5.39,0.62,G0V,157214,84862,14.39,
274.7896,7.2597,5.39,1.07,K2III-IV,168387,89772,44.96,
275.0367,-15.8317,5.39,1.47,K4III,168415,89851,144.3,
277.4208,-1.9853,5.39,0.96,K0III,170474,90642,72.41,
279.1158,9.1225,5.39,0.37,F5III,171802,91217,38.83,
297.6950,-10.7636,5.39,0.38,F0V,187532,97650,26.41,
301.3867,61.9956,5.39,1.18,K3III,191277,98962,53.25,
310.5525,50.3400,5.39,-0.1,B2V,197511,102177,283.29,
311.8892,80.5522,5.39,1.12,K1III,199437,102599,123.15,
347.5063,9.8219,5.39,-0.08,B9III,218700,114389,189.75,
6.1979,61.8311,5.40,0.0,B9III,2011,1960,234.19,
28.3221,40.7297,5.40,1.32,gK1,11428,8814,165.56,
57.1475,-37.6222,5.40,0.01,A1V,24071,17797,49.43,
67.6554,13.7244,5.40,0.26,F0V,28556,21036,45.79,
69.1900,-62.0775,5.40,1.58,M8eIII:,29712,21479,62.42,
71.1075,11.1461,5.40,0.25,F0V,30034,22044,48.24,
84.6587,30.4925,5.40,0.45,F9III+B9.5V,37269,26536,137.17,
88.9554,20.1750,5.40,0.99,M6.5IIIe,39816,28041,,
97.2062,-7.0344,5.40,-0.07,B3ne,45726,,,
101.7200,-51.2658,5.40,1.34,K1II-III+G:p,49689,32494,277.78,
102.8625,-70.9633,5.40,-0.11,B7IV,51557,32912,171.23,
202.1129,59.9458,5.40,-0.01,A1Vn,117376,65728,72.52,
236.5233,-1.8044,5.40,-0.03,B8III,140873,77227,125.16,
244.3137,59.7550,5.40,1.63,M4IIIa,147232,79804,201.61,
246.0054,-39.1931,5.40,0.62,G5V,147513,80337,12.87,
289.0904,-45.4664,5.40,1.35,K3III,179886,94712,163.67,
294.8604,42.8183,5.40,-0.08,B9III,185872,96693,210.08,
332.7912,50.8233,5.40,0.15,A5V,210715,109521,54.82,
347.1704,2.1278,5.40,0.91,G8III-IV,218527,114273,85.91,
2.8933,-27.7997,5.41,1.34,K5III,720,930,178.25,
11.9421,74.8475,5.41,-0.08,B8III,4382,3721,246.31,
19.1512,-2.5003,5.41,0.9,G5IIIe+dA,7672,5951,78.49,
29.9421,-20.8244,5.41,1.65,M1III,12255,9326,204.92,
40.6396,-50.8003,5.41,0.56,G0V,17051,12653,17.24,
62.7079,26.4808,5.41,0.34,F2IV-V,26322,19513,59.81,
79.7500,33.7483,5.41,-0.19,A0pSi,34452,24799,137.36,
120.0487,73.9181,5.41,1.42,K3III,64307,39117,214.59,
133.9817,11.6261,5.41,1.46,gK5,76351,43851,178.57,
142.1667,45.6014,5.41,0.98,K0III-IV,81688,46471,88.26,Intercrus
142.1146,9.0567,5.41,0.6,F9V,81858,46454,34.42,
143.9150,35.8103,5.41,0.77,G8V,82885,47080,11.18,
154.1696,13.7283,5.41,1.61,M1.5IIIab,89056,50333,153.14,
176.8296,-57.6964,5.41,1.67,K5III,102461,57512,251.89,
214.8179,13.0042,5.41,0.38,F5IV,125451,69989,26.09,
219.3338,-46.1339,5.41,1.01,G8III,128266,71500,,
236.0183,-15.6728,5.41,0.23,F0IV,140417,77060,45.02,
240.2612,33.3036,5.41,0.6,G0+VaFe-1,143761,78459,17.43,
253.7300,20.9586,5.41,0.97,G8III,152815,82764,78.12,
260.5246,-70.1233,5.41,-0.04,B9V+B9.5V,156190,84979,,
275.5362,23.2853,5.41,1.6,M0IIIab,169110,90023,207.47,
297.3554,-72.5033,5.41,0.22,A4III,186219,97534,41.53,
312.3254,-68.7764,5.41,1.12,K0III,197635,102773,93.46,
321.0400,-20.8519,5.41,1.16,K0III,203638,105665,69.88,
321.9171,27.6086,5.41,0.04,A1V,204414,105966,55.68,
2.3375,-27.9878,5.42,0.42,F2V,493,761,68.63,
11.3217,55.2217,5.42,0.04,A2V s,4222,3544,107.76,
14.4592,28.9922,5.42,1.08,gG6,5575,4510,215.98,
21.1700,-41.4925,5.42,1.04,K0III,8651,6592,75.64,
23.9958,-15.4003,5.42,1.21,K2IIIaBa0.2CN1,9856,7450,168.35,
35.5517,-0.8850,5.42,0.31,F0Vn,14690,11046,85.62,
82.5425,63.0672,5.42,1.71,M1IIIa,35583,25769,285.71,
81.7921,17.9622,5.42,-0.1,B5V,35671,25499,204.92,
98.4562,-36.2322,5.42,1.44,K3III,46815,31299,124.69,
112.9517,17.0861,5.42,1.13,gK2,59686,36616,92.51,
115.3158,-38.5336,5.42,-0.15,B5V,62226,37450,189.39,
121.1962,79.4797,5.42,-0.06,A0pSi,64486,39538,101.21,
127.8788,-19.5775,5.42,-0.06,A0V,72310,41817,116.82,
134.1713,-85.6631,5.42,0.31,A8-9IV,79837,43908,48.24,
161.7167,-17.2967,5.42,0.11,A3V,93397,52737,67.2,
168.4400,-0.0697,5.42,-0.03,A0V,97585,54849,146.2,
188.4121,33.2475,5.42,1.0,K0IIICN-1,109317,61309,81.57,
217.1738,-6.9006,5.42,1.49,K5III,126927,70794,146.84,
238.4825,-23.9781,5.42,-0.04,B2.5Vne,142184,77859,120.48,
246.1321,-37.5658,5.42,-0.11,B8IV,147628,80390,143.47,
279.1550,33.4689,5.42,-0.1,B8II-IIIpHg,172044,91235,160.0,
285.7271,-3.6989,5.42,0.0,A1V,176984,93526,153.14,
286.2400,-4.0314,5.42,1.12,K1III,177463,93717,99.6,
297.6867,-59.1931,5.42,0.08,A0IV,186957,97646,79.68,
318.3221,-27.6194,5.42,1.42,K5III,201901,104750,120.05,
330.2092,-28.4536,5.42,-0.09,B8V,209014,108661,,
342.7592,-39.1569,5.42,1.43,M0III,216149,112832,,
7.1100,-39.9150,5.43,1.56,M0III,2490,2240,127.23,
9.7913,49.3544,5.43,1.64,K7III,3574,3083,,
15.7608,-4.8367,5.43,1.11,K0III-IV,6203,4914,125.79,
30.7987,0.1283,5.43,0.15,A5III,12573,9589,88.42,
39.7042,21.9614,5.43,0.16,A7V,16432,12332,106.27,
41.0217,44.2969,5.43,0.9,G0Ib-IICa1CH-1,16901,12768,212.31,
66.7617,80.8242,5.43,1.17,gG6,26836,20776,287.36,
78.0933,73.9467,5.43,-0.12,B9pSi,32650,24254,114.81,
77.3317,9.8294,5.43,0.24,A2m,33254,23983,53.94,
97.9587,-8.1581,5.43,1.38,gK2,46229,31121,,
110.7525,-31.9239,5.43,-0.15,B5IIIn,58155,35795,,
112.2738,-38.8122,5.43,-0.16,B5Vp,59635,36363,170.65,
118.2646,-36.3639,5.43,1.16,K0III,64572,38497,232.02,
137.0004,29.6542,5.43,0.89,G8III,78235,44818,79.62,
166.2258,-35.8047,5.43,0.03,A2V,96146,54173,162.6,
191.8933,66.7903,5.43,1.56,gK5,111335,62423,238.66,Tianyi
206.8558,-17.8600,5.43,1.62,M2IIIab,120052,67288,194.93,
213.8504,-18.2008,5.43,-0.03,A1V,124683,69658,80.06,
234.0504,-44.3969,5.43,1.5,K4-5III,138816,76397,202.02,
239.6450,-24.8314,5.43,-0.09,B5IV,142990,78246,149.7,
243.0304,-8.5475,5.43,0.12,A4V,145607,79387,76.63,
281.2383,-39.6864,5.43,0.87,K3II+B7,172991,91989,,
289.4317,23.0256,5.43,0.02,B0.5IV,180968,94827,,
291.3738,-23.9622,5.43,1.43,K4III,182416,95503,155.04,
309.4546,11.3778,5.43,0.06,A2V,196544,101800,54.35,
319.4887,-17.9853,5.43,-0.12,B8III,202671,105143,177.62,
333.5783,-27.7669,5.43,-0.16,B8III,210934,109789,155.76,
342.4425,55.9028,5.43,1.17,K1III,216174,112731,113.9,
344.2687,48.6842,5.43,-0.09,B4IIIep,217050,113327,,
344.8642,0.9628,5.43,0.98,gK1,217264,113521,85.98,
346.2908,-7.6936,5.43,0.3,F2IV+F0V,218060,113996,57.77,
357.2092,62.2144,5.43,0.67,A3Ia,223385,117447,,
57.3075,70.8711,5.44,0.09,A2m,23277,17854,99.8,
62.5938,-6.9239,5.44,0.94,G8III,26409,19483,115.61,
73.0217,63.5053,5.44,1.57,M3IIIab,30442,22626,153.14,
101.1896,28.9708,5.44,1.45,K4III,48450,32311,174.83,
107.0917,15.9308,5.44,1.03,G8III,54131,34440,93.63,
167.1829,-28.0806,5.44,0.07,A1V,96819,54477,58.11,
174.3913,-47.7472,5.44,1.24,K2III,101067,56700,111.36,
179.5633,-56.3172,5.44,-0.08,B8III,103961,58379,194.17,
187.0938,-39.0414,5.44,-0.08,B8V,108541,60855,130.89,
225.7471,-32.6433,5.44,-0.12,B3V,132955,73624,107.3,
234.7062,-52.3728,5.44,0.0,A0V,139129,76618,140.25,
238.6442,20.3108,5.44,1.59,M0III,142574,77902,184.5,
241.5821,67.8103,5.44,-0.02,A0Vn,145454,78893,83.89,
244.1796,-53.8111,5.44,1.73,M2III,146003,79754,,
262.2071,0.3306,5.44,0.22,A8V,158352,85537,63.05,
273.5663,-21.7131,5.44,1.52,K3III,167036,89369,155.04,
283.7175,41.6028,5.44,1.03,K0III,175740,92831,82.03,
307.8283,49.2203,5.44,1.55,M2IIIab,195774,101243,123.92,
321.9421,66.8092,5.44,-0.11,B7V,204770,105972,236.41,
349.8742,48.6253,5.44,1.03,K0III,219945,115152,100.5,
13.7512,-69.5269,5.45,1.09,K2III,5457,4293,64.43,
44.3488,-23.8619,5.45,0.23,A5V,18454,13782,48.69,
50.0821,77.7347,5.45,0.19,A6V,19978,15547,80.91,
57.0871,23.4211,5.45,-0.07,B8V,23753,17776,103.73,
64.8054,50.0489,5.45,0.22,A7V,27084,20156,79.43,
63.7029,-62.1919,5.45,1.1,K0III,27304,19805,81.9,
69.8321,-14.3592,5.45,1.06,K1IVa,29613,21685,60.9,
79.8421,-50.6061,5.45,0.51,F7III-IV,35072,24829,36.1,
84.9575,-32.6292,5.45,0.92,G6-8III,37811,26649,117.1,
101.5588,79.5647,5.45,0.5,F8V,46588,32439,17.85,
103.6025,-1.1269,5.45,0.18,A4IV,50747,33184,148.59,
104.1433,-79.4203,5.45,0.05,B9.5V,54239,33384,109.05,
107.8483,-0.3019,5.45,0.29,A8Vn-F3Vn,55057,34724,80.06,
110.7171,55.2814,5.45,,B8V,57103,35785,,
110.2425,-14.3600,5.45,0.98,gG5,57478,35615,170.65,
118.6779,47.5647,5.45,1.46,gK4,64144,38639,155.76,
134.2358,32.9103,5.45,0.12,A7IV,76398,43932,59.77,
135.6846,24.4528,5.45,-0.04,A0pSi,77350,44405,140.06,
142.5217,-51.5172,5.45,-0.1,B8V,82419,46594,127.39,
144.3013,-53.6686,5.45,0.15,A2-3V,83520,47204,71.68,
146.5858,-76.7761,5.45,0.89,G8III,85396,47956,58.65,
159.3617,-58.7333,5.45,0.5,A0Iae,92207,52004,,
163.4321,-2.1292,5.45,0.96,G8III,94402,53273,95.69,
189.4258,-27.1389,5.45,0.32,F1IV,109799,61621,34.59,
206.9100,-50.3211,5.45,1.36,K2III,119971,67304,139.28,
231.8258,-36.7678,5.45,-0.15,B4Vp,137432,75647,128.37,
238.9483,37.9469,5.45,0.33,F0IV,142908,78012,41.46,
244.8237,-42.6739,5.45,0.1,A3Vn,146667,79963,143.47,
253.5075,-41.8064,5.45,0.19,B0.5Ia,152234,82676,,
268.7967,72.0050,5.45,0.3,F2-3II-III,164613,87728,221.73,
279.1629,6.6719,5.45,0.37,F3V,171834,91237,31.72,
299.3079,40.3681,5.45,-0.1,B5V,189178,98194,,
313.3275,45.1819,5.45,1.1,K0II,199098,103094,228.31,
324.4392,19.3186,5.45,0.3,F1IV,205852,106787,98.52,
13.1692,-24.0058,5.46,1.24,K2III,5098,4104,153.37,
35.5058,-10.7778,5.46,0.35,F0V,14691,11029,29.87,
56.2008,24.2894,5.46,-0.04,B7IV,23288,17489,102.56,Celaeno
60.9858,8.1972,5.46,0.37,F2V,25570,18975,35.97,
67.5004,83.3406,5.46,0.87,G8III,26659,20982,93.11,
70.0142,12.1978,5.46,-0.12,B8IV,29589,21735,105.71,
82.8104,3.2922,5.46,-0.18,B1IV+B1.5V,36351,25861,,
83.0592,17.0581,5.46,-0.04,B7IIIe,36408,25950,,
82.5396,-47.0778,5.46,0.62,G3IV,36553,25768,43.73,
104.3912,-24.6306,5.46,0.36,dF0,51733,33478,38.55,
107.5808,-27.4914,5.46,1.0,G8III,55070,34624,197.24,
109.0604,-15.5858,5.46,0.08,A2Vnp,56405,35180,84.82,
131.6275,-45.9128,5.46,0.27,B3Ia,75149,43082,,
137.3979,-8.7878,5.46,1.01,G8II,78732,44961,196.85,
158.0492,14.1372,5.46,1.68,M1.5IIIbCa-1,91232,51585,,
182.7663,-23.6025,5.46,0.06,A2V,105850,59394,56.12,
187.7525,24.5672,5.46,0.05,A2p,108945,61071,95.33,
189.7804,21.0625,5.46,0.96,G9III,110024,61724,87.8,
193.7442,-85.1233,5.46,1.02,K0III,111482,63031,113.77,
204.8767,52.9214,5.46,0.1,A3Vn,119024,66634,51.89,
211.6783,-9.3133,5.46,0.34,F2IV,123255,68940,54.88,
222.8600,59.2939,5.46,1.36,K4III,131507,72664,135.5,
224.1921,-11.4097,5.46,1.49,K4III,131918,73133,165.02,
229.7038,-60.4964,5.46,-0.1,O7.5III((f)),135591,74941,,
231.5725,34.3358,5.46,1.4,K4III,137704,75572,150.15,
244.9796,39.7086,5.46,0.4,F3IV-V,147365,80008,26.82,
268.8550,26.0500,5.46,0.34,F2Ib,163506,87747,,
273.9696,-44.2067,5.46,0.96,G8-K0III,167096,89507,82.24,
276.7246,-48.1169,5.46,0.84,K0-1III+F-G,169405,90414,162.34,
294.4471,-4.6475,5.46,0.43,F3IV,185124,96556,32.11,
307.0608,81.4228,5.46,1.02,G9III,196787,100965,139.86,
329.0950,-37.2536,5.46,0.08,A2Vn,208321,108294,96.62,
332.6563,-11.5650,5.46,-0.12,B7III,210424,109472,172.12,
336.7721,65.1322,5.46,0.37,B0.5Ibe:,213087,110817,,
13.7417,23.6283,5.47,1.0,K1IV,5286,4288,38.93,
36.2042,10.6106,5.47,-0.1,B7IV,14951,11249,184.84,
42.6683,-35.6761,5.47,1.25,K5III,17829,13265,162.87,
44.9579,47.2208,5.47,0.89,G5:III*,18474,13965,170.94,
49.4475,44.0250,5.47,-0.06,B8V,20315,15338,197.63,
53.0358,48.0236,5.47,-0.1,B8IIIpMn,21699,16470,179.53,
61.0904,24.1058,5.47,0.86,G0III+A4V,25555,19009,,
73.7967,-74.9369,5.47,1.52,K4III,32440,22871,218.34,
82.3188,25.1506,5.47,-0.04,B8.5V,35943,25695,132.98,
86.4750,49.8264,5.47,0.03,A2VpCr,38104,27196,147.93,
87.5696,-79.3614,5.47,-0.08,B9V,40953,27566,82.92,
91.6333,-23.1106,5.47,0.08,Am,41841,28943,145.77,
108.3475,51.4289,5.47,1.67,M3-III,54895,34912,236.97,
126.4663,-42.1533,5.47,-0.15,B3V,71459,41323,249.38,
128.6508,65.1450,5.47,0.18,A2m,72037,42080,48.47,
129.3283,-62.8536,5.47,1.02,K0III,73887,42286,102.67,
130.3313,-78.9633,5.47,-0.1,B8V,75416,42637,96.9,
139.1721,-8.7447,5.47,-0.09,B9III,79931,45526,211.42,
140.4304,56.6992,5.47,1.61,M4IIIa,80390,45915,146.2,
141.7767,-71.6022,5.47,1.08,K2III,82350,46358,61.61,
142.9013,-73.0808,5.47,1.56,K4III,83095,46741,242.72,
161.3154,-80.4697,5.47,0.95,K0III,93779,52595,108.58,
165.0613,45.5261,5.47,1.47,K5III,95212,53781,,
193.8308,-42.9158,5.47,1.68,M0III,112213,63066,184.5,
240.0817,-16.5333,5.47,0.52,F8V,143333,78400,32.8,
249.0938,-42.8589,5.47,0.4,O9Ia,149404,81305,,
260.9196,37.1467,5.47,,A0Vn,157778,85112,123.15,
269.1988,-4.0819,5.47,1.16,gG9,163532,87847,130.55,
273.3025,-41.3361,5.47,-0.17,B2.5III,166596,89290,,
275.9004,-75.0442,5.47,0.02,A0V,167468,90133,60.28,
317.1925,-88.9564,5.47,0.27,F0III,177482,104382,82.85,Polaris Australis
294.3933,-14.3017,5.47,0.5,F5V,184985,96536,30.9,
303.3079,-1.0094,5.47,1.43,K5III,192107,99631,,
310.0825,-33.4319,5.47,1.12,K1III,196737,102014,73.31,
313.4746,33.4378,5.47,1.52,gK5,199101,103145,186.92,
337.1633,-39.1319,5.47,0.95,G9III,212953,110936,80.52,
336.5033,70.7708,5.47,1.2,gK2,213022,110725,159.49,
9.3379,35.3994,5.48,0.88,G2.5IIa,3421,2942,,
58.1733,-5.3614,5.48,-0.1,B8V,24388,18141,154.08,
67.6621,15.6919,5.48,0.26,A5m,28546,21039,44.35,
74.3429,17.1536,5.48,1.31,gK1,31539,23043,144.72,
79.5662,42.7922,5.48,1.65,M4III,34269,24738,212.77,
83.2137,-38.5131,5.48,1.22,K2III,36848,25993,52.85,
116.9862,-12.1931,5.48,0.48,dF5,63336,38048,30.25,
129.8492,-53.4397,5.48,-0.16,B5V,74071,42459,138.31,
132.4133,-40.3206,5.48,0.06,A2/3IV,75630,43325,,
142.4771,-26.5897,5.48,1.36,K3III,82205,46578,234.19,
149.9654,56.8119,5.48,1.46,K5III,86378,49005,156.49,
161.6054,14.1947,5.48,0.91,gG4,93291,52689,88.18,
173.0867,61.0825,5.48,0.5,F8V,100203,56290,27.52,
174.6671,-13.2019,5.48,0.52,F7V,101198,56802,26.98,
182.2271,-41.2314,5.48,-0.07,B3IV,105521,59232,,
187.3621,24.1089,5.48,0.43,F5III,108722,60941,66.23,
187.9179,-59.4239,5.48,0.63,F7Ib-II,108968,61136,,
188.4450,-9.4519,5.48,-0.03,A0V,109309,61318,80.19,
191.0021,-28.3239,5.48,1.34,K4III,110666,62131,121.65,
200.1575,-52.7481,5.48,-0.13,B6V,115823,65112,121.36,
210.5950,-27.4300,5.48,1.34,K3III,122430,68581,133.16,
222.6233,37.2719,5.48,1.02,K0III-IV,131111,72582,61.31,
243.3142,5.0211,5.48,1.47,gK5,145892,79488,130.21,
242.7063,75.8775,5.48,-0.11,B8V,146926,79280,204.08,
251.6992,-39.3772,5.48,0.98,K0III,151078,82135,113.25,
254.2962,-33.2594,5.48,1.59,K5III,152820,82960,222.22,
259.7633,-46.6339,5.48,0.8,G8-K0V,156274,84720,8.79,
272.0092,36.4014,5.48,1.17,K2.5III,166229,88836,63.86,
278.2079,30.5542,5.48,-0.1,B8IV,171301,90923,112.11,
283.0683,21.4253,5.48,-0.07,B9II-IIIpHg,174933,92614,140.85,
285.1808,55.6583,5.48,0.86,G5.5IIbFe-0.5,177249,93340,151.75,
314.6079,10.8392,5.48,0.93,gG6,199665,103527,73.1,Musica
337.4917,4.4317,5.48,0.38,F2V+F2V,213235,111062,52.83,
26.5242,-50.8164,5.49,1.6,M3III,10934,8240,208.33,
42.8733,15.0819,5.49,-0.09,B7V,17769,13327,147.06,
46.5325,79.4186,5.49,1.57,M1III+F7IV,18438,14417,213.22,
59.1196,35.0811,5.49,-0.03,B1.5V,24640,18434,,
86.8592,17.7292,5.49,0.3,F0III,38558,27338,,
87.4021,-14.4836,5.49,0.88,gG6,39070,27517,95.15,
116.5092,-6.7725,5.49,1.38,K5III,62902,37901,73.1,
118.5458,-35.8775,5.49,-0.19,B2V,64802,38593,245.7,
161.6021,18.8914,5.49,1.12,gK3,93257,52686,54.73,
232.8783,-73.3894,5.49,-0.12,B3IVe,137387,76013,312.5,
244.8862,-30.9067,5.49,0.47,F6III,146836,79980,41.49,
252.5808,7.2478,5.49,0.1,A3m,151956,82402,57.8,
272.6087,-62.0022,5.49,0.58,G0V,165499,89042,17.76,
278.4729,-24.0325,5.49,1.79,K4Ib,171115,91004,,
282.2104,-43.6800,5.49,0.13,A3V,173715,92308,106.38,
290.1487,-0.8922,5.49,-0.04,B9III,181440,95073,156.25,
295.8896,-15.4700,5.49,0.46,F5IV,186185,97063,36.68,
295.9287,25.7719,5.49,0.93,G8III,186486,97077,109.29,
299.6583,30.9836,5.49,-0.06,B9Vn,189395,98325,166.94,
302.9500,26.8089,5.49,1.41,K3II-III,192004,99518,,
321.0479,-12.8781,5.49,0.29,F1V,203705,105668,48.08,
321.3208,-3.5567,5.49,1.46,K4III,203926,105767,125.16,
325.7767,41.1550,5.49,1.59,M2IIIab,206749,107235,180.18,
344.3663,20.7689,5.49,0.67,G2.5IVa,217014,113357,15.36,Helvetios
352.0154,-87.4822,5.49,1.27,K2III,219765,115836,160.26,
356.9854,-2.7617,5.49,0.94,G8III,223252,117375,89.37,
11.5492,-22.5219,5.50,0.98,G3V,4398,3607,102.25,
11.7562,11.9739,5.50,0.97,G8II,4482,3675,80.32,
15.7046,31.8044,5.50,-0.05,B9.5V,6118,4889,127.06,
15.6100,-31.5519,5.50,0.08,A2V,6178,4852,69.49,
21.6737,19.2403,5.50,1.11,K1III,8763,6732,94.07,
30.7417,33.2839,5.50,0.03,A2V,12471,9570,113.51,
51.0771,24.7242,5.50,1.19,gK4,21017,15861,70.52,
62.2917,19.6092,5.50,1.07,K2III,26162,19388,89.21,
77.0275,24.2653,5.50,0.06,B2V,32990,23900,,
78.6838,5.1561,5.50,1.37,gK4,34043,24450,183.49,
79.4175,-13.5197,5.50,0.93,sgG9,34538,24679,48.33,
81.9400,15.8742,5.50,0.01,B9.5Vn,35770,25555,173.31,
89.0871,-31.3825,5.50,,F2III,40248,28098,,
92.2413,-22.4275,5.50,-0.01,A0IV,42301,29150,78.31,
91.9704,-42.1539,5.50,0.0,A0V,42303,29064,80.13,
105.8150,-59.1781,5.50,-0.11,B9IV,53921,34000,147.71,
126.6829,12.6544,5.50,1.6,M3III,71250,41400,,
144.5062,-43.1911,5.50,1.0,G8II,83548,47267,148.59,
157.4229,84.2522,5.50,,F0IV,89571,51384,40.78,
156.0358,33.7186,5.50,1.18,gK1,90040,50935,125.47,
165.8121,-11.3036,5.50,0.94,G7-III,95808,54029,97.66,
173.7367,-49.1367,5.50,1.04,K1III-IV,100708,56497,63.61,
186.8696,-58.9919,5.50,1.45,M4-5III,108396,60781,173.61,
189.0971,59.4869,5.50,,M4IIIe,109729,61532,,
204.2958,71.2422,5.50,1.2,gK2,118904,66435,122.85,
206.7492,38.5428,5.50,1.03,K0III+F8V,120164,67250,93.11,
211.3325,-76.7967,5.50,1.55,M6.5III:,122250,68815,100.7,
217.5358,-45.3217,5.50,-0.08,B8Vn,126981,70915,146.2,
229.0958,-22.3994,5.50,1.38,K5III,135534,74732,153.37,
230.6558,39.5814,5.50,1.59,gK4,137071,75257,,
233.2300,-16.8528,5.50,-0.14,B2Vn,138485,76126,235.85,
243.9054,-8.3694,5.50,0.65,G2Va,146233,79672,14.03,
248.5804,-70.9881,5.50,1.22,K1IIICNIa-Ib,148488,81141,289.02,
267.5954,29.3222,5.50,1.05,K1III,162555,87308,81.77,
278.1804,-14.8656,5.50,1.97,K3Ib-IICN1,170975,90913,,
286.1046,-31.0469,5.50,0.03,A0IV,177074,93667,167.5,
311.5838,-39.1992,5.50,-0.1,B8/9V,197630,102497,98.14,
329.8246,-38.3953,5.50,1.0,K0III,208737,108543,120.63,
332.6621,70.1328,5.50,0.38,F2V,210884,109474,32.67,
337.4704,78.8242,5.50,0.06,A3V,213798,111056,72.73,
1.4250,13.3961,5.51,0.9,G5III,87,476,114.29,
2.5096,11.1456,5.51,-0.07,B9Vn,560,813,99.6,
5.1625,-69.6250,5.51,-0.05,B9V,1685,1647,93.9,
8.9213,-48.0008,5.51,0.44,F6V,3302,2802,36.22,
23.2333,-36.8653,5.51,1.02,K0III,9525,7213,81.37,
30.1121,-8.5236,5.51,1.52,M3III,12292,9372,181.82,
34.2458,-6.4222,5.51,0.96,G8.5III,14129,10642,104.38,
62.1525,38.0397,5.51,0.46,F7V,25998,19335,21.34,
71.9012,-16.9344,5.51,0.63,G2.5V,30495,22263,13.32,
74.1008,-5.1714,5.51,-0.13,B6V,31512,22958,,
123.3921,-50.1961,5.51,1.61,M1III,69194,40282,230.95,
125.9521,53.2197,5.51,0.11,A3V,70313,41152,51.39,
130.5667,-48.0992,5.51,-0.18,B1.5Vn,74455,42712,,
160.7575,26.3256,5.51,0.17,A4Vn,92769,52422,45.45,
197.0292,-65.3064,5.51,-0.02,B0Ia+WC5:,113904,64094,,
206.4846,-12.4267,5.51,0.9,G8III,119853,67172,116.28,
225.7754,35.2058,5.51,1.02,gG8,133392,73634,84.39,
230.0354,29.6161,5.51,1.02,K0III,136512,75049,84.03,
233.2412,-1.1864,5.51,1.09,K0III,138562,76133,82.92,
235.7113,52.3608,5.51,-0.07,B9pSiCr,140728,76957,97.09,
252.8537,1.2161,5.51,0.05,A2V s,152127,82480,105.82,
260.4317,39.9744,5.51,0.68,F9Vn:,157482,84949,64.39,
272.6679,3.3242,5.51,1.19,K2III,166460,89065,126.42,
282.8958,52.9750,5.51,0.84,G9IVa,175225,92549,26.1,
288.3146,-12.2825,5.51,1.44,gK4,179497,94437,173.31,
310.2608,32.3072,5.51,0.88,G8IIb,197177,102066,246.91,
314.2250,-9.6975,5.51,1.47,gK5,199345,103401,184.5,
314.8558,59.4386,5.51,1.4,gK4,200205,103598,179.86,
321.7567,-42.5478,5.51,0.39,Am,204018,105913,53.85,
334.4604,-77.5117,5.51,0.31,F3III,210853,110078,38.46,
341.4196,-46.5475,5.51,1.32,K2III,215405,112381,203.67,
344.8992,-29.4622,5.51,0.25,A5n,217236,113532,112.36,
356.7579,57.4514,5.51,1.65,K3IIb,223173,117299,,
17.0925,5.6497,5.52,0.34,F0III-IV,6763,5346,35.92,
25.6221,-53.7406,5.52,0.53,F9V,10647,7978,17.35,
27.9971,55.1475,5.52,-0.18,B1.5V,11241,8704,,
48.8354,30.5567,5.52,0.01,A1V s,20149,15154,132.98,
50.5496,27.6075,5.52,1.1,G5III,20825,15696,,
50.3500,-23.6353,5.52,0.88,G6.5IIbCN-1Hdel -1,20894,15643,129.03,
48.9900,-77.3883,5.52,0.44,F4III,21024,15201,29.39,
73.7629,55.2592,5.52,0.04,B9.5V,30958,22854,202.84,
80.0617,41.0861,5.52,0.11,A3V,34557,24902,93.81,
87.6204,14.3056,5.52,1.01,gG9,39019,27581,95.79,
94.5571,-19.9669,5.52,-0.18,B2V,43955,29941,304.88,
99.1471,-5.2111,5.52,-0.08,B8V,47054,31583,,
120.6867,-41.3100,5.52,-0.15,B9pSi,66624,39360,149.03,
130.5787,-53.1000,5.52,-0.15,B8Si,74535,42715,148.15,
150.1821,-82.2147,5.52,0.03,A0IV,87971,49065,122.4,
159.7738,53.6683,5.52,1.27,K3III,92095,52136,157.73,
160.0471,-65.1006,5.52,-0.16,B9pSi,92664,52221,142.86,
166.7258,1.9556,5.52,0.97,G9IIICN-1,96436,54336,62.31,
172.6208,18.4097,5.52,1.05,K0III,100006,56146,99.7,
225.3325,-2.7550,5.52,1.68,M0III,132833,73497,173.01,
233.1529,-19.6706,5.52,0.18,A2m,138413,76106,69.49,
248.9367,-65.4953,5.52,0.93,G8-K0III,148890,81252,100.6,
265.4946,15.9519,5.52,0.38,F4V w,160910,86623,35.52,
265.6183,24.5642,5.52,1.46,K4III,161074,86667,112.11,
271.9517,-17.1542,5.52,1.11,K1III,165687,88816,76.45,
292.4675,-26.9856,5.52,1.12,K3III,183275,95865,77.82,
296.5050,-31.9086,5.52,0.02,B8V,186500,97260,167.22,
298.6296,24.3194,5.52,-0.02,A0III,188485,97961,144.93,
301.0346,7.2781,5.52,1.06,gK0,190327,98823,161.55,
302.6396,26.9042,5.52,0.08,A3III,191747,99404,128.7,
312.7529,-37.9133,5.52,1.38,K3II,198357,102916,192.31,
326.8554,60.6928,5.52,1.52,M1IIIb,207528,107586,143.27,
346.2175,-68.8203,5.52,0.36,F4III,217831,113969,55.31,
351.6525,-52.7217,5.52,0.4,F4V,220729,115713,31.97,
2.2600,18.2119,5.53,1.04,G9III,448,729,89.53,
39.0000,-7.8317,5.53,1.59,M0III,16212,12107,158.48,
45.5642,-71.9025,5.53,-0.14,B3V+A0IV,19400,14131,161.03,
55.1596,-5.2106,5.53,-0.15,B9IIIpSi4200,22920,17167,226.76,
66.8229,22.9964,5.53,-0.1,B7V,28149,20789,127.23,
71.0333,-18.6667,5.53,0.02,A3V,30127,22028,90.42,
94.2550,-37.7375,5.53,1.14,K1III,43899,29842,92.76,
95.1512,-34.1439,5.53,-0.19,B1.5Ve,44506,30143,,
98.4004,14.1553,5.53,1.11,gK2,46374,31277,78.43,
111.4083,-79.0942,5.53,1.28,K2-3III,60816,36039,143.06,
121.2667,-53.1081,5.53,1.34,K3-4III,67364,39566,120.63,
126.8204,-70.0933,5.53,-0.03,A0V,72337,41451,87.49,
178.9187,15.6467,5.53,0.11,A3V,103578,58159,171.82,
224.3887,-0.1675,5.53,1.13,K1III,132132,73193,90.42,
237.2367,-3.8186,5.53,0.12,A5IV,141378,77464,49.16,
249.0479,52.9003,5.53,-0.07,B9.5Vn,150100,81290,122.55,
258.8304,-33.5483,5.53,-0.01,O7.5V[n]e,155806,84401,,
272.5238,-30.7286,5.53,0.97,K1II,166023,89020,110.5,
284.8492,-12.8406,5.53,-0.04,B5IV,176162,93225,157.73,
289.3000,-66.6614,5.53,0.18,A5V+A8V,179366,94789,90.91,
289.9137,12.3747,5.53,0.26,F0III,181333,94982,106.5,
292.8304,50.3067,5.53,1.25,gK1,184293,96014,142.65,
299.4392,16.7892,5.53,-0.05,B9III,189090,98234,124.07,
316.6063,-41.3861,5.53,1.35,K3III,200702,104177,,
322.7471,60.4594,5.53,0.12,B1II,205139,106227,,
324.0100,45.3747,5.53,1.58,M5IIIae,205730,106642,189.39,
327.6963,-69.6294,5.53,1.37,K2-3III,207241,107835,171.23,
328.1246,28.7933,5.53,0.42,F6IV-V vw,207978,107975,27.66,
333.4554,45.4408,5.53,0.04,A0III,211096,109745,76.92,
335.8788,-24.7625,5.53,0.99,gG9,212271,110529,83.33,
349.5412,-40.8244,5.53,0.44,F5V,219693,115054,34.61,
354.4867,18.4006,5.53,0.0,A1Vn,222133,116611,73.26,
0.3333,-50.3372,5.53,1.6,M2III,224865,107,171.23,
33.1979,-2.3936,5.54,0.57,F8V,13612,10305,46.06,
36.8654,31.8014,5.54,1.12,gK1,15176,11432,87.8,
49.4425,-62.5753,5.54,0.64,G2.5VFe1Hdel 1,20766,15330,12.12,
56.9833,-30.1678,5.54,0.98,G6III,23940,17738,86.58,
70.7663,-70.9311,5.54,-0.12,B8II-IIISi:,30612,21949,148.15,
80.7096,41.0294,5.54,0.12,A3V,34904,25143,92.0,
84.2658,17.0403,5.54,0.22,F0V,37147,26382,53.88,
105.9887,-43.6081,5.54,0.64,G3V,53705,34065,16.25,
111.9967,-29.1558,5.54,-0.08,B9VpSi:,59256,36258,206.61,
113.4625,-36.3383,5.54,-0.06,B3Vne,60606,36778,390.62,
122.6658,-13.7992,5.54,0.49,F6V,68146,40035,22.49,
124.8842,75.7569,5.54,0.9,G8III,68375,40793,89.45,
126.6746,-12.5344,5.54,1.19,K2III,71377,41395,82.17,
132.8938,-7.1772,5.54,0.15,A4m,75737,43496,149.7,
138.2317,-59.4144,5.54,0.85,G6II,79698,45219,145.56,
185.0821,26.6194,5.54,1.09,K2III-IV,107325,60170,48.12,
208.3867,-35.6642,5.54,0.44,F4V,120987,67819,50.08,
213.5217,12.9594,5.54,0.54,F6IV,124570,69536,33.27,
227.8167,-55.3461,5.54,1.14,G2Ib-II,134270,74305,,
230.2817,-5.8247,5.54,1.04,K1III,136479,75127,82.37,
239.3108,14.4144,5.54,1.14,K1IV,142980,78132,69.64,
242.4692,-33.5458,5.54,-0.1,B8V,144987,79199,132.8,
246.3508,37.3939,5.54,0.17,A5V,148283,80460,78.55,
261.7046,20.0808,5.54,-0.13,B5V,158148,85385,144.09,
265.7125,-36.9458,5.54,1.55,K5III,160668,86698,166.11,
283.1129,-46.5953,5.54,1.63,M0III,174387,92630,,
287.0696,-19.2900,5.54,-0.11,B2Ve,178175,93996,,
305.5142,24.4461,5.54,-0.06,B8IIIne,193911,100435,,
329.2350,12.0764,5.54,0.05,A2Vnn,208565,108339,134.95,
330.8183,-6.5225,5.54,0.96,K0III,209396,108868,83.19,
349.1762,53.2136,5.54,0.52,F7V,219623,114924,20.28,
8.4213,-29.5583,5.55,1.27,K2III,3059,2661,152.44,
14.1963,60.3628,5.55,-0.07,B9IVn,5408,4440,188.32,
16.9883,20.7392,5.55,0.13,A3V,6695,5310,49.43,
17.4550,19.6586,5.55,0.69,G0III,6903,5454,123.61,
17.8567,64.2028,5.55,-0.07,B9.5V,6960,5566,125.63,
33.5613,-67.8417,5.55,1.55,M1III,14141,10418,226.76,
56.2354,-0.2967,5.55,1.42,K4III,23413,17506,107.76,
65.0479,50.9208,5.55,-0.01,B1.5IV,27192,20234,,
67.1338,1.3808,5.55,-0.1,B3V,28375,20884,118.06,
82.7817,-20.8636,5.55,0.0,A0V,36473,25853,83.33,
90.3183,-33.9117,5.55,1.58,K5III,41047,28524,170.36,
97.1421,30.4931,5.55,0.68,F8Ib,45412,30827,,
96.8350,2.9081,5.55,1.04,G9III,45415,30728,89.69,
96.8150,-0.2761,5.55,1.38,K5III,45433,30720,229.89,
106.5483,34.4739,5.55,0.91,G8IV,53329,34267,93.63,
120.1971,17.3086,5.55,1.32,gK3,65759,39177,,
135.3367,-41.8644,5.55,-0.14,B5V,77475,44299,144.51,
146.6267,-44.7550,5.55,-0.18,B2.5IV,84816,47963,,
175.3325,-43.0958,5.55,,A0V,101615,57013,64.18,
180.1854,-10.4461,5.55,0.77,G8-K0IV,104304,58576,12.91,
185.2117,57.8639,5.55,1.43,K5III,107465,60212,215.05,
186.7154,-32.8300,5.55,0.01,B9V,108323,60735,156.74,
192.4371,-71.9864,5.55,1.17,G8Ib-II,111315,62608,161.29,
197.1354,-8.9844,5.55,1.18,K3III,114113,64122,113.9,
203.2154,-15.3631,5.55,1.23,K1.5IIIb,117789,66091,202.43,
219.0792,-46.2453,5.55,1.48,K3III,128068,71419,195.31,
240.1983,-8.4114,5.55,0.05,A0V s,143459,78436,140.85,
254.5750,-50.6411,5.55,0.02,B9IV,152824,83057,160.51,
259.2654,-32.6628,5.55,0.5,F6IV,156098,84551,50.51,
263.6933,-11.2419,5.55,0.02,B8Vn,159358,86019,115.61,
275.8704,-36.2383,5.55,1.02,K0III,168838,90124,97.94,
286.6571,28.6286,5.55,0.29,F0III,178233,93843,40.82,
305.0250,68.8803,5.55,1.59,M4.5-5III,194258,100261,208.77,
313.0362,-5.5069,5.55,-0.08,B9III,198667,103005,,
314.5812,44.4717,5.55,0.97,K0IIIbFe-0.5,199870,103519,81.17,
337.1571,-67.4892,5.55,0.2,A4V,212728,110935,43.55,
345.3308,-28.8536,5.55,1.35,K3III,217484,113669,179.21,
348.8929,-3.4964,5.55,0.06,A3V,219402,114822,70.97,
349.8500,-5.1244,5.55,0.39,F3IV-V,219877,115142,34.82,
357.9913,2.9303,5.55,1.53,K4IIIaBa0.3,223719,117683,,
359.2854,55.7058,5.55,0.49,F1/6V+F3,224355,118077,66.8,
0.4037,61.2231,5.55,0.41,F0III,224893,124,,
16.4237,21.4653,5.56,-0.07,A0Vn,6457,5132,68.17,
24.5317,57.9775,5.56,1.38,G5II,9900,7617,,
44.9217,-2.4650,5.56,-0.08,B9.5V,18633,13951,102.46,
48.1100,6.6608,5.56,1.08,K1IIIep+A6V,19926,14915,,
79.0171,11.3414,5.56,-0.04,A0V,34203,24555,112.87,
87.7421,27.9678,5.56,0.97,gG7,39004,27629,115.47,
92.3929,-14.5842,5.56,1.16,K2III,42341,29205,65.15,
95.6592,-69.9842,5.56,1.51,K5III,45669,30321,182.48,
114.6367,35.0486,5.56,0.93,K0III,60986,37204,93.9,
115.3017,48.1317,5.56,1.01,K0III,61363,37441,99.9,
115.5133,14.2083,5.56,1.64,M3II-III,61913,37521,,
143.6362,-5.9150,5.56,1.16,K1III,82870,46982,208.77,
144.1787,31.1617,5.56,1.59,M2IIIa,83069,47168,145.56,
145.9258,-53.8917,5.56,-0.04,A0IV,84461,47717,108.81,
157.3975,-30.6072,5.56,-0.04,B9.5V,90972,51376,147.49,
213.3183,-53.6658,5.56,1.44,K5III+B-A,124147,69462,,
215.0404,-43.0589,5.56,0.92,G8III,125383,70054,117.79,
215.5821,-34.7869,5.56,-0.09,B8V,125745,70243,,
220.4313,11.6606,5.56,0.94,G8III,129336,71837,118.2,
235.9971,32.5158,5.56,1.06,gG9,140716,77048,76.28,
240.8804,76.7936,5.56,,A3V,145622,78661,178.25,
246.4296,78.9639,5.56,0.26,F0V,149681,80480,42.35,
251.3438,15.7453,5.56,1.66,M3IIIab,151203,82028,158.48,
256.5754,22.0842,5.56,1.3,K3III,154733,83692,109.77,
257.4500,-10.5233,5.56,0.52,F5IV,155078,83962,40.34,
258.1358,62.8744,5.56,0.21,F0IV,156295,84183,41.65,
286.2413,31.7444,5.56,1.54,M0III,177808,93718,185.87,
292.3421,14.5958,5.56,1.05,K0III,183492,95822,87.87,
330.5192,58.0006,5.56,0.06,O9Vn,209481,108772,,
343.6896,-16.2719,5.56,1.14,K2.5IIIb,216640,113148,42.97,
348.3208,57.1683,5.56,1.01,K3V,219134,114622,6.53,
348.9075,70.8881,5.56,0.24,F0IV,219586,114831,109.29,
350.6354,60.1336,5.56,1.68,K3II,220369,115395,,
6.0650,52.0200,5.57,-0.12,B5IV,1976,1921,,
8.6158,-52.3731,5.57,0.47,F3IV-V,3158,2711,25.62,
9.3363,-24.7672,5.57,0.72,G8V,3443,2941,15.53,
12.0046,-21.7225,5.57,-0.06,B9V,4622,3741,148.81,
17.9225,65.0189,5.57,-0.09,B9IV,6972,5589,111.23,
24.2746,12.1417,5.57,0.35,F0V,9919,7535,33.81,
29.9117,-42.0306,5.57,1.06,K1III,12296,9313,79.68,
46.8833,-78.9894,5.57,0.3,F2II-III,20313,14521,76.16,
53.9904,-11.1936,5.57,0.91,gG7,22409,16780,116.28,
55.2829,37.5800,5.57,-0.07,B7Vne,22780,17203,,
54.9629,3.0569,5.57,0.94,gG6,22796,17103,122.85,
67.0542,83.8078,5.57,-0.13,B5V,26356,20860,210.08,
82.0637,-37.2306,5.57,0.02,A1V,36187,25608,90.09,
88.7188,-39.9581,5.57,1.51,M0III,40091,27955,156.01,
126.6154,27.8936,5.57,1.4,K5III,71093,41377,122.1,
138.1275,-43.6136,5.57,-0.11,B8Vp:Si:,79416,45189,191.2,
147.7321,-62.7453,5.57,1.32,K1IIICNII,85656,48310,294.12,
156.4346,-7.0597,5.57,1.52,K5:IIIbFe-0.5,90362,51046,100.91,
166.7079,-70.8781,5.57,-0.05,B2V,96706,54327,346.02,
171.4017,16.4564,5.57,0.36,F2V,99285,55765,47.28,
178.0421,-56.9878,5.57,0.07,A2V,103101,57870,104.49,
179.4171,-62.4489,5.57,-0.15,B3V,103884,58326,183.49,
183.0387,20.5419,5.57,0.95,K0II-III,106057,59501,148.59,
204.8942,10.7461,5.57,0.33,F0V,118889,66640,53.53,
226.3575,48.1511,5.57,0.0,A1V,133962,73841,79.68,
235.8200,-84.4653,5.57,0.11,A2V,137333,76996,66.58,
242.3275,-57.9344,5.57,-0.04,B9.5V,144480,79153,83.19,
250.4738,-19.9244,5.57,0.43,F4IV-III,150453,81754,42.55,
283.8646,6.6153,5.57,1.04,K0III,175515,92872,89.77,
284.3192,2.5353,5.57,0.0,B9IIIep:Hg:,175869,93051,,
288.8338,15.0836,5.57,1.07,G8II-III,180262,94624,187.97,
298.0067,24.9922,5.57,0.71,A1Ia,187982,97765,,
311.9554,47.8319,5.57,1.46,K5III,198345,102635,165.02,
320.2683,23.8558,5.57,1.05,K1III,203344,105411,85.98,
323.3479,-44.8486,5.57,1.04,K1III,204960,106429,190.84,
351.2117,32.3850,5.57,-0.11,B9III,220599,115591,155.28,
16.5213,-9.8394,5.58,0.01,A1V,6530,5164,182.48,
20.9192,37.7150,5.58,0.26,A2Vm,8374,6514,64.81,
24.7158,-21.2753,5.58,0.34,A4n,10148,7679,70.37,
30.7512,64.3900,5.58,0.38,B8Ib,12301,9573,,
33.9283,25.0431,5.58,0.49,F6V,13872,10535,48.15,
34.5058,1.7578,5.58,0.6,G0.5IVb,14214,10723,24.98,
52.2183,49.8483,5.58,-0.04,B6Vn,21362,16210,169.78,
67.5358,15.6381,5.58,0.32,F0V,28485,20995,43.61,
70.0283,-24.4825,5.58,0.92,G6III,29737,21743,96.71,
72.3033,31.4372,5.58,1.12,K2III,30454,22393,71.94,
92.5429,-40.3536,5.58,1.68,M2II-III,42682,29263,261.78,
108.9588,47.2400,5.58,0.58,G0V,55575,35136,16.86,
108.7129,-27.0381,5.58,1.22,K4III,56160,35044,83.61,
124.5725,-35.4517,5.58,1.24,K2III,70002,40678,126.58,
125.3383,-20.0792,5.58,0.77,G2III+A3,70442,40944,137.93,
134.1562,64.6039,5.58,0.86,G7IIIFe-0.5,75958,43903,94.43,
140.4621,-42.1950,5.58,1.63,M1III,81034,45924,173.31,
156.7042,-54.8775,5.58,1.56,K3II-III,90677,51140,,
157.3708,-29.6636,5.58,1.42,K5III,90957,51364,118.76,
157.7492,-13.5883,5.58,-0.04,B9Vn,91120,51491,149.25,
158.3788,34.9886,5.58,0.02,A2Vn,91365,51685,161.81,
162.8487,59.3200,5.58,1.14,K2III,93875,53064,80.71,
178.7629,8.4439,5.58,0.94,gK0,103484,58110,51.41,
188.3929,-12.8303,5.58,0.86,G8III,109272,61296,48.59,
195.9421,-20.5831,5.58,0.56,F7V,113415,63738,28.66,
205.2312,-85.7861,5.58,0.18,Am,117374,66753,78.68,
230.8012,30.2878,5.58,0.58,G0V,137107,75312,18.62,
236.3479,5.4469,5.58,0.04,A0V,140775,77163,117.79,
251.8313,-58.3414,5.58,-0.08,B0.5Ia,150898,82171,,
254.2000,-23.1500,5.58,-0.02,A0V,152849,82925,111.23,
268.9617,22.4642,5.58,1.24,gK3,163547,87777,149.93,
272.4958,36.4664,5.58,0.91,G8III,166640,89008,132.98,
283.4317,36.9717,5.58,-0.15,B2.5V,175426,92728,331.13,
290.1587,-22.4025,5.58,0.27,F0III:,181240,95077,57.08,
304.6192,37.0000,5.58,0.06,A2V,193369,100108,59.67,
305.5225,45.7950,5.58,1.08,K0III,194152,100437,127.23,
310.7958,66.6575,5.58,0.22,A8V,197950,102253,42.57,
311.9513,6.0083,5.58,-0.02,A0V,198069,102633,157.48,
313.9108,12.5686,5.58,0.12,A4V,199254,103298,61.16,
326.6338,-11.3658,5.58,-0.01,A1V,207052,107517,90.09,
327.0658,-47.3036,5.58,0.6,G0V,207129,107649,15.64,
330.2708,0.6050,5.58,1.28,gK4,209128,108691,202.84,
332.3067,33.1722,5.58,1.0,G8IIIb,210354,109352,86.88,
333.4350,-25.1808,5.58,0.49,F6III-II,210848,109737,67.66,
337.2833,9.1289,5.58,1.55,K5IIIa,213119,110986,177.62,
351.7533,87.3075,5.58,0.23,A7IV,221525,115746,94.07,
1.6104,64.1961,5.59,-0.03,B9III,144,531,301.2,
12.3567,-13.5614,5.59,1.3,K5III,4730,3849,99.8,
15.3262,-38.9167,5.59,1.18,K0III,6055,4770,192.68,
25.5854,68.0431,5.59,-0.07,A0pSiSr,10221,7965,136.24,
35.2425,50.1514,5.59,-0.13,B9pSi,14392,10944,109.29,
43.9871,61.5211,5.59,0.45,F4V,17948,13665,26.47,
52.4000,-12.6747,5.59,0.17,A5IV,21688,16263,128.87,
56.1308,36.4600,5.59,0.06,A2m,23193,17460,101.73,
61.4058,-27.6517,5.59,0.31,F1IV,25945,19095,43.18,
64.9904,14.0353,5.59,0.28,F0IV,27397,20219,44.82,
88.0929,14.1717,5.59,-0.05,B9pSiCrEu,39317,27743,157.98,
98.8504,-36.7800,5.59,-0.14,A0V,47144,31457,177.94,
104.6496,-25.4139,5.59,-0.16,B3V,52018,33575,319.49,
112.3279,-1.9053,5.59,1.5,K5III,59311,36388,,
113.2983,3.2903,5.59,0.31,F2V,60111,36723,42.66,
117.2779,-56.4106,5.59,1.13,G5II,64067,38152,286.53,
126.6133,-3.9875,5.59,0.22,A5III-IV,71297,41375,53.11,
132.9025,-57.6336,5.59,-0.11,B8III,76113,43499,219.78,
137.4850,-30.3653,5.59,0.19,A4IV-V,78922,45001,65.15,
141.3500,-5.1175,5.59,1.52,K5III,81420,46221,207.04,
171.0462,-72.2567,5.59,0.06,B2IV-V,99264,55657,271.0,
174.5858,43.6256,5.59,0.33,F2II-III,101107,56770,45.64,
180.4146,36.0419,5.59,1.01,K0III,104438,58654,110.99,
190.4879,6.8067,5.59,0.0,A2V,110423,61968,74.79,
196.6463,-41.5886,5.59,1.05,K0II-III,113778,63972,103.95,
217.1575,49.8447,5.59,0.85,G3IV,127243,70791,94.43,
229.7350,-40.7883,5.59,-0.1,B7V,135876,74950,157.73,
260.0879,46.2408,5.59,1.57,M0III,157325,84835,176.68,
262.8388,2.7244,5.59,0.84,G8III+A7,158837,85749,114.29,
273.9117,42.1594,5.59,-0.1,B7IV,167965,89482,165.56,
289.1292,4.8347,5.59,0.08,A3IV,180482,94727,167.5,
289.9167,-35.4214,5.59,-0.13,B3V,180885,94986,,
291.5800,-21.7767,5.59,1.22,K3III,182629,95564,170.65,
305.6146,-42.0497,5.59,0.0,A0V,193571,100469,74.91,
309.2696,26.4619,5.59,-0.07,B9V,196504,101716,93.63,
317.1621,30.2058,5.59,-0.1,B9VpSi,201433,104371,136.05,
344.0983,41.6039,5.59,-0.14,B2IV,216916,113281,,
350.2067,30.4150,5.59,1.5,M0III,220088,115271,133.51,
351.3308,-56.8492,5.59,1.07,K0III,220572,115620,87.57,
353.6562,40.2364,5.59,0.1,A1Vp,221756,116354,71.58,
1.1721,-71.4369,5.59,-0.12,B8IV-V,225253,377,175.44,
7.9217,52.8394,5.60,1.15,K2III,2774,2497,120.63,
55.8908,-10.4856,5.60,0.22,A5m,23281,17395,42.92,
59.8754,-12.5742,5.60,1.48,K5III,25165,18647,,
67.2788,-13.0483,5.60,-0.23,B1Vne,28497,20922,,
83.8058,10.2400,5.60,0.12,B9IIIpHg:Mn:,36881,26215,,
85.6100,65.6978,5.60,1.24,gK5,37289,26882,85.47,
97.2062,-7.0344,5.60,,B3e,45727,,,
98.0962,-5.8689,5.60,0.25,F0Vnn,46304,31167,43.23,
97.8263,-51.8261,5.60,0.54,F8V,46569,31079,37.22,
115.8000,-36.0503,5.60,-0.13,B5V,62578,37623,183.49,
117.3975,-33.2889,5.60,1.61,K5III,63852,38200,211.86,
119.4454,-60.3033,5.60,0.57,G0V,65907,38908,16.19,
137.1758,-8.5894,5.60,-0.06,B9.5III,78556,44883,,
151.7896,-17.1417,5.60,1.5,K7III,87808,49569,105.26,
152.3413,-61.5492,5.60,1.6,M2-3IIIe,88366,49751,,
153.8812,-43.1125,5.60,1.52,K4III,89062,50241,166.94,
194.0017,38.3147,5.60,0.34,F0V,112412,63121,,
196.5942,22.6161,5.60,1.59,M5III,113866,63950,,
200.0792,40.1506,5.60,1.2,K1III,116010,65072,200.8,
203.5304,55.3486,5.60,-0.03,A0V,118214,66198,84.96,
204.9525,-40.0519,5.60,1.3,K2/3III,118799,66656,160.0,
206.1242,-16.1792,5.60,0.81,G0Ib-IIa,119605,67057,239.23,
223.3071,-73.1900,5.60,0.82,G7IIIa+F9IV,130458,72833,98.14,
268.3471,-34.8953,5.60,1.14,K3III,162587,87569,,
273.9204,-63.0556,5.60,0.92,K0III-IV,166599,89487,90.74,
276.2563,-30.7567,5.60,1.14,K0III-IV,169233,90260,200.4,
320.7521,-22.6689,5.60,1.63,M1III,203475,105576,204.5,
321.3317,46.7144,5.60,0.32,F0V,204153,105769,34.32,
330.2725,13.1197,5.60,0.34,F4III,209166,108693,69.93,
330.7363,44.6500,5.60,-0.03,A0IV,209515,108845,162.34,
342.8450,61.6969,5.60,0.78,G8III-IV+G2IV,216380,112864,69.74,
347.0875,-28.8233,5.60,0.88,G9III,218434,114254,87.57,
351.8192,70.3597,5.60,0.19,A6IV,220974,115770,63.25,
14.6829,-11.3800,5.61,0.97,G7III,5722,4587,96.62,
25.1658,43.2978,5.61,0.21,sgA9,10204,7825,82.3,
45.5938,4.3528,5.61,-0.1,B7V,18883,14143,136.61,
53.0838,84.9111,5.61,0.92,G3IIp:+F0:V,20084,16489,108.93,
49.8950,-24.1231,5.61,1.66,M2III,20729,15479,,
51.1237,33.5358,5.61,-0.03,A0V,20995,15876,161.55,
52.0867,33.8075,5.61,0.02,A2V,21402,16168,105.15,
61.0946,-12.7925,5.61,1.08,gK0,25723,19011,123.15,
72.7300,-53.4614,5.61,0.33,F0IV,31203,22531,37.08,
75.9721,-24.3878,5.61,0.1,A3m,32667,23554,60.06,
80.0942,62.6536,5.61,1.75,K4I:,34255,24914,,
81.2567,-10.3292,5.61,1.56,K5III,35536,25329,194.93,
83.7854,9.9350,5.61,0.04,B0.5V,36862,,,
95.7325,-56.3700,5.61,0.24,Am,45229,30342,50.33,
101.8279,-55.5400,5.61,1.52,K5III,49877,32531,183.49,
111.7475,-23.0861,5.61,-0.13,B0IV:pe,58978,36168,,
117.5442,-9.1833,5.61,1.44,K3III,63752,38253,,
126.1458,-3.7511,5.61,0.46,F3V,70958,41211,27.21,
130.0725,-53.0153,5.61,-0.14,B7Vn,74196,42535,144.72,
156.3133,8.7847,5.61,1.62,M3IIIabs,90254,51008,215.98,
162.4875,-34.0581,5.61,0.04,A1V,93905,52965,106.27,
179.6987,-64.3392,5.61,0.18,A3Ib,104035,58427,,
213.6775,-41.8375,5.61,0.93,G8III,124433,69598,137.74,
216.2762,-68.1953,5.61,0.49,A3Ib,125835,70492,,
236.6842,-34.6825,5.61,-0.11,B7Vn,140784,77286,119.05,
262.7308,31.1583,5.61,0.95,G8III,158974,85715,115.61,
278.8767,23.6056,5.61,1.0,G9III+G7III,171745,91139,,
282.3958,-43.4339,5.61,-0.08,B9IV,173861,92382,186.22,
293.3400,-45.2719,5.61,-0.04,ApCrEuSr,183806,96178,133.87,
298.6867,0.2736,5.61,0.1,A0III,188350,97980,105.82,
314.6254,50.4622,5.61,-0.15,B5Vn,199955,103530,,
316.1446,5.5028,5.61,1.65,K5III,200644,104031,210.97,
346.7233,-38.8922,5.61,0.01,A1V,218242,114132,90.17,
358.6942,0.1092,5.61,1.59,M5III,224062,117887,197.24,
13.7213,83.7072,5.62,0.09,A4V,4853,4283,75.19,
30.9187,-4.1036,5.62,1.59,K5I:,12642,9622,200.8,
34.5312,19.9011,5.62,0.01,A1Vn,14191,10732,118.76,
46.5988,13.1872,5.62,1.08,K3III,19270,14439,97.94,
96.0042,-36.7078,5.62,1.04,G6III,45145,30444,94.52,
98.6471,-32.7164,5.62,-0.08,B8V,46936,31362,149.25,
106.0217,-5.3236,5.62,1.29,K3III,53208,34086,,
108.6358,12.1158,5.62,1.01,G6III,55730,35005,101.52,
116.1417,-24.6739,5.62,-0.19,B1.5III,62747,37751,,
145.5012,39.7578,5.62,0.95,G8III,83805,47570,104.28,
147.8325,-46.1939,5.62,1.17,K2III,85563,48348,102.67,
205.2596,22.4958,5.62,1.01,G9III,119126,66763,98.72,
207.1612,31.1903,5.62,1.01,K0III,120420,67384,95.33,
234.4129,69.2833,5.62,1.35,K5IIIb,140227,76519,270.27,
238.8754,-26.2658,5.62,0.15,A3V,142445,77984,132.45,
239.2258,-33.9642,5.62,0.05,B9V,142630,78106,60.1,
239.7404,36.6439,5.62,1.49,gK5,143435,78276,275.48,
262.9567,28.4075,5.62,0.0,A1V,159139,85790,84.32,
263.3746,-5.7447,5.62,0.18,A5V,159170,85922,48.4,
283.5550,27.9094,5.62,1.35,K4III,175443,92768,124.38,
297.9963,47.0275,5.62,-0.07,O9.5Ia,188209,97757,,
306.8929,38.4403,5.62,0.06,A3V,195050,100907,82.85,
324.7400,57.4892,5.62,0.21,O6.5V((f)),206267,106886,,
327.5004,-64.7125,5.62,1.02,K0III,207229,107773,102.35,
331.4621,-59.6361,5.62,1.46,K4III,209529,109081,157.73,
335.7833,-45.9286,5.62,0.36,F3III-IV,212132,110506,40.62,
359.8663,-29.4850,5.62,1.6,K5III,224630,118277,,
23.6575,-15.6761,5.63,0.07,A3V,9672,7345,61.27,
26.9367,63.8522,5.63,0.81,K0V,10780,8362,9.98,
30.9137,25.9356,5.63,0.54,F8IV,12558,9621,52.91,
32.7200,39.0394,5.63,-0.02,B9V,13294,10176,,
32.8379,8.5697,5.63,0.56,G0IV,13421,10212,42.52,
44.1088,18.0231,5.63,0.43,F6V,18256,13702,35.41,
59.2171,22.4781,5.63,0.3,F2IV,24740,18471,44.82,
88.1383,-37.6311,5.63,1.04,K1III,39720,27766,98.62,
91.2433,4.1586,5.63,1.04,G4III,41380,28814,,
95.9829,-25.5778,5.63,1.56,K5III,45018,30436,213.68,
105.2746,-25.2153,5.63,-0.17,B2V,52670,33804,315.46,
111.7833,-17.8644,5.63,0.32,A5n,58954,36186,85.98,
117.9287,-21.1739,5.63,0.96,G8III,64152,38375,84.03,
118.7217,-57.3031,5.63,1.3,K3-4III,65273,38656,105.26,
123.0529,17.6478,5.63,0.54,F8V,68257,,,Tegmine
140.4583,-55.5150,5.63,0.19,A3IV s:,81157,45920,84.46,
144.2913,-32.1786,5.63,1.02,K0III,83380,47199,82.03,
146.5971,11.8100,5.63,1.49,gK4,84561,47959,215.05,
173.7704,54.7853,5.63,1.02,K0III,100615,56510,125.94,
187.5729,-23.6967,5.63,1.67,M0III,108821,61015,,
196.4679,45.2686,5.63,1.13,K1III,113847,63916,148.15,
204.3008,-61.6919,5.63,0.5,F6V,118261,66438,35.49,
221.5250,15.1319,5.63,1.57,M5IIIab,130144,72208,,
221.8438,-25.6244,5.63,,A0IIIp,130158,72323,187.97,
224.0958,49.6286,5.63,0.5,F7V,132254,73100,24.84,
228.9546,0.3722,5.63,0.18,A4V,135559,74689,49.5,
241.9063,9.8917,5.63,0.2,A7V,144874,79007,82.51,
243.9571,-57.9122,5.63,0.14,A3III,145782,79689,113.38,
242.9500,36.4250,5.63,1.34,K3III,145849,79358,187.27,
248.1488,5.5211,5.63,-0.06,B9.5III,149121,81007,98.81,
275.2379,29.8589,5.63,0.21,A5m,168913,89925,57.6,
284.1067,65.2581,5.63,0.95,G8III,176598,92969,96.25,
289.1117,14.5447,5.63,-0.02,B9.5V,180555,94720,114.03,
291.5550,20.0978,5.63,-0.01,A0V,182919,95560,66.93,
321.5954,-37.8294,5.63,1.19,K2III,203949,105854,84.6,
351.8125,-58.4761,5.63,0.98,G8III,220790,115769,91.49,
353.6592,33.4972,5.63,1.03,gK0,221758,116355,93.63,
0.6238,8.4856,5.63,0.29,F0V,225003,194,37.69,
18.0696,79.6739,5.64,0.01,A3V,6798,5626,83.47,
25.5146,35.2456,5.64,-0.07,B9IV-V,10390,7943,79.3,
56.2904,24.8392,5.64,-0.07,B8V,23324,17527,112.74,
65.8542,16.7772,5.64,0.3,A1m,27749,20484,47.24,
83.4762,14.3056,5.64,-0.14,B3V,36653,26093,157.48,
95.3529,-11.7733,5.64,-0.02,B1Vpe,44458,30214,,
96.6075,56.2850,5.64,0.24,A3Vm,44691,30651,83.26,
100.0113,-80.8136,5.64,0.2,A5III,50506,31897,123.92,
103.3283,-19.0328,5.64,0.28,F1V,50644,33077,101.01,
112.7196,68.4656,5.64,1.11,gK2,58425,36528,138.89,
115.7004,-26.3511,5.64,0.99,K1III,62412,37590,102.15,
123.2871,29.6567,5.64,-0.07,B9pSiCr,68351,40240,,
124.4600,59.5711,5.64,0.16,A7IV,68930,40646,93.2,
129.7987,65.0208,5.64,0.62,G1.5Vb,72905,42438,14.27,
130.8013,12.6808,5.64,0.39,A3V+G0III,74228,42795,,
145.8887,29.9744,5.64,0.12,A2IV,84107,47701,48.83,
160.6800,-32.7158,5.64,0.0,A0V,92845,52407,185.53,
173.0679,-29.2611,5.64,0.53,F8V,100287,,,
173.2004,-40.4364,5.64,1.58,K6III,100378,56319,166.94,
177.7592,-5.3333,5.64,1.06,K0III,102928,57791,79.43,
224.1333,-47.8792,5.64,-0.04,B9V,131657,73111,191.94,
224.9037,39.2653,5.64,0.31,F0-2IV-III,132772,73369,50.43,
222.5850,82.5119,5.64,0.68,F9V,133002,72573,43.33,
232.0642,-16.7164,5.64,1.55,K5III,137744,75730,,
243.6700,33.8586,5.64,0.51,G0VCaIIe,146361,79607,21.69,
256.3846,-0.8919,5.64,0.16,B1V,154445,83635,,
263.3450,19.2567,5.64,0.48,F6V,159332,85912,36.68,
277.1129,-38.9956,5.64,0.13,A2mA2-F0,169853,90541,152.91,
277.4371,77.5469,5.64,1.18,gK4,172340,90647,145.56,
288.8225,21.2322,5.64,0.11,A4V,180317,94620,97.47,
294.2637,-18.2311,5.64,1.26,K3III,184835,96496,135.69,
301.1504,32.2186,5.64,0.54,B1.5Ia,190603,98863,,
305.9717,-42.4228,5.64,0.2,A5V,193807,100591,113.64,
317.9508,59.9864,5.64,0.11,B0II,202214,104642,,
326.8083,2.6861,5.64,0.0,A1V,207203,107575,143.27,
343.2596,16.8411,5.64,1.12,K1-2II-III,216489,112997,96.81,
350.3146,-26.9867,5.64,0.82,G4V,220096,115312,100.81,
17.5783,42.0814,5.65,0.6,F8V,6920,5493,52.69,
39.4242,-3.3961,5.65,1.02,gG5,16400,12247,97.18,
64.5967,21.5792,5.65,0.28,F0V,27176,20087,54.79,
81.1183,-16.9761,5.65,0.0,A1V,35505,25280,67.39,
84.2908,-80.4692,5.65,0.6,G1V,39091,26394,18.21,
91.0846,-32.1725,5.65,-0.19,B2.5V,41534,28756,332.23,
93.8929,-0.5122,5.65,0.5,F6V,43318,29716,35.69,
102.6062,13.4133,5.65,1.34,gK3,49738,32814,,
103.0000,23.6017,5.65,1.45,K5III,49968,32968,157.23,
114.1317,46.1803,5.65,1.56,M0III,60437,37023,158.98,
120.3075,4.8797,5.65,0.0,A1V,65900,39213,106.16,
125.0029,-71.5053,5.65,-0.1,A0IVMn,71066,40834,121.21,
127.6192,-32.1594,5.65,1.49,K2III,72227,41723,,
146.5983,1.7856,5.65,0.34,F4IV,84607,47960,83.89,
152.7325,-8.4183,5.65,1.3,K2III,88333,49865,145.14,
155.0696,-47.6992,5.65,1.67,K5-M0III,89736,50609,,
174.3150,-75.8967,5.65,0.35,F1III,101132,56675,42.11,
202.3042,10.8183,5.65,1.05,K0III,117304,65790,83.4,
225.4617,-83.2278,5.65,0.95,G8-K0III,130650,73540,119.19,
226.1946,-83.0383,5.65,1.3,G8Ib,131246,73771,,
224.6633,-27.6572,5.65,0.24,A4V+A6V,132219,73284,107.3,
230.4508,-48.3178,5.65,0.65,G3-5V,136352,75181,14.56,
235.0883,-73.4467,5.65,-0.04,B7III-IV,138800,76750,225.23,
247.9471,45.5983,5.65,0.12,A4Vn,149303,80953,69.06,
250.3346,-48.7631,5.65,0.13,O5III(f),150136,81702,,
250.4175,-49.6517,5.65,-0.03,B1Iab-Ib,150168,81733,,
255.0258,-54.5969,5.65,0.19,A5IV-V,153053,83187,50.66,
255.2421,22.6322,5.65,1.33,gK3,153834,83254,,
259.7021,28.8231,5.65,0.98,K0III,156874,84691,97.66,
261.4221,60.0483,5.65,0.03,A1Vn,158460,85290,104.38,
276.4117,8.0319,5.65,0.92,G8III-IV+A0V,169689,90313,247.52,
278.3462,-38.7261,5.65,-0.06,B9V,170867,90969,,
285.6154,-24.8469,5.65,1.23,K3III,176704,93498,84.67,
294.0071,-24.7192,5.65,0.19,A7m,184552,96406,89.05,
298.3279,-3.1144,5.65,0.2,A5p,188041,97871,84.82,
303.5792,-52.4456,5.65,1.5,K4III,191829,99747,280.9,
308.0987,-9.8533,5.65,0.69,G2.5IV,195564,101345,24.24,
315.1154,19.3294,5.65,1.61,M3IIIab,200044,103675,182.82,
325.8571,38.2839,5.65,0.0,A0V,206774,107253,83.54,
330.2883,8.2572,5.65,1.44,gK5,209167,108699,186.92,
337.5075,32.5725,5.65,-0.04,B9.5V,213323,111068,124.84,
345.0242,-25.1642,5.65,1.25,gK0,217303,113562,216.45,
354.4150,-13.0603,5.65,1.03,G9IIIFe-0.5,222093,116591,86.96,
11.4125,74.9881,5.66,0.05,A2IV,4161,3572,88.97,
21.7150,-13.0567,5.66,0.35,F0IIIDel Del,8829,6748,36.3,
56.4971,45.6819,5.66,-0.07,B6V,23300,17584,,
57.5188,44.9678,5.66,0.76,G2III+F2:V,23838,17932,106.27,
72.7887,48.7408,5.66,0.99,G9III,30557,22545,98.43,
74.7554,-16.3758,5.66,0.43,F3V+F9V,31925,23166,43.16,
88.6817,-11.7739,5.66,1.53,K5III,39853,27938,228.83,
101.6625,-10.1072,5.66,-0.05,B9.5V,49147,32474,164.2,
109.0646,-46.7744,5.66,1.44,K4III,56813,35181,212.31,
113.3312,-19.4125,5.66,1.12,K3III,60341,36732,89.69,
122.3900,-56.0856,5.66,0.21,A3m,68434,39957,116.55,
129.5925,53.4014,5.66,0.96,G8IV,73017,42372,73.8,
131.1875,10.0817,5.66,-0.11,A1pEuCr,74521,42917,125.0,
133.1442,32.4742,5.66,0.22,A8Vma s,75698,43584,62.46,
142.3025,-20.7486,5.66,1.6,M1III,82077,46511,280.11,
150.7037,21.9492,5.66,-0.19,B2.5IV,87015,49220,,
163.5742,-13.7581,5.66,0.83,G4III,94481,53316,125.47,
182.9633,25.8703,5.66,1.41,K4III,105981,59468,,
184.0317,40.6603,5.66,1.55,M1III+F7V,106690,59831,,
192.1100,-27.5975,5.66,0.95,G5III-IV,111295,62500,93.2,
230.0217,51.9586,5.66,0.11,A4V,136729,75043,65.27,
277.5496,-18.7289,5.66,1.06,gK0,170433,90687,89.85,
284.1875,57.8150,5.66,1.15,K1III,176408,92997,87.72,
294.3225,16.4628,5.66,1.02,G8III,185194,96516,145.14,
300.0846,-33.7039,5.66,0.49,F7V,189245,98470,20.88,
303.8487,33.7294,5.66,0.91,K0III,192787,99841,92.08,
306.4188,21.4097,5.66,0.93,G6III,194577,100754,166.67,
319.8158,58.6236,5.66,1.38,M1Ibep+B2pe+B3V,203338,105259,,
339.7146,-33.0814,5.66,0.05,A2Vp,214484,111809,133.33,
341.9283,-14.0564,5.66,-0.05,A0V,215766,112542,79.68,
349.2404,-62.0011,5.66,0.51,F7V,219482,114948,20.58,
4.0371,-31.4464,5.67,1.35,K5III,1187,1288,130.89,
8.0992,6.9556,5.67,0.0,B9.5V,2913,2548,80.91,
11.1100,47.8642,5.67,-0.12,B5V,4142,3478,233.1,
29.0388,37.2517,5.67,1.06,K0III,11749,9021,98.23,
32.1688,58.4236,5.67,0.61,A1Ia,12953,9990,,
58.0008,6.5347,5.67,0.06,B5V,24263,18089,,
60.4421,9.9978,5.67,0.02,B5V,25330,18805,173.31,
70.3504,48.3008,5.67,-0.02,A0V,29526,21823,95.42,
83.7537,-6.0092,5.67,-0.23,B1V,36959,26197,,
90.2050,-51.2164,5.67,0.2,Am,41214,28484,63.21,
91.2425,5.4200,5.67,1.04,gG7,41361,28812,,
134.3967,15.5814,5.67,0.2,F0IV,76582,44001,49.26,
135.4917,-0.4828,5.67,1.15,K0III,77353,44356,187.97,
154.7700,-64.6764,5.67,0.05,A1V,89715,50520,89.45,
158.7592,8.6503,5.67,0.05,A2V,91636,51802,141.84,
162.7962,56.5822,5.67,1.12,K2III,93859,53043,107.3,
166.1300,-47.6792,5.67,0.24,A8III-IV,96113,54137,85.54,
191.5938,9.5400,5.67,0.99,K1III-IV,111028,62325,44.72,
198.6304,11.3317,5.67,1.5,M0III,115046,64607,155.52,
201.4587,-70.6275,5.67,-0.03,ApHgMn:,116458,65522,142.25,
220.2558,-36.1350,5.67,-0.08,A0p:,128974,71783,180.51,
227.0992,26.3011,5.67,1.24,gK2,134320,74087,128.7,
230.7933,-60.6569,5.67,0.48,F7V,136359,75308,41.67,
243.0662,-28.4175,5.67,0.01,B9V,145483,79399,91.41,
245.9458,61.6967,5.67,0.96,G8III,148374,80309,126.42,
258.0675,-39.5069,5.67,0.04,A1V,155259,84150,64.68,
260.4392,53.4206,5.67,1.47,K4III,157681,84950,181.16,
269.9842,45.5014,5.67,1.57,M0IIIab,164646,88122,187.27,
291.7354,-29.7433,5.67,0.0,B9V,182681,95619,69.11,
295.1804,-0.6211,5.67,0.11,A3IV,185762,96807,87.41,
299.7938,23.1014,5.67,,F0,189410,98375,48.4,
300.8750,16.0314,5.67,-0.1,B9pHgMn,190229,98754,195.31,
310.4854,41.7169,5.67,-0.12,B8II-III,197392,102155,319.49,
313.9575,47.4178,5.67,0.47,B8Ia,199478,103312,,
324.6329,5.7717,5.67,0.25,A9IV-Vn,205924,106856,53.36,
325.5421,1.2853,5.67,1.44,K2III,206445,107144,,
1.1750,67.1667,5.67,1.07,K1III,225216,379,97.09,
2.0146,-33.5294,5.68,1.12,K1III,344,655,99.8,
16.2725,14.9461,5.68,0.41,F4II-III,6397,5081,54.7,
39.1579,12.4475,5.68,0.49,F7V,16234,12153,35.21,
53.1450,-50.3786,5.68,1.1,K2III,22231,16509,94.07,
68.5346,5.5686,5.68,0.05,A2V s,28978,21295,125.16,
70.7887,-30.7656,5.68,1.41,K2III,30080,21958,229.36,
77.6788,46.9622,5.68,0.42,F5V,33167,24109,46.21,
77.8450,-11.8492,5.68,1.46,M6III,33664,24169,136.99,
80.3825,-0.4164,5.68,-0.12,B3V,35007,25028,,
105.3396,70.8081,5.68,1.33,gK4,50885,33827,140.06,
105.0658,16.0789,5.68,1.66,K3Ib,52005,33715,,
114.5758,-48.6011,5.68,0.65,F4Iab,61715,37174,,
122.3688,-16.2489,5.68,-0.17,B2.5V,67880,39943,,
126.2296,-23.1536,5.68,0.06,A2,71141,41242,193.42,
167.2046,24.6583,5.68,0.06,A3IV,96738,54487,125.16,
185.8400,-24.8406,5.68,1.16,gK1,107815,60425,96.9,
189.2429,17.0894,5.68,1.41,K5III,109742,61571,158.98,
222.3279,-24.2517,5.68,1.3,gK1,130529,72488,,
247.4454,-14.5508,5.68,0.82,G2-6III,148604,80793,82.1,
270.0383,80.0042,5.68,0.5,F7,166866,88136,53.08,
301.0967,-0.7094,5.68,1.3,K4III,190299,98844,178.57,
309.7479,30.3344,5.68,1.09,K2III,196852,101899,118.48,
317.3429,-73.1731,5.68,0.59,F8-G0V,200525,104440,18.73,
316.5050,-30.1250,5.68,1.03,K0/1III,200718,104148,101.73,
320.2088,32.4528,5.68,1.08,G8IV,203358,105390,73.26,
321.1417,26.1744,5.68,0.31,A8III,203925,105703,67.39,
328.4058,19.6683,5.68,0.01,A0V s,208108,108060,70.52,
338.0675,76.2264,5.68,0.05,A2V,214035,111242,225.73,
345.2812,-50.9500,5.68,1.42,K3III,217403,113657,147.49,
352.2542,-63.1108,5.68,-0.17,ApSi,221006,115908,116.55,
354.0971,2.1022,5.68,0.44,F6Vb vw,221950,116495,30.99,
7.6087,-48.2150,5.69,0.35,F2V,2726,2383,45.07,
24.0350,-29.9075,5.69,0.33,F2V,9906,7463,62.0,
24.3667,-84.7697,5.69,0.94,G8III,11025,7568,111.86,
29.6400,49.2042,5.69,1.01,K0IV,11949,9222,75.47,
33.8687,-67.7464,5.69,1.3,K2III,14287,10513,143.47,
40.5917,20.0117,5.69,-0.02,A0Vnp:,16811,12640,103.73,
50.2783,3.6756,5.69,0.97,G8.5III,20791,15619,89.05,
55.5788,19.7003,5.69,-0.01,B9Vne,23016,17309,125.47,
64.4962,-80.2139,5.69,0.84,K2-3III+A,28525,20049,125.0,
83.3817,18.5403,5.69,0.01,B2IV-Ve,36576,26064,,
95.0175,14.6511,5.69,1.61,K3Ib,44033,30099,168.07,
98.1625,-32.0306,5.69,-0.17,B2IVe,46547,31190,257.07,
99.6646,39.3908,5.69,1.35,K5III,47070,31771,97.09,
107.4288,-25.2311,5.69,-0.16,B2.5IV,54912,34579,,
107.1758,-70.4972,5.69,0.4,F2V,55864,34473,45.13,
118.0788,-14.8464,5.69,0.37,F1Ia,64238,38427,,
128.0200,-53.2122,5.69,0.58,K0III+A3,72737,41861,,
126.0825,-80.9142,5.69,1.02,G8III,72922,41191,77.34,
144.2608,16.4378,5.69,1.25,gK1,83189,47189,,
145.5617,69.2375,5.69,1.14,gG9,83489,47594,146.84,
187.4300,20.8961,5.69,0.07,A3V,108765,60957,77.88,
200.4233,2.0872,5.69,0.06,A2V,116160,65198,65.27,
201.7338,-41.4981,5.69,1.47,K3III,116835,65593,,
203.1496,-28.6928,5.69,0.04,A1Vn,117716,66065,65.57,
221.3758,0.7172,5.69,-0.03,B9.5V,129956,72154,,
222.4221,48.7206,5.69,0.47,F6V+F5V,131041,72524,70.32,
227.9900,-48.7436,5.69,0.14,A3IV,134482,74380,,
243.8696,18.8083,5.69,1.12,K3III,146388,79666,96.99,
247.0633,-58.5997,5.69,0.0,B9II-III,147977,80675,208.33,
263.4142,16.3175,5.69,1.01,gK0,159353,85930,98.04,
267.1033,20.5656,5.69,0.94,G5IV,162076,87158,76.69,
272.4750,3.1197,5.69,0.47,F5V,166285,89000,46.95,
283.5004,-21.3597,5.69,1.23,K1Ib,174947,92747,,
284.0258,18.1053,5.69,1.09,K1III,175743,92937,84.46,
285.3225,26.2914,5.69,-0.08,B5V,176871,93393,213.68,
291.3400,-13.8969,5.69,1.43,K3III,182477,95485,221.73,
291.9504,-54.3253,5.69,1.4,K4III,182509,95690,177.62,
297.6554,40.5997,5.69,-0.04,B1III+B3V,187879,97634,,
305.2975,63.9803,5.69,1.56,K5III,194298,100357,224.72,
306.7596,49.3833,5.69,0.26,dF0,195068,100859,37.65,
320.5017,49.3889,5.69,1.1,K0III,203644,105497,100.7,
323.7125,-20.0844,5.69,0.4,F1V,205289,106559,27.13,
325.5954,41.0772,5.69,0.01,A0V,206644,107162,114.16,
1.5792,-49.0750,5.70,0.52,G1IV,142,522,25.64,
10.4433,-56.5017,5.70,0.2,ApSrEuCr,3980,3277,65.4,
11.9304,-18.0614,5.70,1.3,K3III,4585,3717,123.3,
13.4079,-62.8714,5.70,1.56,M4III,5276,4200,187.97,
18.7050,-0.9739,5.70,0.42,F5V,7476,5833,43.88,
23.3575,58.3275,5.70,1.52,K0Ib+B9V,9352,7251,,
32.6567,19.5003,5.70,1.65,M3IIIab,13325,10155,204.08,
52.4950,-78.3519,5.70,0.93,G8III,22676,16290,94.07,
62.6988,-8.8197,5.70,1.06,gG9,26464,19511,99.4,
64.2233,61.8503,5.70,-0.14,B5Vn,26670,19968,125.47,
73.7783,-16.7406,5.70,0.96,gG9,31414,22860,145.99,
80.9263,-0.1597,5.70,-0.21,B1.5V,35299,25223,248.14,
89.7217,12.8086,5.70,0.89,K2III+A5V,40369,28302,,
97.9933,-58.7542,5.70,-0.06,B9Ve,46860,31137,222.22,
99.0950,-18.6600,5.70,0.85,G8III+F3IV-V,47138,31564,84.82,
102.5971,-31.7061,5.70,0.14,B6Vnpe,50123,32810,220.26,
109.8671,-16.3950,5.70,0.35,F1V,57167,35487,44.03,
114.0162,-14.4928,5.70,-0.12,B2Ve,60855,36981,,
118.1238,-54.3672,5.70,-0.15,B1.5IV,64722,38438,,
122.2900,-48.6844,5.70,-0.12,B8Ib-II,68161,39919,266.67,
131.5104,-2.0489,5.70,1.1,gK0,74794,43026,85.4,
144.2508,-25.2967,5.70,1.12,gK1,83332,47187,89.77,
151.0875,-24.2856,5.70,0.3,A8V,87427,49339,78.37,
159.1350,-12.2303,5.70,0.52,F7V,91889,51933,24.59,
177.4238,34.9317,5.70,0.46,F5IV,102713,57670,69.49,
177.6133,-62.6494,5.70,0.26,A2Iab,102878,57741,,
184.3771,28.9372,5.70,0.16,A4m:,106887,59923,53.36,
186.8963,55.7128,5.70,1.55,M2IIIb,108502,60795,134.59,
192.2258,14.1225,5.70,0.02,A1V,111397,62541,123.46,
206.6488,54.4328,5.70,-0.08,B9pEuCr,120198,67231,86.36,
208.3037,17.9328,5.70,0.84,G5III,121107,67787,209.64,
208.4625,53.7286,5.70,-0.05,A0V,121409,67848,136.05,
219.5521,43.6419,5.70,1.48,K2III,128902,71568,350.88,
229.6021,20.5728,5.70,0.97,G8IIIaBa0.3,136138,74896,89.05,
241.4825,-72.4008,5.70,1.17,K1IIICNII,143346,78868,88.42,
242.9083,23.4947,5.70,1.56,M4.5IIIa,145713,79349,173.61,
261.0046,-62.8642,5.70,-0.14,B2IV,156838,85147,,
263.6771,-32.5817,5.70,0.04,O7V+O7V,159176,86011,,
277.4825,-47.2203,5.70,1.26,K2III,170069,90662,182.15,
280.9650,31.9267,5.70,0.34,F1III-IV,173417,91883,51.89,
314.1971,-26.2964,5.70,0.5,F7V,199260,103389,21.0,
321.3046,-9.7486,5.70,0.2,F0IV,203875,105761,84.6,
331.3946,28.9639,5.70,-0.06,B9Vn,209833,109056,93.37,
344.1992,-47.9692,5.70,0.22,Am,216823,113307,83.47,
346.9392,49.2958,5.70,0.44,F5V,218470,114210,34.09,
347.4338,59.3331,5.70,0.33,A5III,218753,114365,,
25.4500,-60.7894,5.71,1.27,K2-3III,10615,7921,113.77,
33.2638,15.2797,5.71,1.55,M0III,13596,10328,165.84,
38.9117,37.3122,5.71,1.39,K3III,16028,12072,207.47,
40.3079,-0.6958,5.71,0.52,F7IV,16765,12530,21.63,
44.9004,-25.2742,5.71,0.4,F2V,18692,13942,32.34,
49.6717,-18.5597,5.71,0.37,F0IV,20631,15411,36.59,
51.8892,-35.6814,5.71,1.29,K2III,21574,16112,142.45,
54.1971,0.5878,5.71,0.92,G9V,22468,16846,28.97,
58.5967,-40.3572,5.71,0.6,K0III+A3V,24744,18262,158.23,
64.2842,57.8606,5.71,1.09,K1III,26755,19983,80.78,
73.1992,42.5867,5.71,0.11,A3III,30823,22699,158.48,
80.8500,-39.6786,5.71,1.62,M1III,35515,25194,172.12,
92.4496,-22.7742,5.71,0.44,F6V,42443,29234,54.11,
91.5392,-66.0397,5.71,-0.03,A0V,42525,28909,101.83,
94.3171,5.1003,5.71,0.61,F9V,43587,29860,19.32,
99.3075,-36.9906,5.71,-0.12,B7IV,47500,31637,,
99.9279,-30.4703,5.71,1.14,K0III,47946,31870,73.86,
102.4221,32.6067,5.71,1.29,K3II,49380,32740,94.07,
106.8442,-23.8403,5.71,-0.1,B2IVe,54309,34360,,
108.9879,27.8975,5.71,1.63,M1IIIa,55870,35152,,
124.8221,62.5072,5.71,0.89,G8III,69148,40772,144.3,
130.1471,-45.1914,5.71,1.65,M0III,74167,42564,291.55,
133.7996,-54.9656,5.71,0.48,F6V,76653,43797,24.15,
142.1217,8.1883,5.71,1.04,K0III,81873,46457,158.98,
148.5733,-45.2839,5.71,-0.11,B3V,85980,48561,259.07,
164.8079,-33.7372,5.71,0.37,F2V,95221,53699,48.64,
166.4900,-27.2878,5.71,-0.06,A0IV,96314,54255,245.1,
173.8050,-47.3725,5.71,1.66,M3III,100733,56518,200.0,
183.7854,70.2000,5.71,1.19,gK2,106574,59746,143.47,
189.5933,1.8547,5.71,1.6,M3+IIIbCa0.5,109896,61658,153.61,
196.9096,-53.4597,5.71,-0.07,B8V,113902,64053,99.4,
208.7038,-67.6525,5.71,1.49,K2III,120913,67942,,
208.8008,-52.1611,5.71,-0.08,B9V,121190,67973,104.82,
224.2987,16.3883,5.71,0.94,gG5,132146,73166,189.39,
225.4538,-0.1406,5.71,1.52,M0.5IIb,132933,73536,,
231.8879,-64.5314,5.71,1.64,K5-M0III,137066,75665,208.33,
236.8221,14.1153,5.71,0.09,A3V,141187,77336,77.22,
251.1775,-40.8397,5.71,-0.12,B3V,150742,81972,151.06,
261.1312,16.3011,5.71,0.07,A3V,157740,85185,132.45,
265.8400,24.3278,5.71,0.65,G2IIIb,161239,86731,38.27,
271.4567,32.2306,5.71,1.16,K0III,165683,88636,213.22,
281.6804,-10.1250,5.71,0.59,F2Ib-II,173638,92136,,
292.3496,-43.4458,5.71,0.22,Am,183007,95823,57.41,
298.6567,-8.2272,5.71,-0.08,B7Vn,188293,97966,102.67,
300.4942,-13.6369,5.71,0.08,A3V,189741,98633,94.88,
300.9058,29.8967,5.71,0.73,G6IV+M6V,190360,98767,15.89,
320.9950,24.2742,5.71,0.32,F1IV,203803,105652,55.4,
328.0042,55.7969,5.71,-0.13,B6IV-V,208095,107930,,
328.5433,-4.2761,5.71,1.18,K2III,208111,108102,89.13,
333.6850,42.9539,5.71,0.0,A2Vnn,211211,109831,85.69,
338.4192,56.6250,5.71,0.96,G8III-IV,213930,111362,104.17,
340.2196,14.5494,5.71,0.72,G4V,214850,111974,32.8,
347.6775,17.5944,5.71,1.34,K4III,218792,114449,155.04,
0.2687,-48.8100,5.71,0.91,G8III,224834,88,167.5,
3.3783,41.0353,5.72,0.31,F0IV,905,1086,35.0,
7.5100,-3.9572,5.72,1.56,M0III,2637,2353,,
25.5125,-36.8325,5.72,-0.01,A1V,10538,7941,93.37,
47.4029,29.0769,5.72,0.12,B8III,19548,14677,,
62.7458,33.5867,5.72,1.44,K1II-III,26311,19525,168.07,
62.8346,5.5231,5.72,0.36,F4V,26462,19554,38.62,
65.5146,14.0772,5.72,0.32,A3m,27628,20400,45.72,
67.0033,21.6200,5.72,0.27,Am,28226,20842,47.96,
68.4783,-6.7389,5.72,-0.13,B9pSi,29009,21278,,
71.2675,-21.2836,5.72,1.47,gK2,30238,22086,192.31,
73.8275,-16.4178,5.72,0.88,gG4,31444,22881,88.5,
84.1487,-6.0650,5.72,-0.22,B1V,37209,26345,,
86.8050,14.4883,5.72,0.04,A3Vn,38545,27316,129.53,
92.6442,-27.1542,5.72,1.07,K1III,42621,29294,101.63,
108.6912,-46.8497,5.72,-0.11,A0pSi,56455,35029,130.38,
112.2150,48.1839,5.72,-0.1,B9pHgMn,58661,36348,125.79,
114.1829,-48.8303,5.72,-0.06,B9.5V,61391,37043,152.44,
128.8675,-7.9822,5.72,-0.03,A1pSrCrEu,72968,42146,82.3,
143.7233,72.2056,5.72,0.48,F7V,82189,47013,49.85,
148.7138,-50.2439,5.72,-0.01,A0V,86087,48613,97.85,
152.9438,-58.0606,5.72,-0.08,B2IVpne,88661,49934,396.83,
163.7425,34.0347,5.72,1.01,gG7,94497,53377,93.55,
182.5142,5.8069,5.72,0.35,F2-6IIIm vs,105702,59309,43.84,
192.8242,-60.3297,5.72,0.38,A2Iabe,111613,62732,,
230.9675,-12.3694,5.72,1.04,gG6,136956,75352,184.84,
252.6625,29.8067,5.72,1.6,M1IIIa,152173,82422,283.29,
259.9042,80.1364,5.72,1.5,K5III,158996,84769,303.95,
266.7833,17.6972,5.72,0.01,A1V,161833,87044,112.87,
277.9842,-43.5078,5.72,1.34,K2III,170521,90842,,
277.8571,-10.7958,5.72,0.24,B2V,170740,90804,212.77,
291.5462,-15.0531,5.72,0.02,B8Vn,182645,95557,264.55,
297.1754,11.8158,5.72,,G2III:+A1V:,187259,97473,174.83,
304.9029,62.2575,5.72,-0.05,B9V,193964,100221,116.01,
309.6829,13.3150,5.72,1.53,K3Ib,196725,101882,,
343.7958,-4.9878,5.72,0.88,K0III-IV,216718,113184,89.85,
356.0500,-64.4044,5.72,1.4,K2II-III,222820,117088,269.54,
357.6388,-14.4019,5.72,1.51,K4.5IIIb,223559,117567,141.04,
52.0042,-11.2867,5.73,1.1,K2III,21530,16142,104.38,
56.3158,-47.3597,5.73,0.96,K1III,23719,17534,111.98,
66.1217,34.1306,5.73,-0.06,B8V,27777,20579,187.27,
76.3175,-26.1525,5.73,1.17,K2III,32890,23668,73.64,
84.1467,54.4289,5.73,1.63,M0III,36678,26344,228.83,
85.8400,-18.5575,5.73,-0.01,A0V s,38206,26966,69.2,
90.2442,47.9019,5.73,-0.01,B9.5pSiFe,40394,28499,,
92.2413,2.4994,5.73,0.07,A3Vn,42111,29151,,
100.1200,77.9958,5.73,1.47,gK5,45866,31940,177.62,
103.8275,25.3756,5.73,0.57,G0V,50692,33277,17.27,
115.0608,38.3444,5.73,1.63,M0III,61294,37369,,
114.9325,-38.1394,5.73,-0.12,B5Vn,61878,37322,187.62,
122.6133,25.5072,5.73,0.81,G7V,67767,40023,41.98,
126.3979,2.1022,5.73,1.53,K5III,71095,41299,184.5,
133.3442,61.9622,5.73,0.28,F2III,75486,43644,87.34,
137.2679,-18.3286,5.73,0.0,A2Vn,78702,44923,79.87,
137.9946,-19.7478,5.73,0.98,G9III,79181,45158,92.17,
147.6750,-46.9344,5.73,1.08,K0IIICNIb,85483,48287,183.15,
149.9008,29.6453,5.73,1.06,gG9,86513,48982,99.5,
175.3929,31.7461,5.73,0.43,F4V,101606,57029,40.95,
186.3408,-35.1864,5.73,-0.06,B9III,108114,60610,128.87,
192.7413,-52.7875,5.73,0.13,A5V,111588,62703,117.23,
203.8804,-5.3961,5.73,0.95,G6III,118219,66320,113.64,
220.8067,-24.9975,5.73,-0.01,B9,129433,71974,125.47,
220.9350,40.4592,5.73,1.39,K4III,129846,72012,243.31,
229.1517,-60.9039,5.73,-0.08,B0.5Ve,135160,74750,,
237.7783,-55.0558,5.73,0.06,B2II,141318,77645,,
241.8183,-36.7556,5.73,0.29,F1IV,144415,78970,52.03,
242.1167,8.5342,5.73,1.61,M3.5IIIa,145002,79072,174.22,
256.1029,-57.7122,5.73,-0.1,B5IV,153716,83535,221.73,
272.3908,3.9933,5.73,0.37,F2V,166233,88964,50.97,
275.8008,-12.0147,5.73,0.01,B8IV-Ve,169033,90096,187.62,
276.9950,6.1942,5.73,-0.03,B8III-IV,170200,90497,226.76,
282.1575,-65.0778,5.73,0.24,A8V,173168,92294,69.2,
281.2008,37.5944,5.73,0.28,F0IV,173649,91973,46.04,
293.5825,51.2367,5.73,0.48,F7V,184960,96258,25.59,
303.8225,-27.0328,5.73,0.88,K0V,192310,99825,8.82,
317.5650,53.5633,5.73,-0.12,B9III,201834,104516,132.1,
324.0458,-26.1714,5.73,0.22,A7/8IV,205471,106654,53.85,
338.9679,39.6342,5.73,-0.15,B2Ve,214168,111544,,
356.8163,-11.9108,5.73,1.08,gK1,223170,117314,106.16,
359.3862,-82.1700,5.73,1.05,K0III,224362,118114,96.34,
4.2379,61.5333,5.74,0.88,G8III,1239,1354,196.85,
6.2767,53.0469,5.74,-0.06,B9IV,2054,1982,162.07,
13.6467,19.1883,5.74,-0.01,A1VN,5267,4267,112.61,
28.9625,23.5772,5.74,1.19,K1III,11763,8993,160.0,
41.3646,-63.7044,5.74,0.93,G8III-IV,17504,12871,54.85,
48.1383,-57.3217,5.74,2.28,C5II,20234,14930,,
79.5554,73.2681,5.74,,A0V,33541,24732,110.01,
81.7846,30.2086,5.74,0.16,B9Ib,35600,25492,,
97.1633,-32.3711,5.74,-0.17,B4Vnpe,45871,30840,252.53,
102.3183,-2.2719,5.74,-0.1,B8IIIn,49643,32698,171.23,
103.7613,-20.4047,5.74,0.08,A3IV,51055,33248,185.53,
105.5725,15.3361,5.74,,gK1,52556,33914,197.63,
114.1708,-19.7022,5.74,-0.19,B2III,61068,37036,,
119.0775,-60.5264,5.74,1.55,K3III,65662,38783,381.68,
134.2083,45.6319,5.74,1.09,K1IV,76291,43923,70.37,
143.0850,-19.4003,5.74,0.14,A5V,82573,46813,107.76,
151.1513,53.8917,5.74,0.48,F5V,87141,49363,47.28,
157.9896,-45.0667,5.74,-0.15,B6II,91355,51561,,
167.3296,36.3094,5.74,1.51,M3.5IIIab,96813,54522,116.14,
168.3783,-59.6194,5.74,-0.1,B1.5V,97670,54829,,
172.4246,15.4133,5.74,1.32,gK4,99902,56080,133.51,
174.1458,-33.5700,5.74,1.02,K0III,100893,56620,108.11,
185.5496,-68.3075,5.74,1.04,K0III,107567,60329,121.36,
188.1500,-13.8592,5.74,0.4,F2V,109141,61212,36.95,
204.2462,24.6133,5.74,1.55,M2III,118508,66417,155.04,
219.1842,-40.2117,5.74,-0.12,B8n,128207,71453,128.53,
218.6650,49.3683,5.74,1.56,M1IIIab,128333,71280,239.81,
221.6213,-47.4411,5.74,0.07,A1V,129858,72250,104.28,
222.3279,46.1161,5.74,0.48,F7IV w,130945,72487,46.86,Merga
224.3667,-21.4156,5.74,1.11,K4V,131977,73184,5.91,
233.9879,54.6306,5.74,,A2V,139493,76376,75.53,
246.1054,55.2050,5.74,0.0,A2Si3955 Sr,148330,80375,112.36,
250.4271,1.1811,5.74,0.32,F2-4III-IV,150557,81734,50.76,
251.5883,-58.5036,5.74,-0.09,B2IV-V,150745,82110,257.07,
261.0275,22.9603,5.74,0.21,F0IV,157728,85157,42.79,
263.2804,41.2436,5.74,1.09,gK1,159501,85888,116.01,
269.7317,-36.8583,5.74,0.9,G8III,163652,88038,111.98,
279.3896,62.5267,5.74,-0.06,A0V,172728,91315,130.55,
285.8238,-38.2533,5.74,0.32,F0IIIn,176723,93552,64.64,
291.6004,13.0239,5.74,0.47,F6III,182900,95572,55.68,
298.1567,-54.9711,5.74,0.92,G8-K0III,187420,97816,108.58,
343.9354,36.3517,5.74,-0.05,B7III,216831,113222,256.41,
3.7271,-9.5697,5.75,-0.08,B9V,1064,1191,106.38,
12.0958,5.2806,5.75,0.88,K2V,4628,3765,7.46,
25.4363,-11.3247,5.75,0.44,F5V+F7V,10453,7916,37.27,
34.4996,57.8997,5.75,1.17,K3III,13982,10718,116.14,
38.6779,-7.8594,5.75,1.4,gK4,16074,12002,168.35,
39.0388,-30.0447,5.75,1.02,G8-K0III,16307,12122,199.2,
45.2917,-7.6628,5.75,1.05,K0II,18784,14060,93.37,
66.9412,-62.5208,5.75,1.01,K0III,28732,20825,100.81,
74.0296,52.8694,5.75,0.11,A2V s,31134,22936,146.63,
75.6871,-22.7950,5.75,1.2,K1IV,32503,23474,160.77,
92.4333,23.1133,5.75,0.21,B2.5Ib,42087,29225,,
93.0054,19.7906,5.75,-0.07,B9.5V,42509,29433,,
102.0792,-1.3192,5.75,0.28,F1V,49434,32617,40.08,
106.9562,7.4711,5.75,1.18,gK0,54079,34387,174.22,
108.5458,-3.9014,5.75,1.58,K5III,55775,34975,,
112.3421,-10.3267,5.75,1.62,K5III,59381,36396,,
125.4775,-17.5864,5.75,1.05,K1III,70523,40990,87.72,
126.9971,-35.1139,5.75,-0.15,B3V,71801,41515,306.75,
127.8771,24.0811,5.75,0.28,F0IIIn,72041,41816,72.73,
131.8288,-46.1556,5.75,0.56,F2Iab,75276,43148,,
133.8017,-18.2414,5.75,1.32,K2-3III,76376,43798,130.38,
136.0017,54.2839,5.75,0.02,A2V,77309,44504,103.2,
139.6083,35.3642,5.75,,A8V,80024,45661,,
140.6000,-46.0475,5.75,0.92,G6-8III,81136,45962,174.83,
160.4512,68.4433,5.75,1.3,gK3,92354,52338,179.86,
171.4879,55.8506,5.75,,K0III,99283,55797,106.61,
182.2242,-44.3261,5.75,0.24,A2mA5-F2,105509,59229,100.1,
201.1383,-5.1639,5.75,0.42,F3-4V s,116568,65420,30.09,
205.1687,19.9556,5.75,0.01,A1V,119055,66727,92.85,
207.9475,-69.4014,5.75,1.73,K5-M0III,120404,67664,250.0,
214.1608,-66.5878,5.75,-0.06,B1.5III,124471,69763,,
234.5675,46.7978,5.75,0.36,F2V,139798,76568,35.74,
239.7421,-65.0378,5.75,-0.06,B7III,142514,78279,230.95,
238.8775,42.5661,5.75,-0.11,B9pe,142926,77986,147.71,
244.2729,-67.9414,5.75,0.15,A4V,145689,79797,55.16,
249.0896,-2.3247,5.75,0.82,K2V,149661,81300,9.78,
255.0396,-24.9892,5.75,0.41,F4V,153363,83196,33.28,
255.5779,25.5056,5.75,1.02,gG7,154084,83367,113.12,
261.9900,-52.2972,5.75,1.17,K2III,157753,85470,95.79,
264.5396,-10.9264,5.75,1.23,gK0,160018,86313,130.38,
265.9971,53.8017,5.75,0.01,A2V,161693,86782,126.58,Alruba
274.2983,-17.3739,5.75,1.58,K4II-III,167720,89609,,
275.3462,-18.8600,5.75,0.94,F8I,168608,89968,,
279.4000,-0.3094,5.75,0.07,A1V+A1V,171978,91322,197.63,
291.8579,52.3206,5.75,0.0,A1V,183534,95656,110.86,
293.2242,-53.1858,5.75,0.3,FmDel Del,183552,96141,124.22,
299.6721,-69.1639,5.75,0.23,Am,188097,98332,71.02,
302.8954,62.0786,5.75,0.47,F5V,192455,99500,48.69,
310.6467,82.5311,5.75,0.0,A0V,199095,102208,109.77,
318.9413,-53.2631,5.75,0.19,A6IV,202103,104978,121.65,
323.2358,49.9778,5.75,-0.03,A0V,205314,106393,145.77,
331.8692,19.4756,5.75,,dF2,210074,109209,61.01,
334.2771,-5.3872,5.75,0.88,G6III,211434,110023,104.6,
334.5529,62.8044,5.75,1.26,K3III,211833,110103,211.42,
336.6558,4.3936,5.75,0.52,F7V,212754,110785,39.46,
344.7992,11.7289,5.75,0.32,A8V+F6V,217232,113503,81.57,
351.0546,-51.8914,5.75,1.59,M0III,220440,115537,169.2,
351.7808,42.9119,5.75,0.0,B9III,220885,115755,90.17,
356.1696,-78.7914,5.75,1.11,K1III,222806,117125,174.52,
358.2104,-8.9967,5.75,1.17,K0III,223807,117756,187.62,
0.5425,27.0819,5.75,0.67,G5VbFe-2,224930,171,12.4,
23.4288,-7.0253,5.76,0.64,G2IV,9562,7276,29.66,
24.9492,-56.1947,5.76,0.87,K5V,10361,,,
55.6779,59.9694,5.76,1.71,K3IIb,22764,17342,,
56.4767,24.5547,5.76,-0.04,B8V,23432,17579,118.62,Asterope
58.4112,48.6506,5.76,1.05,K0III,24240,18212,131.93,
66.1558,33.9597,5.76,0.4,F4V,27786,20591,41.67,
78.6200,-35.9772,5.76,1.01,G8III,34266,24426,148.59,
80.3029,29.5700,5.76,0.06,A1V s,34790,25001,85.32,
96.4317,-48.1772,5.76,-0.06,B9V,45572,30591,207.04,
111.1392,27.6381,5.76,0.34,g:F0,57927,35941,64.23,
114.9492,-38.2608,5.76,-0.07,B2.5V,61899,37329,342.47,
118.1996,-5.4281,5.76,0.41,F5IV,64235,38474,40.9,
123.0000,-46.6442,5.76,0.59,F7Ib-II,68808,40155,,
131.2163,-37.1472,5.76,-0.15,B2III,74824,42923,,
155.5437,41.2294,5.76,0.54,F7V,89744,50786,38.99,
168.4137,-53.2317,5.76,1.32,K2III,97651,54840,136.8,
172.4108,-24.4633,5.76,0.07,A0V,99922,56078,123.76,
183.3554,-38.9292,5.76,-0.13,B4IV,106231,59607,,
193.3408,-60.3286,5.76,0.33,B9Ia,111904,62894,,
209.6621,21.6961,5.76,-0.03,A0V s,121996,68276,147.28,
218.1287,55.3978,5.76,1.5,gK5,128000,71111,187.62,
227.3746,-67.0842,5.76,0.69,F6II,133683,74184,,
227.5775,-26.3328,5.76,1.05,K0III,134373,74239,137.93,
239.0250,-60.4828,5.76,0.06,A3V,142139,78045,66.01,
247.8058,22.1953,5.76,1.61,gK5,149009,80898,284.09,
259.7000,-44.1297,5.76,-0.05,B9V,156293,84690,103.95,
277.4863,-57.5231,5.76,0.98,K0III,169836,90664,109.65,
278.4125,-14.8536,5.76,0.04,A2V,171130,90991,64.85,
300.0958,-66.9494,5.76,1.04,K0III,188584,98478,66.27,
298.7013,36.9961,5.76,0.75,G1Ib-IICH1Fe-1Ca-1,188650,97985,,
304.6033,55.3972,5.76,0.11,A2V s,193592,100097,89.21,
310.3487,-31.5983,5.76,1.53,M0III,196917,102092,128.53,
315.0896,-51.2653,5.76,0.47,F5IV-V,199623,103673,28.51,
317.1371,-63.9289,5.76,1.18,K0III,200751,104364,149.93,
319.8700,49.5103,5.76,-0.15,B6V,203245,105282,164.47,
336.1129,-13.5294,5.76,0.97,G6.5III,212430,110602,166.39,
341.5425,44.5461,5.76,0.36,F0III-IV,215664,112417,53.22,
3.3308,-84.9942,5.77,1.72,M0-1III,1032,1074,250.0,
6.3508,1.9397,5.77,0.86,G5III,2114,2006,181.82,
40.7617,55.1058,5.77,-0.13,B7IIIpHg,16727,12692,128.87,
41.1371,15.3117,5.77,-0.01,B9Vn,17036,12803,147.93,
53.1500,9.3736,5.77,-0.08,B9IV,21933,16511,108.93,
57.9738,34.3592,5.77,0.0,B1V,24131,18081,,
65.1717,6.1308,5.77,0.92,G8III-IV,27497,20268,131.23,
68.0075,53.9108,5.77,0.18,B0III,28446,21148,,
72.1354,-16.3294,5.77,0.55,F6V,30606,22325,41.56,
82.0067,17.2389,5.77,1.63,M1III,35802,25583,215.98,
97.1554,-17.4661,5.77,1.12,G5,45765,30836,130.04,
102.7079,-0.5408,5.77,0.39,F2V,49933,32851,29.9,
103.2058,8.3803,5.77,0.26,F0Vn,50277,33024,62.58,
110.3229,45.2281,5.77,0.32,A7 s,56963,35643,34.49,
112.2704,-31.4564,5.77,-0.19,B2V,59550,36362,350.88,
113.6454,-27.0119,5.77,1.06,K1III,60666,36848,96.06,
115.4658,13.4806,5.77,1.67,M2IIIab,61885,37508,240.96,
120.3363,59.0475,5.77,0.39,d:F2,65301,39221,43.59,
137.2979,-12.3578,5.77,0.94,G6III,78668,44936,141.04,
141.3629,-61.9503,5.77,0.15,A4V,81830,46225,72.52,
153.2012,4.6147,5.77,1.18,gK0,88547,50027,161.55,
157.5267,38.9253,5.77,0.08,A4V,90840,51420,233.1,
160.9633,-64.2489,5.77,0.0,B2.5V,93163,52487,309.6,
173.5917,3.0600,5.77,0.46,F5V,100563,56445,26.56,
188.6762,-44.6733,5.77,0.7,G1V,109409,61379,28.37,
198.1371,11.5561,5.77,1.51,M0III,114780,64445,248.76,
200.2404,-46.8806,5.77,1.12,K1III,115912,65144,115.74,
201.7363,78.6439,5.77,0.77,G2.5IIIbCH1,117566,65595,89.69,
207.9467,-46.8992,5.77,-0.16,B2Vp,120640,67663,,
210.0004,-25.0103,5.77,0.48,F7V,122066,68390,57.37,
221.9896,-26.6464,5.77,-0.02,B9V,130274,72378,133.16,
224.0550,14.4464,5.77,-0.06,A0V,131951,73087,167.79,
226.8579,-49.0883,5.77,0.92,G8III,133631,74006,106.95,
237.5288,-53.2094,5.77,-0.08,B9Vn:,141168,77562,111.11,
238.8846,-60.1778,5.77,0.35,G5II-III+A3,142049,77990,52.38,
245.1050,-55.1400,5.77,0.97,K0III,146690,80054,111.36,
250.1613,4.2197,5.77,-0.02,A1V,150378,81641,92.94,
253.7433,-41.1511,5.77,0.15,O8:Iafpe,152408,82775,,
261.0779,-60.6736,5.77,-0.08,B8Ib-II,156942,85169,216.45,
260.9900,8.8528,5.77,1.25,gK1,157617,85139,,
264.3796,24.3100,5.77,0.11,A2Vn,160181,86254,73.58,
268.3092,6.1014,5.77,0.42,F3-5IV-V,162917,87558,31.38,
270.4767,-22.7806,5.77,0.0,B0Ib,164402,88298,,
271.7075,-43.4247,5.77,0.22,A5V,165189,88726,43.88,
271.7075,-43.4247,5.77,,A5V,165190,,,
271.5633,-4.7514,5.77,0.96,K1+IV,165438,88684,34.95,
277.7683,16.9286,5.77,0.04,A2V,170878,90762,126.9,
283.6962,48.8597,5.77,0.43,F3III,175824,92822,52.94,
286.6600,24.2508,5.77,0.09,A4III,178187,93845,101.83,
296.8658,38.4075,5.77,-0.06,B8Vn,187235,97376,149.93,
308.3229,-80.9650,5.77,1.14,G6-8II,193721,101427,161.55,
312.8675,28.2506,5.77,0.72,F5Ib,198726,102949,,
321.1033,-41.0067,5.77,-0.05,A0IIIpSi,203585,105696,142.05,
323.8233,-3.9831,5.77,1.11,gG9,205423,106592,135.32,
327.8925,19.8267,5.77,-0.1,B8III,207840,107887,179.21,
337.9058,-85.9672,5.77,1.02,K0III,211539,111196,101.21,
348.7442,-41.1056,5.77,1.18,K2III,219263,114775,71.68,
350.2221,38.1822,5.77,0.46,F5V,220117,115280,42.39,
357.3646,1.0761,5.77,0.16,A5Vm,223438,117491,82.03,
25.8321,60.5511,5.78,-0.02,B8IIIn,10425,8046,280.11,
39.4004,65.7456,5.78,1.56,K5III,16024,12239,250.0,
41.9483,81.4483,5.78,1.3,G8pBa3,16458,13055,152.91,
40.0513,-9.4531,5.78,0.52,F6V,16673,12444,21.54,
52.4792,-42.6342,5.78,0.22,A5V,21882,16285,62.34,
70.3325,28.6150,5.78,-0.03,A2V,29646,21819,102.67,
72.1512,-5.6739,5.78,0.62,F8V,30562,22336,26.5,
77.0842,-8.6650,5.78,-0.06,B8V,33224,23916,,
82.4783,1.7892,5.78,-0.2,B2V,36166,25751,,
83.2808,-35.1397,5.78,1.07,K0III,36874,26019,85.18,
83.8142,-33.0800,5.78,1.12,K2IIIa,37192,26219,97.28,
83.6863,-73.7414,5.78,1.71,M3III,37993,26169,320.51,
91.7400,-21.8128,5.78,1.64,M4III,41933,28984,,
93.0837,32.6933,5.78,1.66,M2IIIa,42471,29451,,
94.9208,-34.3967,5.78,-0.08,B9V,44323,30069,121.36,
106.4129,9.1858,5.78,1.52,M0III,53510,34215,172.41,
107.8462,26.8567,5.78,0.1,A4IV,54801,34722,119.62,
108.2800,-11.2514,5.78,1.51,K0,55589,34888,202.84,
109.5092,40.8833,5.78,0.17,A5Vn,56221,35341,82.1,
111.2846,-13.7519,5.78,0.42,F0V,58461,35998,34.82,
111.3554,-25.2178,5.78,-0.1,B7III,58612,36024,,
117.3037,-60.2836,5.78,0.42,F1V,64185,38160,34.94,
119.2475,15.7903,5.78,1.28,K3+III,64960,38848,141.64,
123.5550,-35.4906,5.78,1.02,K1III,69123,40344,69.54,
128.6825,36.4194,5.78,0.04,A2Vnn,72524,42090,98.33,
133.4529,-60.3542,5.78,-0.08,B5III,76538,43669,421.94,
139.8883,-15.8344,5.78,1.29,K4III,80479,45743,122.85,
153.3667,-51.7561,5.78,0.14,A3IV-V,88842,50078,97.56,
192.3225,27.5522,5.78,0.03,A2V,111469,62576,100.3,
197.3017,10.0222,5.78,1.0,K0III,114256,64179,107.87,
201.2779,23.8544,5.78,0.06,A3IV,116706,65466,78.0,
204.2017,-26.4950,5.78,0.22,A7III,118349,66400,118.48,
234.4504,-23.1417,5.78,1.1,K0III,139254,76532,83.54,
241.9017,-12.7456,5.78,0.01,B9.5Vnn,144708,79005,130.55,
244.1867,29.1503,5.78,0.07,A3V,146738,79757,253.16,
267.8979,-60.1644,5.78,1.0,K0III,161814,87393,113.77,
278.8025,18.2033,5.78,0.0,A0Vn,171623,91118,207.47,
280.9050,-64.5511,5.78,0.96,K0III,172211,91854,125.63,
308.4788,46.6939,5.78,-0.16,B9pSi,196178,101475,147.49,
311.0917,56.4881,5.78,1.67,M3III,197939,102358,295.86,
313.6996,-17.9231,5.78,1.12,K0III,199012,103226,121.21,
321.8117,-21.1961,5.78,1.44,K5III,204139,105928,141.84,
330.4608,52.8822,5.78,-0.11,B5III,209419,108758,324.68,
331.2975,26.6739,5.78,1.25,K2III,209761,109023,121.65,
331.9596,21.7028,5.78,-0.1,B7Vne,210129,109240,214.13,
332.6558,11.6244,5.78,1.58,M1III,210502,109471,191.57,
336.2938,-70.4317,5.78,0.38,F3III,212211,110668,50.63,
336.0287,-4.8369,5.78,-0.04,A0V,212404,110578,130.04,
1.0821,-16.5289,5.78,1.1,K2III,225197,343,88.57,
3.7450,8.8208,5.79,0.31,F0IV,1061,1196,80.19,
5.1896,32.9114,5.79,1.59,K5III,1632,1657,198.02,
9.1137,60.3261,5.79,0.29,A4III,3283,2876,,
17.1387,58.2636,5.79,-0.01,B8V,6676,5361,173.91,
21.7421,-32.5431,5.79,3.86,C6II,8879,6759,,
27.1733,32.6903,5.79,0.55,F8V,11007,8433,27.29,
28.0392,50.7928,5.79,-0.07,B9IIIpHgMn,11291,8714,150.83,
33.9417,25.7831,5.79,0.44,F6IV-V,13871,10540,40.11,
39.2442,-34.5783,5.79,0.66,G5IV,16417,12186,25.54,
48.0592,27.2569,5.79,-0.12,B9pSi,19832,14893,113.9,
48.9500,57.1408,5.79,0.73,A0Ia,20041,15192,,
62.9008,-20.3561,5.79,0.18,A2m,26591,19571,76.57,
65.2412,-81.5800,5.79,0.35,F0-2III,29116,20297,53.73,
69.5392,16.0333,5.79,0.31,F0V,29375,21588,45.54,
68.3917,-62.8236,5.79,1.04,K1III,29399,21253,46.0,
74.4529,23.9486,5.79,1.11,gG8,31553,23068,144.51,
82.3483,-3.4464,5.79,1.15,K1-III,36134,25708,143.27,
86.7171,9.5222,5.79,0.88,G8III,38527,27280,91.91,
99.5958,28.9842,5.79,0.0,B9npEu,47152,31737,129.2,
100.2725,0.4953,5.79,-0.1,B8III,47964,31992,,
102.5913,-17.0839,5.79,1.44,K0,49980,32809,,
106.7796,-40.8933,5.79,-0.17,B3V,54475,34339,258.4,
111.9654,-11.5569,5.79,0.58,G8Ib-II+B2+B8V,59067,36251,,
117.4208,-66.1958,5.79,-0.04,B9V,64484,38210,140.45,
127.2817,-44.1606,5.79,-0.16,B2Vn,72067,41621,,
131.4800,-79.5044,5.79,1.6,K5III,76236,43012,171.53,
135.1904,-60.9639,5.79,1.21,G8II,77615,44256,386.1,
137.8883,-46.5839,5.79,-0.21,B2III/IV,79275,45122,350.88,
146.5417,6.7086,5.79,1.64,M1.5IIIab,84542,47943,,
147.8004,-59.4258,5.79,1.36,K2IVCNIV-Vp,85655,48339,228.83,
160.8371,4.7478,5.79,1.17,K3III+K0III,92841,52452,,
162.5754,-8.8978,5.79,0.16,A3m,93903,52980,112.36,
168.5075,8.0606,5.79,1.12,K3III,97605,54863,68.49,
170.7837,-56.7794,5.79,0.01,A4:pe,99022,55581,200.4,
185.9371,-38.9111,5.79,-0.08,B9V,107860,60463,105.04,
194.9146,-3.8119,5.79,0.18,A3V,112846,63414,91.32,
197.7867,-42.2331,5.79,0.52,F7IV,114435,64332,91.83,
198.8833,40.8553,5.79,0.19,A7V,115271,64692,75.08,
201.5337,72.3914,5.79,1.63,M1IIIab,117187,65536,309.6,
205.0454,-64.5769,5.79,0.39,F3III-IV,118666,66681,69.25,
227.0504,-40.5839,5.79,-0.14,B8IVSi,133880,74066,126.58,
230.6600,63.3414,5.79,1.27,gK4,137443,75260,116.41,
232.7321,64.2086,5.79,0.96,K0III-IV,138852,75974,97.66,
247.0612,-37.1794,5.79,1.1,K1IIICNII,148247,80672,97.85,
249.0467,46.6133,5.79,1.04,G8II,150030,81289,269.54,
254.8908,-69.2683,5.79,-0.1,ApSi,152564,83150,,
265.3179,-46.9219,5.79,-0.01,A0V,160263,86552,202.43,
265.4917,72.1569,5.79,0.53,G0V,162004,86620,22.32,
262.7000,86.9681,5.79,0.25,A2m,166926,85699,47.89,
283.8792,-16.3767,5.79,0.36,F4V,175317,92882,32.01,
298.5342,-8.5742,5.79,1.64,gK5,188154,97928,120.92,
303.3654,60.6406,5.79,1.47,gK5,192781,99663,182.15,
333.0929,63.2914,5.79,1.67,M3IIIab,211029,109620,265.25,
334.2192,-9.0400,5.79,1.16,gK3,211392,110009,107.76,
337.2925,26.7631,5.79,1.25,K2II,213179,110992,,
339.3042,75.3717,5.79,1.57,M1IIIab,214710,111660,191.2,
345.9979,-41.4783,5.79,1.08,K0III,217842,113902,92.25,
349.9683,42.0781,5.79,1.48,M0III,219981,115191,166.39,
357.8383,9.3133,5.79,1.66,M3IIIa,223637,117628,247.52,
11.4400,-47.5517,5.80,0.64,G1V,4391,3583,14.94,
17.5808,25.4578,5.80,1.47,K7III,6953,5494,110.38,
23.9783,17.4336,5.80,,F0IV,9780,7447,59.7,
28.2171,-16.9292,5.80,0.27,F0IIIn,11522,8778,101.32,
42.9946,68.8886,5.80,0.64,F5:Ib-II,17463,13367,,
44.5217,20.6686,5.80,0.41,F5IV,18404,13834,31.84,
56.5037,67.2017,5.80,0.35,F0IV,23005,17585,55.37,
58.4304,57.9750,5.80,0.18,A5m,24141,18217,52.25,
80.4317,8.4286,5.80,-0.13,B1V,34989,25041,225.73,
87.5108,9.8711,5.80,0.87,G8III,39007,27549,102.35,
91.3629,-35.5136,5.80,0.02,A1V,41759,28855,80.65,
92.8846,24.4203,5.80,1.11,K0III,42398,29379,230.95,
96.0571,-60.2811,5.80,0.0,A0V,45557,30463,87.95,
98.8158,0.8900,5.80,0.0,B8Ib,46769,31446,,
101.3804,-30.9489,5.80,-0.19,B2III,49131,32385,,
101.4737,-52.4100,5.80,1.53,K3III,49517,32402,,
109.1325,-38.3189,5.80,-0.13,B4V,56733,35202,208.33,
111.2383,51.8872,5.80,1.61,K5III,57646,35984,,
114.6829,-36.4969,5.80,-0.16,B2IV-V,61641,37223,295.86,
116.0400,-36.0628,5.80,0.31,F2V,62781,37710,43.5,
128.9671,-50.9700,5.80,-0.13,B8Si,73340,42177,143.06,
145.2592,-57.2597,5.80,1.09,K0-1III,84152,47498,111.11,
160.9304,57.1992,5.80,-0.02,A0V s,92728,52478,112.74,
168.3113,-44.3722,5.80,1.66,K5-M0III,97576,54811,257.73,
171.2454,11.4303,5.80,1.38,K4III,99196,55716,143.47,
174.0746,27.7811,5.80,0.23,F0V,100808,56601,71.84,
181.3129,76.9058,5.80,1.01,G9III,104985,58952,102.04,Tonatiuh
187.4746,-56.5247,5.80,1.56,M1III,108732,60969,172.41,
189.0050,-39.8700,5.80,0.01,A0V,109573,61498,67.07,
214.3683,15.2633,5.80,1.71,M3IIIa,125180,69829,,
222.4933,28.6158,5.80,0.05,A4V,130917,72552,90.42,
223.5954,-11.8983,5.80,0.97,G7III,131530,72934,111.86,
239.3387,-36.1850,5.80,1.01,K0-1III,142691,78142,,
256.3321,54.4703,5.80,0.48,F7V,154906,,,Alrakis
260.7788,-56.5253,5.80,1.0,G8-K0III,156854,85068,125.31,
269.1746,-28.0653,5.80,0.21,A7III/V:,163318,87836,50.33,
288.3071,-25.9067,5.80,1.38,K1I,179323,94434,,
292.2542,1.9503,5.80,0.08,A0IVp,183324,95793,59.0,
301.0258,17.0700,5.80,0.61,G1V,190406,98819,17.67,
305.0892,17.7931,5.80,1.49,gK5,193579,100276,146.41,
310.1354,-16.1242,5.80,1.0,gG7,196857,102026,101.01,
322.0346,32.2253,5.80,0.32,F0V,204485,106003,44.62,
328.7217,56.6114,5.80,0.73,B8Ib,208501,108165,,
330.8292,11.3864,5.80,-0.07,B9.5V,209459,108875,165.84,
343.3696,-11.6167,5.80,-0.08,B9III,216494,113031,201.61,
354.3833,44.4292,5.80,-0.06,B8V,222109,116582,,
1.2758,61.3142,5.80,-0.09,B8IVpHgMn,225289,418,222.22,
17.7929,37.7242,5.81,-0.1,B7III-IV,7019,5550,,
22.8075,70.2647,5.81,0.47,F6V,9021,7078,29.25,
34.9762,-55.9447,5.81,1.55,K5III,14641,10871,173.01,
39.1463,7.7297,5.81,1.04,gK0,16247,12148,89.45,
53.3962,39.8994,5.81,0.11,A5m,21912,16591,54.67,
57.1492,-20.9031,5.81,1.64,K5III,23978,17798,254.45,
68.1558,-3.2092,5.81,-0.14,B9III,28843,21192,131.41,
73.9596,15.0400,5.81,-0.08,B9V,31373,22913,129.7,
74.5392,25.0503,5.81,0.0,A0V,31592,23088,90.83,
89.6567,-44.0344,5.81,1.07,G8II,40733,28287,,
91.5229,-29.7586,5.81,0.05,A1V,41843,28899,81.63,
94.7458,-20.9261,5.81,-0.15,B4IV,44081,30011,,
113.5658,3.3714,5.81,-0.02,A0Vnn,60357,36812,207.47,
119.7104,-60.8244,5.81,-0.09,B2IVpne,66194,38994,315.46,
128.5067,-2.1517,5.81,0.0,A1V,72660,42028,100.0,
152.3771,-68.6833,5.81,0.02,A0IV,88473,49764,,
154.6567,-56.1100,5.81,0.48,F6V,89569,50493,35.83,
164.0062,6.1853,5.81,1.45,M5.5III,94705,53449,99.7,
164.9975,-43.8072,5.81,-0.08,B8-9V,95347,53762,88.81,
167.4725,-32.3675,5.81,0.04,A2V,97023,54561,104.82,
171.6971,-53.1600,5.81,0.52,K0III+A2-3V,99574,55849,191.57,
173.0671,-29.2633,5.81,0.53,F8V,100286,56280,26.71,
184.3729,53.1911,5.81,1.3,K6III,106884,59920,117.1,
186.2633,56.7775,5.81,1.62,M3IIIb,108135,60584,,
206.4038,-26.1161,5.81,0.02,A1Vn,119752,67143,88.11,
221.5283,-23.1531,5.81,0.98,gG5,129944,72210,112.23,
227.1479,25.1086,5.81,1.24,K1III,134335,74096,156.49,
228.5796,-70.0794,5.81,3.38,C5 5,134453,74582,,
235.4779,18.4639,5.81,0.2,A2m,140232,76878,53.25,
238.0692,55.8267,5.81,0.96,gG8,142531,77738,110.01,
243.3442,-55.5408,5.81,0.34,F2III,145361,79497,70.77,
263.6529,9.5867,5.81,0.02,A2V,159480,85998,104.82,
279.6279,-23.5050,5.81,0.02,B8III,171961,91405,142.65,
282.3642,-45.8103,5.81,0.9,G8III,173791,92367,131.75,
287.1075,52.4256,5.81,1.09,K1IV,179094,94013,70.22,
291.6196,19.8914,5.81,1.55,M0III,182955,95582,139.47,
292.2375,24.7686,5.81,1.03,K0III,183491,95785,148.37,
300.2013,-45.1131,5.81,0.28,A8III,189198,98512,110.25,
314.1062,50.7286,5.81,0.3,F0III,199611,103359,53.33,
332.2458,-18.5197,5.81,-0.17,B2.5IV,210191,109332,,
343.4171,44.7492,5.81,0.26,A3Vm+F6V,216608,113048,52.03,
343.5292,40.3769,5.81,1.13,K0III,216646,113084,103.84,
347.4887,-42.8606,5.81,0.48,F4IV,218630,114382,34.64,
353.3313,-77.3853,5.81,0.68,G2V,221420,116250,31.76,
16.9425,-9.7856,5.82,0.43,F7IV,6706,5296,47.69,
22.9304,-30.2833,5.82,1.08,K0III,9377,7118,93.11,
27.3154,47.8969,5.82,0.29,A3V,11031,8475,101.63,
29.4325,27.8044,5.82,1.6,M2III,11928,9132,145.99,
35.7096,41.3964,5.82,0.27,F0III-IV,14622,11090,47.26,
39.0204,6.8869,5.82,0.98,K3V,16160,12114,7.21,
42.1337,18.2836,5.82,1.2,K1III,17459,13108,153.85,
45.7329,-46.9750,5.82,1.3,K2-3III,19141,14187,251.89,
52.6542,48.1036,5.82,-0.04,B8V,21551,16340,,
84.6817,-40.7075,5.82,-0.09,B8V,37717,26545,150.38,
96.7667,-58.0022,5.82,1.28,K3III,45984,30703,185.87,
105.6396,16.6742,5.82,1.68,M2III,52609,33937,,
108.6746,24.8850,5.82,1.56,M1III,55621,35025,103.31,
108.9142,7.9778,5.82,1.6,M4-IIIab,56031,35120,185.19,
110.6058,-5.9828,5.82,0.35,F3IV,57749,35749,,
120.7671,-32.4639,5.82,1.22,K2-3III,66598,39380,158.98,
122.7962,-48.4619,5.82,-0.15,B3V,68657,40077,223.21,
133.2000,-38.7242,5.82,1.5,M0III,76110,43603,268.82,
135.3504,32.2525,5.82,0.0,A2V,77104,44307,156.25,
154.5083,65.1083,5.82,0.12,A8III,88983,50448,76.51,
154.3108,23.1061,5.82,0.5,F8Vb w,89125,50384,22.72,
194.0733,54.0994,5.82,0.19,A5m,112486,63143,78.49,
199.6158,34.0981,5.82,1.35,K4.5III,115723,64927,154.56,
223.6583,-33.3006,5.82,1.42,K2III,131432,72959,,
232.6683,-16.6094,5.82,1.06,gG6,138137,75944,173.01,
233.5067,-40.0661,5.82,1.68,M2III,138505,76207,,
269.0767,0.6703,5.82,0.09,B2IV-V,163472,87812,,
294.6717,54.9739,5.82,0.44,F6Va,185912,96620,39.81,
316.6263,31.1847,5.82,0.56,F7.5Ib-II,201078,104185,,
319.5462,-4.5194,5.82,-0.13,B5V,202753,105164,,
320.2700,7.3544,5.82,1.66,M2IIIa,203291,105413,,
339.1475,-31.6639,5.82,1.09,K1III,214122,111600,95.69,
339.7192,19.5222,5.82,0.92,G8II,214567,111810,116.96,
348.3604,11.0650,5.82,1.01,G8III,219139,114641,102.88,
10.5142,66.1475,5.83,1.04,G9III-IV,3856,3299,154.32,
36.5013,-15.3411,5.83,0.15,A6VpSrCr,15144,11348,65.62,
38.2188,34.5425,5.83,1.07,K0III,15755,11840,79.74,
39.5779,-30.1942,5.83,0.48,F4V,16538,12288,35.73,
45.4838,-9.9614,5.83,1.11,gG6,18885,14110,86.58,
52.7150,-66.4897,5.83,-0.06,B8V,22252,16368,261.1,
59.7179,-5.4700,5.83,1.0,G9V,25069,18606,43.71,
65.7738,-24.8922,5.83,1.51,K5,27881,20465,139.28,
84.2867,26.9242,5.83,-0.07,B9IV-V,37098,26396,,
91.7654,-34.3119,5.83,-0.13,B4IVe,42054,28992,322.58,
93.4762,-3.7414,5.83,0.94,G8III,43023,29575,96.53,
93.6529,-4.5683,5.83,-0.17,B5V,43157,29629,189.39,
113.5775,-23.4736,5.83,0.44,dF4,60584,36817,29.06,
120.2329,25.3928,5.83,1.02,gG8,65714,39191,,
123.5996,-45.8344,5.83,-0.2,B2IV-V,69302,40357,277.01,
125.0875,20.7478,5.83,1.13,K1III,69994,40866,156.49,
149.5950,72.8794,5.83,1.14,gK3,85841,48893,113.51,
172.2692,61.7783,5.83,0.36,F5Va vw,99747,56035,32.89,
174.0929,-61.0522,5.83,-0.09,B2.5IV,100929,56606,,
183.7483,-20.8442,5.83,1.05,gG7,106485,59728,108.23,
200.5675,-52.1831,5.83,0.12,B2.5Ib,116084,65247,,
204.6750,-29.5608,5.83,0.4,F5V,118646,66563,48.97,
209.0813,-46.5925,5.83,1.14,K1III,121416,68079,87.11,
216.8008,-46.1344,5.83,0.31,A1mA5/7-F2,126504,70663,58.28,
217.8187,-67.7172,5.83,1.0,K1III,126862,71002,84.18,
240.2129,4.4275,5.83,1.0,gK0,143553,78442,73.42,
240.8308,36.6317,5.83,0.56,A2V+F7III,144208,78649,211.86,
243.3200,-53.6717,5.83,1.96,M0Ib-II+F-G,145384,79490,,
249.6092,-43.3986,5.83,-0.02,B2.5IV,149711,81472,210.53,
256.3325,54.4703,5.83,,F7V,154905,83608,26.97,
276.4950,29.8289,5.83,0.06,A2IV,169981,90342,131.06,
281.2067,-25.0111,5.83,0.05,B5:V,173117,91974,,
281.3683,5.4997,5.83,0.04,A1V+A1V,173495,92027,,
282.7437,-9.7742,5.83,0.61,F2Ib,174464,92488,,
285.8842,1.8189,5.83,0.18,A4V,177178,93580,55.19,
290.5896,-0.2525,5.83,1.09,gG8,181907,95222,111.36,
315.5379,56.6697,5.83,-0.07,B8III,200614,103810,223.71,
318.0567,-40.2694,5.83,0.45,F5IV,201647,104680,32.36,
319.8425,38.2375,5.83,0.5,F1II,203156,105269,,
336.6771,78.7858,5.83,0.15,A2Vm,213403,110787,62.58,
345.1788,3.0117,5.83,1.34,K4III,217459,113622,167.79,
346.8113,-50.6864,5.83,0.48,F6-7IV-V,218269,,,
347.5408,-40.5917,5.83,1.62,M4III,218655,114407,245.1,
2.5783,-5.2486,5.84,0.98,K1III,587,840,55.01,
16.0817,61.5803,5.84,0.54,F6V,6210,5021,80.19,
20.8792,-30.9456,5.84,1.61,K5III,8498,6502,272.48,
27.0454,16.9556,5.84,-0.03,B9.5V,10982,8387,87.95,
40.7488,53.5261,5.84,1.12,K0II-III,16735,12686,126.58,
44.5238,-23.6061,5.84,1.33,K2III,18535,13835,200.4,
98.0800,4.8558,5.84,0.99,K0V,46241,31159,158.73,
97.8042,-35.2592,5.84,0.81,G8III,46349,31072,248.76,
107.9233,-20.8831,5.84,-0.04,A0V,55344,34758,149.93,
117.3037,-46.8578,5.84,-0.14,B1.5IV,63949,38159,,
139.2812,-14.5736,5.84,1.06,gK0,80050,45559,119.47,
149.1479,-33.4186,5.84,1.2,K1III,86267,48748,147.06,
154.1746,25.3714,5.84,1.2,gK2,89024,50336,96.62,
178.9933,56.5986,5.84,1.1,K1III,103605,58181,96.71,
190.3458,-46.1456,5.84,1.52,K4III,110287,61916,244.5,
193.7354,47.1967,5.84,1.55,M5III,112264,63024,215.98,
199.3079,-43.9794,5.84,0.2,Am,115331,64822,58.41,
228.4721,-26.1936,5.84,1.14,gG5,135051,74539,,
234.5679,-21.0161,5.84,1.08,gG9,139329,76569,89.53,
234.6429,50.4233,5.84,0.83,G8III,139906,76594,114.81,
237.4896,-48.9119,5.84,0.07,A1V,141194,77541,,
246.1654,-29.7047,5.84,0.59,G0IV,147723,,,
257.9121,-48.8742,5.84,1.84,M1-2III,155035,84105,,
263.2808,-41.1736,5.84,0.06,B9Ib-II,158799,85889,,
268.0821,-34.4167,5.84,1.13,G8III,162391,87472,,
278.1925,23.6169,5.84,1.46,gK5,171245,90915,243.31,
280.0021,-7.7906,5.84,1.55,K4III,172348,91532,161.55,
290.9854,43.3881,5.84,0.92,G7III-IIIa,182694,95352,124.07,
295.9375,41.7731,5.84,1.57,M0IIIab,186619,97081,193.42,
304.5292,40.7322,5.84,0.1,O9V,193322,100069,,
348.6554,74.2311,5.84,,A0V,219485,114745,139.66,
353.7458,71.6422,5.84,1.8,G9Ib,221861,116380,,
2.6783,-12.5800,5.85,1.01,K0IV,645,873,65.15,
13.9267,-7.3472,5.85,1.52,K5III,5384,4346,152.91,
32.2888,-43.5167,5.85,1.19,K1III,13336,10035,176.06,
49.3608,-47.7517,5.85,1.24,K2III,20640,15305,145.14,
54.6217,-7.3917,5.85,0.98,gG5,22675,16989,119.76,
57.4029,63.2972,5.85,0.18,A5Vn,23523,17891,70.87,
65.1783,-7.5925,5.85,-0.13,B5III,27563,20271,232.02,
75.6896,-4.2097,5.85,1.21,K3,32393,23475,95.42,
74.7121,-82.4706,5.85,0.93,G8-K0III,34172,23148,107.07,
99.4104,56.8575,5.85,,A2V,46590,31665,98.81,
102.4575,16.2028,5.85,-0.13,B7III,49606,32753,,
108.1100,24.1283,5.85,0.36,F5III-IV,55052,34819,107.07,
109.5175,-43.9867,5.85,-0.12,B8II-III,57197,35347,190.48,
113.2904,-24.7108,5.85,0.17,A7V:,60345,36721,93.81,
123.4592,56.4522,5.85,1.01,G9III,68077,40305,151.75,
125.7300,-52.1239,5.85,0.01,A0V,71043,41081,73.1,
135.6867,7.2981,5.85,1.11,gK3,77445,44406,203.67,
138.5342,-44.1458,5.85,-0.12,B5/6IV/V,79694,45314,159.74,
142.6800,33.6556,5.85,1.05,gG8,82087,46652,157.98,
142.5942,-15.5772,5.85,1.2,gK3,82232,46618,76.28,
149.1083,8.9331,5.85,1.13,gK2,86080,48734,206.61,
152.8033,37.4019,5.85,1.29,gK3,88231,49893,184.84,
159.7817,37.9100,5.85,0.57,F9V,92168,52139,48.92,
177.9233,-30.8350,5.85,0.56,F7V,103026,57841,31.44,
183.3579,10.2622,5.85,0.27,A2m,106251,59608,49.55,
188.7837,21.8814,5.85,1.22,K1III,109519,61420,200.0,
192.1642,60.3200,5.85,0.46,F5V,111456,62512,24.16,
192.2775,83.4181,5.85,-0.06,A0V+A2V,112014,62561,,
198.5717,-78.4472,5.85,1.07,F8Ib,114533,64587,,
205.3746,64.8225,5.85,0.07,A2V,119476,66798,67.84,
216.7796,-65.8217,5.85,1.5,K3III,126241,70657,282.49,
219.5633,54.0233,5.85,-0.01,A1V,128998,71573,131.41,
222.5658,23.9119,5.85,0.56,G0-2V,130948,72567,17.94,
225.5267,-28.0606,5.85,0.16,A4IV,132851,73566,99.6,
227.1629,-42.8678,5.85,-0.11,B7V,133937,74100,136.24,
237.1433,28.1567,5.85,0.77,G0Iep,141527,77442,,
239.4183,-20.9831,5.85,0.02,B3V,142883,78168,139.66,
246.0450,6.9481,5.85,-0.01,A2pSr:,147869,80351,104.71,
261.1750,-21.4417,5.85,0.93,G8III,157527,85207,92.51,
261.6842,48.2600,5.85,0.12,A4V,158414,85379,111.36,
273.1437,-73.6717,5.85,0.46,F5V,165259,89234,40.85,
271.5308,-8.3239,5.85,0.21,B8III-IV,165402,88670,,
288.8533,30.5264,5.85,1.67,M0III,180450,94630,,
292.0867,2.9303,5.85,0.01,B6III,183227,95732,,
301.5575,53.1658,5.85,0.39,F5V,191195,99026,36.46,
303.1079,-12.6175,5.85,0.48,F7V,191862,99572,28.05,
306.3617,-28.6633,5.85,1.1,G8II/III,194215,100738,165.84,
324.7546,20.2653,5.85,0.32,F2V,206043,106897,39.11,
27.5354,22.2753,5.86,0.74,K1III+A6V,11154,8544,176.06,
30.7442,-15.3058,5.86,0.98,G3IV,12583,9572,100.91,
33.2537,-21.0003,5.86,1.01,G9III,13692,10326,122.4,
42.1912,25.1881,5.86,-0.07,A0V,17471,13121,141.24,
62.5063,86.6261,5.86,0.37,F5IV,22701,19454,40.92,
65.3629,-0.0981,5.86,1.32,K3III,27611,20341,143.27,
72.3292,32.5883,5.86,0.24,A8m,30453,22407,102.99,
72.8675,-34.9064,5.86,0.08,A1Vn,31093,22573,87.8,
82.9004,-45.9253,5.86,1.35,K3III,36734,25887,143.68,
104.2333,46.7050,5.86,1.08,gK0,50763,33415,102.46,
112.3571,-7.5511,5.86,0.48,F8V,59380,36399,27.82,
118.8808,8.8628,5.86,0.35,F2IV,64685,38712,38.15,
134.6829,-16.1328,5.86,0.53,F6V,76932,44075,21.32,
138.7383,-37.6025,5.86,0.83,G0V,79807,45386,192.31,
139.3642,-74.7347,5.86,-0.02,A0V,80950,45585,80.84,
151.0121,-18.1017,5.86,-0.06,A0V,87344,49321,,
162.4312,-9.8528,5.86,1.07,gG8,93833,52948,106.27,
191.6917,-33.3156,5.86,1.34,K3III,111032,62360,117.65,
236.9083,55.3767,5.86,0.25,A3m,141675,77370,79.62,
242.8237,-41.1197,5.86,0.27,F0IV,145191,79320,69.25,
254.9900,-25.0919,5.86,1.62,M3III,153336,83176,147.93,
264.2867,72.4558,5.86,1.01,G9III,161178,86219,98.33,
272.8154,-75.8914,5.86,1.24,K2III,164712,89115,77.64,
271.9563,26.1014,5.86,0.12,A3V,166045,88818,70.08,
272.7733,-41.3592,5.86,0.29,F2V,166114,89099,82.44,
279.8096,-47.9097,5.86,0.23,A7IV-V,171819,91461,100.91,
279.7225,-21.0519,5.86,0.68,G4V,172051,91438,12.98,
312.3233,-25.7814,5.86,-0.07,B7IIIp,198174,102772,,
328.8796,65.3208,5.86,-0.06,B2.5Ve,208682,108226,,
339.2450,-40.5911,5.86,0.06,A1V,214150,111643,67.29,
0.6504,66.0989,5.86,1.09,G8III,225009,207,,
4.6596,31.5172,5.87,-0.01,A0IV,1439,1493,166.67,
7.8567,33.5817,5.87,1.14,K1III,2767,2475,143.27,
9.8408,21.2506,5.87,0.85,K0+V,3651,3093,11.11,
12.0379,72.6750,5.87,1.01,K0IV,4440,3750,68.26,
19.9512,-0.5089,5.87,0.64,G8III+A7V,8036,6226,120.92,
24.9475,-56.1981,5.87,0.9,K0V,10360,7751,8.15,
24.4817,-82.9750,5.87,0.61,G2V,10800,7601,27.13,
29.8987,21.0583,5.87,1.03,K0III-IV,12139,9307,122.4,
35.5208,-17.6622,5.87,1.23,K0III,14728,11033,154.56,
61.5129,68.6800,5.87,1.54,K2III,25274,19129,191.2,
64.4175,-63.2556,5.87,-0.07,B9III-IV,27657,20020,141.84,
70.8400,49.9739,5.87,0.02,B9III,29721,21972,196.46,
81.7721,-40.9436,5.87,0.23,A7m,36060,25488,95.06,
85.5579,-22.3736,5.87,0.11,A2,38090,26865,234.74,
87.4729,-22.9717,5.87,0.06,A2,39190,27533,187.27,
88.8762,-4.6164,5.87,1.18,gK2,39910,28011,93.37,
89.2062,11.5211,5.87,1.1,K2III,40020,28139,94.16,
91.2642,42.9817,5.87,0.3,F3V,41074,28823,51.6,
91.3625,-10.2428,5.87,0.37,dF4,41547,28854,58.96,
94.2896,-37.2531,5.87,0.14,A3V,43940,29852,62.11,
96.3183,-0.9461,5.87,0.56,F8V,45067,30545,33.09,
96.6650,-1.5072,5.87,0.08,A3Vn,45320,30666,70.13,
98.1133,32.4547,5.87,0.14,A3m+A3m:,46052,31173,84.32,
104.1346,46.2742,5.87,-0.06,B8IIIe,50658,33377,253.16,
110.2679,-25.8914,5.87,1.64,M4III,57615,35626,221.73,
112.4983,-52.6511,5.87,1.01,K0III,60060,36444,101.32,
113.5796,-23.4747,5.87,,dF6,60585,,,
120.2079,-54.1514,5.87,-0.14,B5Vn,66441,39184,214.59,
128.4313,4.7567,5.87,1.07,G5III,72561,42008,,
131.7333,12.1100,5.87,0.11,A1V,74873,43121,61.05,
132.5092,-29.4631,5.87,0.95,G8III,75629,43370,288.18,
134.4825,-48.5733,5.87,1.07,G8-K0II,77020,44024,328.95,
139.6758,-51.5606,5.87,0.54,B6Iae,80558,45675,,
142.8871,-35.7150,5.87,1.29,K4III,82514,46736,87.41,
181.0692,21.4592,5.87,0.22,F0IV-V,104827,58858,110.01,
189.1975,-5.8319,5.87,0.07,A3V,109704,61558,68.78,
200.5404,5.1547,5.87,0.12,A2m,116235,65241,63.69,
206.5563,41.0886,5.87,0.21,A5V,120047,67194,51.33,
207.7883,34.6644,5.87,1.62,M2III,120819,67605,207.47,
214.7533,-25.8156,5.87,0.5,F5V,125276,69965,17.78,
218.3850,-54.9983,5.87,0.48,F6IV-V,127486,71184,87.57,
218.3746,-52.6800,5.87,1.09,K0III,127501,71182,104.6,
218.8812,-41.5172,5.87,-0.08,B7V,127971,71353,109.89,
223.1458,-63.8100,5.87,0.72,G3II+B8V,130701,72773,,
224.7233,-11.1442,5.87,1.26,K3-IIICN1,132345,73310,96.9,
234.3833,54.5089,5.87,1.07,gK1,139778,76509,108.93,
238.6646,-25.2436,5.87,-0.06,B8IIIp,142301,77909,139.66,
242.9483,42.3744,5.87,1.45,K4II+F6-8V,145931,79357,286.53,
250.4396,-33.1464,5.87,0.65,G3III,150331,81741,89.61,
251.8325,42.2389,5.87,1.61,M4+III-IIIa,151732,82172,227.79,
266.1750,-42.7289,5.87,0.16,A1V+F0IV,160928,86847,82.51,
269.9029,-4.8214,5.87,1.56,K5III,164064,88101,169.49,
290.4621,-18.3083,5.87,1.06,gG9,181645,95188,110.01,
292.8408,26.6172,5.87,0.93,K0III-IV,184010,96016,59.28,
304.5058,-21.8100,5.87,1.0,K0III,192879,100062,104.71,
314.4192,-16.0317,5.87,0.18,A2m,199443,103460,56.88,
316.5971,71.4319,5.87,0.4,F3IV,201636,104171,49.12,
320.2679,-4.5600,5.87,0.92,gG7,203222,105412,103.2,
340.0929,-30.6589,5.87,1.3,K3III,214690,111934,196.85,
347.4358,-28.0886,5.87,1.31,K2III,218619,114366,210.08,
353.5375,-1.2475,5.87,0.3,A2m,221675,116323,70.57,
358.1250,-14.2511,5.87,1.28,K3III,223774,117722,87.87,
23.5692,37.2372,5.88,-0.07,B9IV,9531,7321,120.19,
30.0383,3.0972,5.88,0.62,G2IV,12235,9353,31.08,
36.6467,-20.0428,5.88,1.26,K2III,15220,11381,87.18,
42.9237,46.8419,5.88,0.89,G8III,17656,13339,121.8,
65.4658,56.5067,5.88,,A3V,27322,20380,94.97,
66.8700,11.2125,5.88,0.05,B8IV,28217,20804,149.25,
68.6583,28.9611,5.88,-0.06,B9pHg,28929,21323,142.86,
84.5046,7.5414,5.88,-0.07,B8III,37320,26487,170.65,
93.6192,17.9064,5.88,0.22,A5Vm,42954,29616,,
97.6967,58.1628,5.88,0.94,K0III-IV,45410,31039,56.95,
98.8233,9.9883,5.88,1.51,K4III,46709,31448,,
116.1425,-37.9431,5.88,-0.11,B7V,62893,37752,186.57,
116.5433,-37.9339,5.88,-0.11,B7V,63215,37915,193.8,
127.4425,67.2975,5.88,0.97,G8III,71088,41676,98.81,
129.2742,9.6556,5.88,0.09,A3V,73143,42265,141.44,
135.2854,-68.6839,5.88,1.63,M1III,77887,44283,233.64,
142.5975,-58.3617,5.88,1.7,M2III,82536,46620,324.68,
162.0592,-31.6883,5.88,0.03,A1V,93657,52841,130.72,
165.0483,-14.0833,5.88,1.5,K5III,95314,53778,135.69,
169.1746,49.4764,5.88,1.08,gK0,97989,55086,129.2,
177.1612,14.2842,5.88,0.29,F0V,102590,57606,74.18,
188.0417,-73.0017,5.88,1.11,K1III,108970,61181,104.71,
201.5692,46.0281,5.88,0.97,gK0,116957,65550,109.53,
220.1829,16.4178,5.88,0.24,A6V,129175,,,
236.0075,2.5150,5.88,0.68,G2.5V,140538,77052,14.67,
242.1821,-23.6856,5.88,0.02,B9IVp:,144844,79098,130.72,
245.6204,-43.9122,5.88,1.16,G3II,147225,80212,,
253.6121,-42.4789,5.88,0.64,F5Ib-II,152293,82716,,
253.3550,-20.4156,5.88,0.68,G3V,152311,82621,27.99,
259.1321,1.2106,5.88,0.06,B5Vnn+B5V,156247,84500,185.87,
262.8637,-80.8592,5.88,1.67,M3III,156513,85760,248.76,
260.7292,-58.0103,5.88,1.07,G8Ib-II,156768,85049,,
272.9379,33.4469,5.88,0.01,A3V,166988,89156,234.19,
281.6796,52.9881,5.88,-0.09,B2.5Ve,174237,92133,,
282.2225,19.3286,5.88,0.03,A1V,174262,92312,85.98,
285.8738,-68.7553,5.88,0.56,F8V,175986,93574,56.66,
287.4908,-41.8925,5.88,-0.08,B6V+F1IV,178322,94157,,
299.9475,-9.9583,5.88,0.58,F8V,189340,98416,24.54,
300.4362,24.8003,5.88,-0.12,B4V,189944,98609,206.19,
307.3350,36.4547,5.88,0.52,A1Ib,195324,101067,,
312.6742,-12.5450,5.88,1.07,gK1,198431,102891,76.57,
325.7683,-14.3997,5.88,0.25,F0IV,206561,107232,125.47,
334.1104,57.2203,5.88,0.93,G8III,211554,109972,223.21,
338.1100,39.7797,5.88,0.16,A6V,213660,111259,192.68,
1.0567,62.2878,5.88,0.3,A1III,225180,330,,
4.2879,47.9475,5.89,-0.09,B7III,1279,1372,292.4,
9.1971,15.2317,5.89,-0.15,B2.5IV,3379,2903,262.47,
10.1100,-59.4544,5.89,0.55,G1V,3823,3170,25.47,
23.7046,18.4606,5.89,1.52,M2IIIab,9640,7359,183.15,
28.9767,37.2778,5.89,1.63,gM0,11727,9001,,
37.2021,29.9319,5.89,0.58,G0V,15335,11548,30.79,
44.9162,41.0331,5.89,1.44,K2,18482,13949,239.23,
45.4071,-28.0917,5.89,0.79,G5IV,18907,14086,30.36,
46.8292,64.0578,5.89,-0.03,B9V,19065,14502,170.94,
60.2033,18.1939,5.89,0.32,F4V,25202,18735,45.48,
61.9975,17.3397,5.89,1.5,K5IIIb,26038,19284,105.71,
76.9813,21.7047,5.89,0.19,B2Ve,32991,23883,,
77.9388,1.0369,5.89,0.66,G5III,33646,24203,,
81.4992,-19.6956,5.89,0.4,F2V,35736,25397,43.03,
89.8408,49.9244,5.89,1.23,G5III,40084,28343,,
104.2521,33.6811,5.89,0.88,G5III,51000,33421,118.06,
109.8433,2.7406,5.89,1.07,G9III,56989,35476,159.49,
115.2438,23.0186,5.89,1.58,K5,61603,37428,,
125.1088,57.7433,5.89,0.39,F4V,69548,40875,31.68,
134.1271,40.2017,5.89,0.35,F3III,76292,43894,72.41,
145.3967,31.2781,5.89,1.6,K6III,83787,47544,,
164.8787,-16.3539,5.89,1.63,M2III,95234,53723,,
167.4104,43.2075,5.89,1.57,M2III,96834,54537,173.61,
171.3879,-37.7478,5.89,1.54,M3III,99333,55763,165.84,
180.6571,-69.1922,5.89,-0.08,B9V,104600,58720,94.61,
189.7646,-30.4222,5.89,1.21,K2-3III,109960,61720,167.79,
191.8288,62.7808,5.89,,A9V,111270,62402,63.09,
192.5446,37.5169,5.89,0.15,A3V,111604,62641,118.62,
193.7438,-44.1519,5.89,0.64,G1V,112164,63033,39.73,
198.3479,-50.7000,5.89,-0.02,B9V,114772,64515,100.81,
198.5504,-58.6839,5.89,1.08,K0-1III,114835,64580,105.37,
198.6796,-48.9567,5.89,1.06,K1III,114971,64623,79.49,
200.8287,-4.9244,5.89,1.43,K3III,116365,65323,,
208.4296,-53.3736,5.89,0.01,B5III,120908,67836,,
225.3042,-38.0583,5.89,1.24,K2-3III,132604,73493,118.62,
228.0179,18.9758,5.89,1.53,M4IIIab,134943,74386,,
229.6092,-0.4614,5.89,1.51,K5III,136028,74901,,
231.5613,-68.3092,5.89,1.02,G8-K0III,136672,75565,102.56,
258.3229,-67.1967,5.89,1.06,K0-1III,154903,84248,100.2,
269.0792,-15.8125,5.89,0.05,A1V,163336,87813,76.28,
275.6471,12.0289,5.89,0.04,A2V,169111,90052,146.84,
278.2304,-73.9656,5.89,0.98,K0III,169570,90930,109.17,
284.6954,13.9067,5.89,0.25,F0pSrEu,176232,93179,74.35,
284.5079,38.2661,5.89,-0.17,B7IV,176318,93104,158.23,
293.5354,-40.0347,5.89,0.09,A3III,184035,96234,133.51,
316.0196,-5.8231,5.89,0.68,G4III,200497,,,
333.4108,28.6083,5.89,1.15,K2III,211006,109730,76.45,
338.5121,-1.5742,5.89,0.99,G6III,213789,111394,136.05,
355.2871,-11.6806,5.89,1.0,G9III,222493,116853,116.28,
355.4863,7.2506,5.89,0.1,A3Vn,222602,116918,103.73,
5.1017,30.9358,5.90,-0.1,B7V,1606,1630,178.57,
11.0504,-38.4217,5.90,1.16,K1III,4211,3456,114.16,
12.3079,-24.1364,5.90,0.95,K2III,4732,3834,56.5,
27.7379,51.9333,5.90,0.43,F5IV,11151,8598,44.6,
38.2792,-34.6500,5.90,1.06,K0III,15975,11867,116.55,
39.2383,38.7328,5.90,0.48,F5V,16176,12181,54.29,
45.4754,26.4622,5.90,0.14,A3m,18769,14109,65.62,
48.3500,48.1769,5.90,0.97,G9III,19845,15004,95.51,
49.9825,27.0711,5.90,0.86,G6IV,20618,15514,62.97,
53.1667,35.4617,5.90,-0.06,B1V,21856,16518,,
56.6142,-29.3381,5.90,0.12,A3V,23738,17618,101.01,
61.3342,22.0089,5.90,0.62,G5V,25680,19076,16.73,
67.0975,14.7408,5.90,0.32,F0IV,28294,20873,54.29,
71.0221,-8.5036,5.90,-0.11,B2Ve,30076,22024,,
77.8300,-2.4908,5.90,0.46,F5V,33608,24162,38.4,
80.8271,-8.4158,5.90,-0.03,B8III,35281,25187,151.29,
88.7458,31.7017,5.90,0.14,A5IV,39586,27973,78.62,
89.6017,1.8369,5.90,0.21,A5mDel Del,40372,28271,108.23,
97.5125,46.6856,5.90,1.44,gK4,45466,30972,162.6,
100.9112,3.9322,5.90,-0.02,B0III,48434,32226,,
108.5646,-9.9475,5.90,1.52,K3III,55832,34982,,
111.6763,-34.1408,5.90,-0.17,B2IV-V,59026,36143,298.51,
113.0242,-8.8808,5.90,0.54,F5V,59984,36640,29.94,
116.8021,-22.5197,5.90,-0.19,B2IV-V,63271,37995,,
125.7079,-26.3481,5.90,0.37,F3Ib,70761,41074,,
128.2292,38.0164,5.90,1.11,K2III,72184,41935,64.39,
130.2721,-48.9225,5.90,-0.21,B1.5V,74273,42614,,
153.4412,-40.3458,5.90,1.21,K1III,88809,50103,138.12,
155.7762,33.9081,5.90,0.14,A6V,89904,50860,70.52,
157.9642,32.3794,5.90,0.11,A0IV,91130,51556,75.02,
173.0829,-66.9622,5.90,1.13,K1IIICNIb-II,100382,56287,91.41,
184.6679,-0.7872,5.90,0.17,A5Vn,107070,60030,100.0,
193.4546,-60.3769,5.90,0.2,B5Ia,111973,62931,,
198.2037,-66.2269,5.90,0.06,A0Vm:,114570,64466,87.34,
204.3487,-46.4283,5.90,-0.12,B8V,118354,66454,119.47,
208.2929,28.6481,5.90,0.2,A7V,121164,67782,64.68,
214.6596,-18.7161,5.90,0.0,A0pCrEu,125248,69929,90.25,
231.9642,60.6703,5.90,1.44,K5III,138265,75696,182.48,
241.1529,-37.8631,5.90,0.4,F3IV,143928,78747,39.84,
268.0567,-34.7992,5.90,-0.1,B6V,162374,87460,,
271.9563,26.0975,5.90,0.14,A3V,166046,88817,,
277.3988,23.8661,5.90,-0.1,B6IV,170650,90637,,
281.6187,-0.9617,5.90,0.13,A2Vm,173654,92117,79.24,
305.9350,37.4764,5.90,-0.2,B2Ven,194335,100574,273.97,
314.1079,49.1958,5.90,1.04,G8II-III,199612,103360,,
315.9483,53.2861,5.90,0.99,K0III,200817,103956,124.22,
328.7979,-61.8864,5.90,0.39,F1III,207964,108195,46.53,
340.4892,14.5164,5.90,1.11,gK0,214995,112067,81.83,
342.0454,37.4167,5.90,1.03,gG8,215943,112590,111.61,
342.7592,85.3736,5.90,1.32,K5,217157,112833,140.06,
357.4208,36.4253,5.90,0.79,G1III,223460,117503,134.95,
10.1767,-4.3519,5.91,1.1,K0III,3807,3193,176.68,
21.0858,-6.9147,5.91,0.41,F3V,8556,6564,44.78,
27.1083,3.6856,5.91,0.97,G9III,11037,8404,100.5,
33.6333,-41.1667,5.91,0.97,G8III,13940,10440,102.35,
43.9521,18.3317,5.91,1.47,M6-III:,18191,13654,123.76,
49.5117,-28.7969,5.91,0.33,F3V+A8-9,20606,15357,61.96,
56.5396,6.8031,5.91,0.99,G9III,23526,17595,103.31,
57.1621,0.2278,5.91,1.23,K3III,23887,17805,151.98,
65.5950,20.8214,5.91,1.66,M0IIIab+A F,27639,20417,,
78.2008,-6.0572,5.91,0.96,G7III,33833,24294,136.8,
93.7854,13.8511,5.91,-0.23,B1V,43112,29678,,
93.7850,-20.2722,5.91,1.32,K0,43396,29679,284.9,
106.8429,34.0094,5.91,1.51,gK4,53686,34358,208.77,
109.9483,7.1428,5.91,0.53,F8V,57006,35509,59.31,
114.1446,5.8617,5.91,0.6,G0V,60803,37031,43.63,
117.5996,-50.5097,5.91,1.09,K2III,64225,38267,79.43,
129.8233,52.7117,5.91,1.17,gK1,73171,42452,121.8,
133.1608,-48.3592,5.91,-0.15,B3Vn,76161,43589,333.33,
142.1275,-66.7019,5.91,0.01,A0V,82406,46460,82.17,
143.3592,-22.8639,5.91,0.02,A0Vn,82747,46897,91.07,
152.5312,-8.4083,5.91,0.02,A1V,88195,49812,,
158.1400,-44.6189,5.91,0.92,G6-8III,91437,51610,121.8,
159.5104,-57.2564,5.91,-0.14,B3IV,92287,52043,,
162.3504,-59.3236,5.91,0.0,B9.5IV-V,93943,52922,261.78,
163.9267,0.7369,5.91,0.42,F2/3III/V,94672,53423,43.76,
164.2829,-50.7650,5.91,0.18,A4V,94985,53530,97.09,
169.7292,1.6506,5.91,1.04,gK0,98366,55249,95.42,
178.7492,-63.2789,5.91,0.19,A3Ib,103516,58103,,
197.4492,16.8486,5.91,1.45,K5III,114326,64226,,
197.9650,-69.9419,5.91,0.42,F3IV-V,114371,64390,44.11,
197.5133,38.4989,5.91,0.29,A9III-IV,114447,64246,62.03,
203.6687,-13.2144,5.91,0.02,A2pSrEu:Cr:,118054,66247,155.52,
206.8650,-50.2494,5.91,0.29,A3mA5F0,119938,67292,60.1,
205.6637,78.0644,5.91,1.01,gG7,120084,66903,97.66,
209.1163,1.0506,5.91,0.2,A8V,121607,68092,103.52,
209.8221,-50.3700,5.91,0.96,G8-K0III,121853,68333,102.88,
213.4200,-0.8456,5.91,0.47,F7V w,124425,69493,55.74,
219.5583,18.2983,5.91,1.1,gK2,128750,71571,112.61,
220.1767,13.5342,5.91,0.21,F0V,129153,71759,53.11,
222.1850,-66.5939,5.91,-0.07,B2.5Ve,129954,72438,,
227.7846,-84.7875,5.91,-0.06,B9.5V,131596,74296,97.66,
242.2454,3.4544,5.91,1.47,gK5,145085,79120,131.93,
244.7967,49.0381,5.91,1.37,gK6,147352,79953,195.69,
250.3471,-68.2961,5.91,-0.08,B7IVe,149671,81710,210.97,
249.7717,-37.2175,5.91,0.0,B9-A0V+B,149886,81523,133.16,
252.3942,13.2614,5.91,0.03,A1V,151862,82350,88.18,
255.9617,-38.1522,5.91,0.38,F4IV+F2V,153890,83491,64.06,
259.8017,-59.6944,5.91,1.37,K2IIICNIb-II,156091,84731,,
259.7383,-34.9897,5.91,1.04,K3V+K5V,156384,84709,6.97,
282.4413,32.8128,5.91,-0.16,B3IV,174585,92398,309.6,
290.0671,57.6453,5.91,1.58,M1IIIab,182190,95038,270.27,
296.4162,7.6133,5.91,0.18,A3IV,186689,97229,54.11,
298.0300,47.9319,5.91,-0.18,B2III,188252,97774,,
300.2454,8.5581,5.91,1.52,K5III,189695,98526,,
304.0025,45.5794,5.91,0.38,F5V:,192985,99889,34.52,
309.5775,-81.2889,5.91,1.71,K5III,194612,101843,194.93,
307.3629,56.0681,5.91,-0.04,B9Vne,195554,101084,274.73,
309.6463,23.6806,5.91,0.98,K0II-III+A3V,196753,101870,,
316.3721,78.1264,5.91,-0.07,B8Vn,201908,104105,126.42,
343.7608,37.0769,5.91,0.42,F5II,216756,113174,41.25,
15.9042,61.0750,5.92,0.49,F0II,6130,4962,,
18.1892,-37.8564,5.92,0.28,F0III,7312,5661,73.42,
24.1133,48.7228,5.92,1.21,gK1,9746,7493,128.7,
35.7275,-51.0922,5.92,0.22,A5V,14943,11102,61.35,
37.6350,25.2350,5.92,0.41,F6IV,15524,11670,51.05,
42.5617,-35.8436,5.92,0.9,K0III,17793,13225,153.37,
43.3933,-38.4369,5.92,0.44,F6IV,18149,13473,59.42,
53.6108,24.4644,5.92,0.13,A3V+A3V,22091,16664,,
65.0600,41.8081,5.92,0.94,K0III,27278,20241,106.16,
69.5658,20.6847,5.92,-0.05,B8V,29365,21604,110.74,
75.4596,0.7222,5.92,1.27,K0,32263,23408,152.67,
88.7362,19.7497,5.92,-0.17,B2V,39698,27965,,
94.0321,-16.6178,5.92,-0.17,B2.5Vn,43544,29771,256.41,
100.1342,71.7489,5.92,1.19,K0III,46509,31946,203.25,
101.3450,-31.7936,5.92,0.48,F6V,49095,32366,24.27,
104.1075,9.9564,5.92,-0.08,B8Vn,51104,33372,172.12,
108.0508,-25.9425,5.92,-0.17,B2V,55522,34798,220.26,
109.3904,52.1308,5.92,1.26,gK1,55866,35304,186.92,
114.1958,55.7553,5.92,1.12,K2III,60294,37046,85.98,
114.4746,48.7736,5.92,0.22,A5m,60652,37140,80.39,
116.6671,65.4558,5.92,1.18,gK2,62066,37949,101.83,
138.3938,-47.3386,5.92,-0.05,B9Ve,79621,45270,170.07,
142.1958,-62.2731,5.92,1.1,K1III,82347,46482,147.93,
159.7475,-58.8169,5.92,1.65,M1III,92436,52127,,
163.8217,-60.5169,5.92,1.08,K0III,94776,53394,93.81,
183.0917,-62.9508,5.92,0.29,B8Ia-Iab,106068,59517,,
185.4896,-56.3747,5.92,1.57,K4III+F:,107543,60308,,
210.8592,-56.2136,5.92,1.22,K2III,122438,68670,162.6,
218.1354,22.2600,5.92,0.35,F2IV,127739,71115,51.44,
236.6450,55.4747,5.92,1.39,gK3,141472,77272,319.49,
241.5263,-23.6064,5.92,-0.08,B8p,144334,78877,149.25,
243.5929,-33.0114,5.92,1.02,K0III,145838,79596,197.24,
246.3963,-23.4461,5.92,,B2V,147934,,,
250.4029,26.9169,5.92,0.4,F2III,150682,81729,42.83,
261.8017,-50.6303,5.92,0.08,B9II,157662,85409,,
267.6175,-53.6122,5.92,-0.08,B2V+B3V,161783,87314,,
276.9563,-29.8164,5.92,0.52,F9V,169830,90485,36.32,
288.6654,-45.1933,5.92,0.9,G8III,179433,94556,90.66,
296.0771,69.3369,5.92,0.05,A2III,187340,97122,135.69,
298.0500,-19.0450,5.92,0.98,G5III,187739,97783,95.6,
299.8354,45.7722,5.92,0.16,A5III,189684,98383,144.72,
303.0029,26.4789,5.92,-0.11,B7Ve,192044,99531,,
333.0333,24.9500,5.92,1.51,K0,210762,109602,,
342.5908,41.9536,5.92,0.08,B3IV:,216200,112778,,
349.1654,-44.4892,5.92,1.06,K1III,219507,114921,88.34,
8.2933,54.8950,5.93,1.04,K0III,2952,2611,115.21,
8.8867,-0.5056,5.93,0.44,F5IV,3229,2787,55.65,
12.0725,7.3000,5.93,1.1,G8III,4627,3760,202.84,
21.2721,-64.3694,5.93,1.56,K5III,8810,6631,309.6,
22.5954,-26.2078,5.93,1.34,K4III,9228,7016,136.05,
30.9508,-0.3403,5.93,0.88,G5II-III+G5V,12641,9631,101.11,
32.8992,-1.8253,5.93,0.97,gG9,13468,10234,108.7,
48.1075,-44.4197,5.93,0.44,F7III+A0V,20121,14913,43.8,
50.4692,49.0708,5.93,0.43,F6V,20675,15669,45.75,
51.5938,-27.3175,5.93,0.94,G5III,21430,16029,132.98,
58.3888,-46.8936,5.93,1.24,K2III,24706,18199,110.38,
60.1696,-30.4908,5.93,0.04,A2V,25371,18723,110.01,
83.5167,-1.4706,5.93,1.55,K5III,36780,26108,,
85.2733,0.3378,5.93,0.3,F0IV,37788,26762,51.39,
91.1675,-45.0789,5.93,0.49,F4V,41742,28790,27.02,
92.3850,22.1900,5.93,1.63,K4I,42049,29196,,
97.5471,-10.0814,5.93,1.38,K0,45976,30986,,
97.6929,-27.7694,5.93,-0.15,B2.5V,46189,31037,,
101.6350,8.5872,5.93,-0.17,B2.5V,48977,32463,,
105.8767,29.3372,5.93,0.6,G4V,52711,34017,19.09,
111.7346,20.2572,5.93,0.3,F2Vn,58579,36156,124.38,
115.0567,-19.6608,5.93,1.16,K0,61774,37364,220.75,
117.3112,-35.2433,5.93,-0.05,B9V,63786,38167,146.63,
122.5158,58.2481,5.93,1.39,gK4,67224,39995,171.82,
137.2129,33.8822,5.93,0.6,F9V,78366,44897,19.14,
142.8842,-31.8719,5.93,0.26,A9IV,82513,46734,114.81,
149.3067,57.4183,5.93,0.89,G5III,85945,48802,143.06,
148.4592,-51.1469,5.93,-0.15,B2III,85953,48527,,
162.1692,-1.9589,5.93,1.6,M2III,93655,52863,162.87,
163.3779,69.8539,5.93,0.99,G9IV,94132,53257,43.44,
163.6233,-61.8267,5.93,1.75,K4III,94683,53334,,
178.9171,-28.4769,5.93,1.5,K5III,103596,58158,146.2,
190.9087,-1.5769,5.93,0.86,G8IIIp,110646,62103,70.13,
193.2663,-54.9525,5.93,1.31,K2III,111884,62861,116.14,
194.1312,-72.1853,5.93,1.13,G8III,112219,63165,214.13,
225.0492,-77.1603,5.93,1.05,G8II,131425,73415,268.82,
224.8462,4.5678,5.93,1.6,M2III,132525,73350,,
225.3629,60.2044,5.93,0.09,A4V,133388,73507,100.2,
234.1221,16.1189,5.93,0.29,F3V,139225,76424,49.02,
240.5229,52.9158,5.93,1.48,gK5,144204,78542,251.26,
255.9138,13.6053,5.93,0.0,A1V,154228,83478,80.78,
260.7288,-37.2206,5.93,1.08,K1III,157097,85048,129.03,
264.3633,-50.0600,5.93,1.1,K0III,159463,86248,106.04,
284.0025,-23.1736,5.93,-0.02,B8,175360,92931,,
285.9892,-51.0186,5.93,1.24,K0-1III,176664,93624,89.53,
288.1529,21.5544,5.93,0.03,A2Vn,179648,94382,308.64,
291.2671,-29.3092,5.93,1.26,K3III,182286,95456,82.85,
304.3804,66.8539,5.93,0.58,G3V,193664,100017,17.57,
305.6887,41.0261,5.93,1.6,K7III,194193,100501,262.47,
311.5417,-21.5142,5.93,0.04,A0,197725,102487,82.71,
322.2496,22.1794,5.93,1.53,M4.5III-IIIa,204585,106062,184.84,
329.7225,62.6983,5.93,1.67,M3IIIab,209112,108505,393.7,
335.8838,-7.1944,5.93,1.0,G6IIIBaII,212320,110532,140.85,
340.0767,53.8461,5.93,0.93,K0III,214878,111925,105.37,
349.8504,-18.0753,5.93,1.52,gK3,219879,115144,,
358.2317,-3.1556,5.93,1.07,G9III,223825,117761,153.14,
1.9450,-22.5089,5.94,0.14,A2Vp:,319,636,80.32,
3.4254,-26.0219,5.94,1.55,K5III,942,1096,,
7.5829,59.9772,5.94,0.01,B9IIIn,2626,2377,220.26,
11.2379,-42.6767,5.94,0.28,F0V,4293,3521,66.62,
17.9312,-2.2511,5.94,1.4,K4III,7147,5594,135.14,
24.6142,-36.5283,5.94,1.05,K0IV,10142,7643,99.01,
27.1621,37.9528,5.94,0.97,K0III,10975,8423,94.61,
27.7167,11.0433,5.94,0.3,F2V w,11257,8588,42.63,
27.7271,-50.2061,5.94,0.14,A1Vp,11413,8593,74.79,
30.6467,13.4767,5.94,1.59,M2III,12479,9533,,
52.6892,6.1886,5.94,0.96,G8III,21755,16358,158.48,
64.3300,-6.4719,5.94,1.08,gG8,27179,19996,168.92,
68.3779,72.5286,5.94,0.3,A8m,28204,21247,114.42,
66.2721,-61.2383,5.94,1.54,K4-5III,28413,20619,196.85,
69.1008,64.2617,5.94,-0.03,A1V,28780,21452,135.87,
75.5950,-31.7714,5.94,1.17,G8III,32515,23446,101.01,
81.1604,31.1431,5.94,0.04,B9III,35239,25291,251.89,
81.7037,34.3917,5.94,0.14,A0III,35520,25471,,
82.6088,15.3603,5.94,0.14,A3Vn,36162,25790,105.6,
84.2683,11.0350,5.94,1.58,K4III,37171,26386,,
86.6267,56.1156,5.94,0.17,A4Vn,38091,27249,59.21,
88.0846,-57.1561,5.94,0.66,F7IV,39937,27737,127.23,
95.5150,59.3722,5.94,,A3V,43812,30272,129.37,
99.4225,61.4811,5.94,0.89,G8IV-V,46480,31676,53.13,
105.6062,17.7556,5.94,1.63,M1,52554,33929,,
108.7379,-41.4258,5.94,-0.16,B4III-IV,56410,35054,169.2,
115.3967,3.6247,5.94,-0.04,A0V,61887,37478,154.56,
129.5792,32.8019,5.94,1.12,gK2,73192,42365,112.61,
143.2325,-13.5169,5.94,1.5,K5III,82660,46859,,
144.8663,67.2722,5.94,1.52,K5,83126,47401,166.67,
150.5000,-60.4208,5.94,0.26,A9IV,87283,49164,,
171.7896,-12.3567,5.94,0.49,F4III-IV,99564,55874,67.07,
172.6296,43.1733,5.94,0.49,F4V,99984,56148,56.12,
197.4387,-10.3294,5.94,1.49,K5III,114287,64224,201.21,
206.5792,38.5039,5.94,0.94,G9III,120048,67210,123.76,
214.8496,-37.0036,5.94,0.08,A2Vn,125283,69995,68.49,
217.4604,0.8289,5.94,0.16,A5IV,127167,70894,76.34,
221.7713,-38.2908,5.94,1.33,K3III,130055,72296,170.07,
236.0942,-41.8194,5.94,0.0,A0V+B,140285,77086,141.44,
238.7512,-19.3831,5.94,-0.01,B5V,142378,77939,191.2,
244.7517,-14.8725,5.94,1.52,K4III,146850,79938,,
248.1071,60.8233,5.94,0.02,A2V,149650,80991,102.88,
253.5021,-57.9094,5.94,1.59,M1III,151967,82672,210.97,
254.1196,-52.2839,5.94,-0.08,B9V,152527,82902,96.62,
259.5971,38.8114,5.94,1.0,gG7,156891,84656,98.04,
262.1612,-55.1697,5.94,1.11,G8II-III,157819,85520,,
261.6925,34.6958,5.94,-0.01,A0V,158261,85382,85.98,
264.4008,-15.5711,5.94,0.37,F0IV,159877,86266,,
266.9033,-14.7258,5.94,0.05,B9pHgMn,161701,87074,156.49,
270.7708,-8.1803,5.94,,F5V,164764,88404,52.03,
277.9875,-1.0031,5.94,0.16,A4III,170920,90844,174.83,
279.4767,-21.3978,5.94,0.19,A8IIIn,171856,91347,96.34,
295.6858,32.4267,5.94,0.11,A5III,186377,96977,,
297.5575,-47.5572,5.94,1.7,M1III,187086,97598,,
307.4746,-18.5833,5.94,0.08,A3Vn,195094,101123,73.26,
315.6133,-38.5306,5.94,1.11,K0IV,200073,103836,65.75,
316.3612,5.9583,5.94,0.54,F8V,200790,104101,36.95,
321.4458,36.6675,5.94,-0.08,B0Ib,204172,105811,,
326.1304,14.7719,5.94,0.59,G0V,206860,107350,18.39,
340.4004,41.5494,5.94,,G9III,215030,112041,99.21,
345.3821,-4.7114,5.94,1.0,K0,217563,113686,,
347.6133,43.5442,5.94,0.44,F5IV,218804,114430,28.26,
357.5612,-9.9742,5.94,1.13,K0IV,223524,117541,94.07,
17.6400,2.4456,5.95,1.51,K4III,7014,5510,,
41.2071,67.8247,5.95,0.1,A5III,16769,12821,124.69,
43.3971,-22.3764,5.95,1.04,K0III,18071,13479,93.2,
45.1837,10.8703,5.95,1.59,K6,18700,14036,135.32,
47.9283,81.4706,5.95,0.15,A7III-IV,18778,14844,62.0,
62.2567,13.3983,5.95,0.05,B9.5V,26171,19376,136.61,
75.0763,39.3947,5.95,0.41,F5V,31761,23261,53.02,
86.6458,1.1681,5.95,0.78,G4V,38529,27253,42.43,
108.9296,-10.5839,5.95,1.18,K0,56207,35127,123.15,
111.9288,-22.8597,5.95,-0.09,B5V:,59136,36236,270.27,
120.4058,-37.2836,5.95,0.14,A3IV,66358,39251,182.48,
121.1767,-50.5906,5.95,1.21,G5II,67249,39527,416.67,
125.8408,18.3322,5.95,0.17,A9V,70569,41117,121.07,
127.1554,14.2108,5.95,0.19,A5V,71555,41578,94.34,
133.1492,28.3308,5.95,0.87,G8V,75732,43587,12.53,Copernicus
136.3504,48.5303,5.95,0.45,F6II-III,77601,44613,106.72,
137.6612,30.9631,5.95,1.67,M6IIIase,78712,45058,121.8,
148.4287,5.9583,5.95,1.66,M2III,85709,48519,,
156.2475,-58.5764,5.95,0.32,F2III,90454,50993,91.07,
162.7725,-3.0925,5.95,1.48,K2,94014,53035,157.73,
165.9025,-0.0008,5.95,1.22,K3III,95849,54049,170.94,
173.1979,-7.8275,5.95,1.38,K4III,100343,56318,176.37,
173.6771,16.7969,5.95,-0.16,B4V,100600,56473,,
182.4221,1.8978,5.95,1.12,K3III,105639,59285,83.75,
186.2987,-11.6103,5.95,0.03,A1V,108107,60595,64.56,
187.9825,-63.5061,5.95,0.27,A8III,109000,61158,73.75,
191.2479,39.2789,5.95,0.55,G0V,110897,62207,17.37,
206.6804,25.7022,5.95,0.49,G5III+A7V:,120064,67239,83.54,
208.9112,-82.6661,5.95,1.46,K2.5IIIaCH-3Ba0.5,120213,68009,267.38,
216.0037,8.2436,5.95,0.06,A3V,126200,70384,117.79,
228.9742,-48.0742,5.95,0.21,A3m,135235,74696,51.76,
235.4775,-76.0819,5.95,-0.04,B9V,138867,76877,115.61,
234.9854,-59.9083,5.95,0.48,F6V,139211,76716,30.92,
262.8458,-56.9206,5.95,-0.08,B7II-III,158220,85751,,
265.3846,6.3128,5.95,1.26,G7III,160781,86575,,
268.1475,1.3050,5.95,1.58,K5III,162774,87491,107.53,
271.5987,-36.0197,5.95,0.62,G5V,165185,88694,17.37,
272.6317,54.2867,5.95,0.94,K1III,167042,89047,50.0,
273.8038,-20.3881,5.95,0.02,O9.5II,167263,89440,,
277.3313,-80.2328,5.95,1.16,K2III,167714,90606,106.84,
273.8208,68.7558,5.95,1.06,gK1,168653,89448,87.11,
296.9525,25.3839,5.95,0.99,K0II-III,187193,97402,122.55,
300.0663,-37.7022,5.95,1.0,G8III,189195,98461,96.81,
305.0008,13.5481,5.95,0.31,A5-F2m,193472,100256,90.17,
310.0129,43.4586,5.95,1.19,K2III,197139,101986,144.3,
318.9258,77.0122,5.95,1.5,K5III,203399,104968,256.41,
326.2221,62.4606,5.95,0.31,O9Ib-II,207198,107374,,
330.7658,-76.1186,5.95,0.39,F3III,208741,108849,61.73,
332.9638,16.0406,5.95,0.95,K1III,210702,109577,55.93,
334.7533,-13.3050,5.95,1.06,gG7,211676,110179,108.58,
337.4417,-27.1072,5.95,0.33,F1V,213135,111045,42.09,
341.0217,39.4656,5.95,1.48,K5III+K2III,215359,112241,198.41,
354.7933,75.2928,5.95,0.13,A3V,222386,116714,80.65,
356.6529,66.7822,5.95,-0.04,B2IV,223128,117265,,
1.5667,58.4367,5.96,0.67,G5V,123,518,20.28,
21.5775,43.4578,5.96,0.49,F7V,8671,6711,41.31,
33.1562,24.1678,5.96,1.37,K0,13522,10296,173.31,
49.4408,39.2833,5.96,0.07,A2IV,20346,15334,186.22,
51.4008,-69.3364,5.96,0.42,F3-5IV,21722,15968,39.29,
52.8367,27.5719,5.96,,A2V,21743,16411,,
54.7546,-5.6261,5.96,0.92,K1V,22713,17027,35.16,
67.1625,-19.4583,5.96,1.22,K1III,28479,20892,99.11,
67.6679,-35.6536,5.96,1.0,K0II,28776,21042,112.11,
76.1658,74.0669,5.96,,A1V,31590,23617,164.74,
79.0758,34.3119,5.96,0.22,O9.5V,34078,24575,,
79.7100,-18.1300,5.96,0.58,G0V,34721,24786,24.93,
84.8267,29.2153,5.96,0.16,B2IV-V,37367,26606,,
84.6575,-6.5739,5.96,-0.23,B1.5IV,37481,26535,,
89.0596,-22.8403,5.96,1.11,K0V,40151,28085,89.45,
90.4296,48.9594,5.96,1.45,K0,40486,28562,210.53,
102.9262,-36.2303,5.96,0.18,A3V,50445,32938,55.13,
105.0987,-8.4069,5.96,-0.08,B9III,52312,33729,,
106.8054,-51.9678,5.96,1.0,K0III,54732,34349,173.01,
108.1071,-36.5444,5.96,-0.14,B3V,55718,34817,277.01,
112.6287,-54.3994,5.96,1.56,M1III,60228,36496,132.8,
125.7250,-7.5433,5.96,1.67,M1III,70652,41080,,
128.4096,-38.8489,5.96,-0.14,B5III,72832,42001,253.16,
128.8700,-26.8436,5.96,0.37,A1V+G-KIII,73072,42147,257.07,
134.1421,-16.7094,5.96,1.54,K0,76579,43899,226.24,
138.9692,72.9461,5.96,0.18,F0III,78935,45461,89.21,
155.2642,68.7475,5.96,0.2,A7Vn,89343,50685,125.79,
154.6175,-41.6683,5.96,-0.06,B9V,89461,50480,168.92,
174.4517,-67.6203,5.96,1.02,K0III,101162,56727,106.61,
175.1775,-53.9686,5.96,1.66,M1III,101541,56970,,
179.8233,33.1675,5.96,1.15,K1III,104075,58460,205.76,
181.2379,-60.9692,5.96,1.67,M2III,104933,58921,202.84,
195.2900,17.1231,5.96,0.96,K0III,113095,63533,122.85,
207.4396,61.4892,5.96,0.96,G3V,120787,67485,121.07,
226.6387,-30.9189,5.96,-0.08,A0pSi,133652,73937,95.79,
251.1658,-53.1525,5.96,1.26,G8III,150576,81966,210.97,
253.4271,-43.0508,5.96,1.73,M3II-III,152161,82650,,
258.8996,-38.5939,5.96,0.58,F7V+G2V,155826,84425,30.67,
258.9233,23.7428,5.96,1.31,K2III,156284,84431,228.83,
267.8867,-40.7725,5.96,1.59,M2III,162189,87390,226.24,
268.4787,-34.7525,5.96,-0.01,B9V+B9V,162724,87616,,
268.6133,-34.4664,5.96,-0.01,B9.5V,162817,87671,,
277.4450,-14.5817,5.96,-0.04,B9pSiCr,170397,90651,87.26,
292.7954,-68.4339,5.96,1.64,K4-5III,182709,95999,,
293.4233,49.2625,5.96,1.64,M4.5IIIaS,184786,96198,,
295.4538,50.5253,5.96,0.64,G1.5Vb,186408,96895,21.62,
299.6196,63.5342,5.96,0.09,A3V,189900,98308,131.93,
300.8183,18.5006,5.96,1.42,K3II-III+G8IV,190211,98738,260.42,
307.3646,81.0914,5.96,0.92,K0III+F8V,196925,101082,62.97,
314.1446,44.9250,5.96,0.05,O6V((f)),199579,103371,,
318.3287,-36.4239,5.96,0.98,K0III,201852,104752,103.41,
319.7167,11.2033,5.96,1.65,K5III,202951,105224,,
331.1533,-26.8225,5.96,-0.14,B4IVne,209522,108975,,
353.7058,-15.2458,5.96,1.36,K0,221745,116368,107.64,
5.3692,-77.4269,5.97,1.4,K3III,1801,1706,213.68,
14.6296,66.3522,5.97,-0.02,A0III,5550,4572,115.34,
20.8537,20.4689,5.97,1.71,K5,8388,6492,253.81,
24.9200,16.4058,5.97,1.12,K2III,10164,7740,139.28,
44.0575,8.3817,5.97,0.48,F7IV,18262,13679,44.52,
58.2917,17.3269,5.97,0.34,F4V,24357,18170,41.43,
71.6850,40.3128,5.97,0.93,G9III,30138,22220,135.87,
73.1963,27.8975,5.97,0.37,F2IV,30912,22697,107.87,
76.8542,-12.4906,5.97,0.6,F7V,33093,23831,36.23,
87.1454,-4.0947,5.97,0.64,G4V,38858,27435,15.56,
87.5546,4.4233,5.97,1.36,gK2,39051,27560,155.52,
88.0317,-9.0414,5.97,0.1,A2Vnp,39421,27713,116.28,
97.0608,70.5356,5.97,,A4V,44472,30794,169.78,
99.1946,-13.3208,5.97,1.56,K5,47182,31599,235.85,
99.9483,12.9831,5.97,0.06,A2V,47575,31876,88.65,
104.7375,3.6022,5.97,1.06,G8III,51814,33603,,
105.8246,9.1383,5.97,0.12,A3V s,52913,34002,79.43,
108.8375,-52.4997,5.97,1.1,K1III,56705,35084,119.19,
111.4625,-5.7750,5.97,0.92,G3Ib,58526,36055,,
125.3000,-57.9731,5.97,-0.09,B1.5III,70839,40932,,
126.4650,-64.6008,5.97,0.96,G8-K0III,71863,41321,109.77,
138.8096,34.6336,5.97,0.86,G6III,79452,45412,139.47,
139.3800,46.8172,5.97,0.04,A1V,79763,45590,112.49,
147.3671,-37.1864,5.97,1.24,K1III,85206,48191,124.84,
154.1346,23.5031,5.97,0.67,G1.5IV-V,89010,50319,30.36,
155.8604,-4.0742,5.97,-0.1,B9pSiCr:Sr:,90044,50885,107.76,
160.4638,-79.7833,5.97,-0.07,B4IVe,93237,52340,306.75,
185.0446,-22.1756,5.97,0.82,G3IV,107295,60157,145.35,
201.5475,-1.1925,5.97,0.19,A7III,116831,65545,75.19,
210.2175,-66.2686,5.97,0.35,F2III,121932,68455,76.86,
217.7950,-38.8697,5.97,1.06,K1III,127193,70987,106.04,
233.8179,53.9219,5.97,1.18,gK4,139357,76311,121.36,
242.2967,6.3789,5.97,1.0,K1.5IV,145148,79137,30.45,
255.1538,-35.9342,5.97,1.16,K2IIICNII,153368,83235,89.45,
257.1979,-30.4036,5.97,0.25,A/FmDel Del,154783,83896,81.9,
269.2679,0.0664,5.97,0.1,A3V,163624,87875,95.6,
270.9683,-24.3606,5.97,0.0,O4V((f)),164794,88469,,
286.7317,-48.2992,5.97,-0.02,A0V,177406,93862,107.18,
286.4217,-15.6603,5.97,-0.02,B9V,177517,93763,,
295.0296,-23.4286,5.97,1.04,gK1,185467,96760,127.23,
309.7708,15.8381,5.97,-0.14,B3V,196775,101909,,
315.3038,36.0261,5.97,0.98,G5III,200253,103734,201.61,
323.0608,-33.9447,5.97,0.05,A2IV,204854,106340,126.26,
321.2071,80.5247,5.97,0.92,gG6,205072,105727,108.93,
338.9021,-23.9911,5.97,0.99,gK0,213986,111515,103.52,
340.2038,-57.4222,5.97,1.46,K4III,214632,111967,,
342.8371,-29.5361,5.97,0.91,G8/K0III,216210,112862,113.64,
345.6846,-20.8706,5.97,0.94,K0III-IV,217703,113801,76.86,
354.9796,9.6772,5.97,0.2,A2IVm,222377,116768,58.28,
357.4142,28.8425,5.97,0.19,A2m,223461,117500,81.83,
359.2650,42.6583,5.97,0.69,F8III,224342,118071,,
359.3329,-62.9564,5.97,0.11,A1IV,224361,118092,62.85,
6.8113,-25.5472,5.98,1.03,G8III,2363,2159,205.76,
10.6742,-60.2625,5.98,1.32,K5III,4088,3352,72.83,
14.5592,33.9508,5.98,1.0,K0,5608,4552,58.17,
15.7263,41.3450,5.98,0.16,A5m,6116,4903,105.37,
18.5317,16.1336,5.98,-0.08,B8III,7374,5778,153.37,
34.5187,57.5167,5.98,1.05,G7III,13994,10729,217.86,
40.3917,-14.5494,5.98,0.43,F5III:,16825,12562,49.29,
47.6621,11.8725,5.98,-0.06,B8V,19698,14764,160.26,
53.4125,54.9747,5.98,0.11,A3V,21819,16599,67.98,
66.2379,19.0417,5.98,0.37,F4V,27901,20614,49.02,
87.6250,2.0244,5.98,0.91,G8III+A0IV,39118,27588,,
88.1671,33.9175,5.98,1.6,M1.5II-III,39225,27778,,
90.2925,31.0347,5.98,0.08,A2V,40588,28517,78.68,
96.3046,7.0858,5.98,1.22,F7Iab-K1Iab,44990,30541,,
95.9071,-52.1811,5.98,1.04,G8III,45291,,,
105.9650,12.5944,5.98,1.58,K5,52976,34055,,
125.1679,72.4072,5.98,1.54,M0III,68951,40889,290.7,
124.5996,-12.6319,5.98,0.76,G7.5V,69830,40693,12.58,
125.1337,24.0222,5.98,-0.03,B9.5V,70011,40881,128.53,Piautos
126.4817,-14.9297,5.98,0.17,A5m,71267,41328,102.15,
126.2383,-42.7694,5.98,-0.17,B3V,71302,41250,,
137.1971,26.6292,5.98,0.66,G5IV-V,78418,44892,31.27,
144.3679,-36.0958,5.98,1.12,K2III,83441,47224,103.41,
152.6579,-41.7150,5.98,1.24,K2-3III,88399,49844,68.35,
173.6229,-32.8314,5.98,0.81,K0V,100623,56452,9.54,
175.8633,-37.1903,5.98,1.46,K3III,101883,57165,183.49,
190.3175,-13.0150,5.98,0.42,F5V,110318,,,
192.9867,-39.6808,5.98,-0.1,B8V,111774,62786,142.65,
204.2750,-44.1433,5.98,0.94,G8-K0III,118338,66427,115.47,
205.7292,-41.4011,5.98,1.02,K0III,119250,66924,108.11,
205.9167,-42.0675,5.98,-0.08,B8III,119361,66984,,
205.6808,34.9889,5.98,0.85,G5III,119458,66907,149.03,
205.5962,82.7525,5.98,1.01,G9III,120565,66878,111.61,
214.0175,18.9119,5.98,0.26,A8III,124953,,,
227.5312,-38.7925,5.98,,G8III,134255,74224,143.27,
230.6554,62.0472,5.98,-0.03,A0pSi,137389,75256,141.44,
243.6396,73.3950,5.98,0.08,A3V,147321,79601,229.36,
250.7750,77.5142,5.98,0.42,F4V,152303,81854,36.0,
256.5846,-37.2275,5.98,0.07,A2IV,154310,83693,129.37,
261.4767,16.9175,5.98,1.62,M4IIIab,157967,85302,200.0,
267.7017,22.3164,5.98,,A9V,162570,87341,97.56,
287.9417,31.2833,5.98,-0.07,B9pSi,179527,94311,300.3,
294.2188,11.2733,5.98,0.88,G0Ib,185018,96481,,
312.4075,12.5453,5.98,0.43,F5V,198390,102805,29.58,
319.3096,55.7981,5.98,1.45,K3III,202987,105080,,
336.9425,31.8403,5.98,1.45,K2,212988,110873,287.36,
340.6538,-47.2106,5.98,0.58,G0V,214953,112117,23.55,
351.9183,25.1672,5.98,-0.06,A0pHgMn,220933,115806,112.49,
354.8379,74.0028,5.98,0.89,G8III,222387,116728,128.53,
2.0725,-8.8239,5.99,1.04,gG8,360,671,102.15,
11.8483,6.7408,5.99,0.94,G8III,4526,3697,139.66,
16.0100,52.5022,5.99,1.47,K2,6211,4998,,
25.4133,30.0472,5.99,1.01,K0III,10348,7906,160.51,
52.4129,-6.8050,5.99,1.02,G5,21665,16266,114.68,
52.6542,-47.3753,5.99,0.11,A1V,21981,16339,113.51,
65.8850,20.9822,5.99,0.03,B8IV-V,27742,20493,147.71,
70.4596,38.2803,5.99,0.57,G0V,29645,21847,31.22,
73.7113,0.4675,5.99,-0.12,B5V,31331,22840,,
79.8487,-27.3689,5.99,-0.04,A0V,34868,24831,136.8,
89.1167,9.5097,5.99,-0.07,A0IV,39985,28110,,
93.8738,-4.9153,5.99,0.09,A5IV s,43319,29711,66.53,
93.8229,-18.4767,5.99,1.06,K0,43429,29692,63.86,
110.5146,0.1772,5.99,-0.07,B8III,57608,35712,,
117.9862,19.3253,5.99,1.13,gK1,63889,38394,127.39,
119.6313,16.5186,5.99,1.47,K0,65257,38975,,
120.3763,16.4553,5.99,-0.02,B9.5Vn,65873,39236,144.72,
119.7575,-45.2161,5.99,-0.14,B4V,65904,39014,330.03,
121.5767,22.6356,5.99,1.66,M3III,66875,39659,191.94,
127.4400,-46.3319,5.99,-0.15,B5III,72232,41674,193.05,
128.9625,6.6200,5.99,0.52,F8V,72945,42172,26.54,
133.0483,45.3125,5.99,1.26,K0III,75523,43553,165.02,
133.0417,42.0025,5.99,1.25,K0III,75556,43550,147.06,
141.0238,-61.6489,5.99,1.06,K0III,81613,46101,103.41,
163.4250,-70.7203,5.99,-0.02,B6V,94650,53272,238.1,
169.8187,-64.5825,5.99,0.46,F6IV,98560,55280,37.43,
195.1496,-3.3686,5.99,1.12,K2III,112992,63494,105.6,
196.8508,-59.8606,5.99,0.48,F8-G2+B9IV,113823,64033,,
196.5883,21.1533,5.99,0.39,F4V,113848,63948,49.93,
210.3350,8.8947,5.99,0.09,A2V,122365,68498,88.26,
228.5254,31.7881,5.99,1.52,K5,135438,74561,179.53,
250.9654,34.0389,5.99,0.29,F2-3III-IV,151087,81911,54.98,
257.0621,-17.6092,5.99,1.01,K0III,154779,83854,123.0,
258.8346,-14.5839,5.99,1.1,K1III,155970,84402,94.07,
265.3408,51.8181,5.99,1.05,gK0,161193,86561,101.73,
270.1517,33.2139,5.99,1.51,gK6,164614,88190,228.83,
274.5321,18.1314,5.99,0.03,B9V,168270,89684,228.83,
274.9671,29.6661,5.99,1.29,gK4,168694,89827,200.8,
281.0758,61.0481,5.99,0.96,G7IV,173949,91915,111.73,
282.4208,-5.9128,5.99,1.6,K2Ib,174208,92391,,
302.0075,-0.6783,5.99,1.02,K1IV,191067,99171,47.87,
310.3175,14.5831,5.99,1.24,gK4,197121,102080,149.7,
312.8571,-5.6264,5.99,0.46,F5V+F7V,198571,102945,58.93,
315.0163,7.5164,5.99,0.26,F1Vp,199942,103652,72.2,
320.7346,-9.3194,5.99,1.54,M0III,203525,105574,,
326.0042,-14.7494,5.99,0.21,F0V,206677,107302,52.41,
346.8696,21.1342,5.99,0.26,A5V,218396,114189,39.94,
16.2192,5.6564,6.00,1.51,gK5,6386,5074,221.24,
30.7196,64.9014,6.00,0.03,A1Vn,12279,9564,87.03,
37.6883,0.2553,6.00,0.17,A7III-IV s,15633,11687,84.25,
58.8179,-12.0992,6.00,0.32,A5pSrCrEu,24712,18339,49.0,
64.5662,-20.7156,6.00,1.67,G8III,27362,20075,,
82.7025,41.4619,6.00,1.11,K0IIIp,36040,25816,118.34,
84.8800,-3.5647,6.00,0.27,A8V s,37594,26624,41.39,
86.6896,15.8225,6.00,-0.06,B8IIIpHgMn:,38478,27265,,
88.6838,0.9683,6.00,1.34,K0III,39775,27939,,
94.1483,-39.2644,6.00,0.16,A2Vm:,43847,29808,119.76,
95.6521,12.5700,6.00,,F0III,44497,30318,63.01,
104.7617,38.0522,6.00,1.23,K2III,51440,33614,184.84,
114.9917,-37.5794,6.00,-0.04,B6IVe,61925,37345,,
127.2121,-9.7483,6.00,0.42,F2III,71766,41597,,
132.5875,-42.0900,6.00,-0.1,B1-2III,75759,43392,,
133.5746,-5.4344,6.00,0.67,G2V,76151,43726,17.09,
137.9208,-39.2589,6.00,-0.11,B6V,79241,45127,,
145.4492,-55.2142,6.00,-0.13,B4V,84228,47559,,
154.8617,48.3969,6.00,1.02,K0,89319,50546,43.33,
155.1300,54.2169,6.00,1.13,gK3,89414,50635,140.25,
154.8200,-12.5281,6.00,0.26,A9V,89455,50536,66.62,
158.1983,-58.6669,6.00,0.32,A2Iab,91533,51623,,
161.2667,67.4114,6.00,2.39,C5II,92839,52577,,
162.0225,-59.9192,6.00,0.27,A0Ia-Iab,93737,52827,,
164.8867,36.0931,6.00,1.59,M2III,95129,53726,,
166.1300,38.2414,6.00,0.16,A3III-IV,95934,54136,80.58,
182.7500,81.7100,6.00,1.62,gK5,105943,59384,337.84,
186.8525,-63.7892,6.00,0.07,B8IV,108355,60771,201.61,
189.6858,-18.2503,6.00,0.29,dA6,109931,61688,62.23,
190.7879,-56.1761,6.00,-0.08,B7-8V,110506,62058,126.9,
193.5779,-11.6486,6.00,0.08,A2V,112131,62983,66.76,
195.4450,63.6103,6.00,0.41,F6V,113337,63584,37.43,
204.9988,-49.9503,6.00,1.5,M5III,118767,66666,166.67,
205.7337,-56.7681,6.00,-0.08,B0.5III,119159,66925,,
209.1375,-54.7044,6.00,0.78,G6IV-V,121384,68101,38.11,
209.6662,14.6494,6.00,1.44,K5III,121980,68279,162.87,
212.3958,-51.5047,6.00,-0.06,B9IV,123515,69174,168.07,
215.9517,-53.1767,6.00,1.1,K1III,125869,70363,106.84,
234.8425,36.6367,6.00,,B9V,139891,76669,145.14,
237.0554,13.7886,6.00,1.25,gK2,141353,77412,134.95,
253.3233,47.4169,6.00,1.32,K2III,152812,82611,187.27,
255.1129,-48.6478,6.00,0.88,G8-K0III+G,153221,83216,119.19,
259.5208,17.3181,6.00,0.01,A1V,156653,84631,123.15,
261.9062,-29.7244,6.00,0.0,B9IV,157955,85442,183.82,
269.6762,36.2878,6.00,0.94,gG5,164280,88020,106.16,
271.2100,-35.9014,6.00,1.16,K2III,164870,88550,108.93,
274.2212,-3.0072,6.00,0.89,G3III,167768,89587,100.91,
279.9700,52.1961,6.00,-0.07,A0p:Hg:,172883,91525,172.71,
288.7608,20.2033,6.00,0.88,G8III,180242,94598,222.22,
289.2142,46.9992,6.00,0.44,F6IV:,181096,94755,42.43,
310.5121,-76.1806,6.00,0.44,F4III-IV,196051,102162,103.31,
320.0396,-45.0222,6.00,2.33,C5II,202874,105334,,
326.5679,-9.2758,6.00,1.66,M3III,207005,107487,,
330.0329,6.7175,6.00,-0.12,B3III,209008,108612,,
354.6004,-76.8700,6.00,0.9,K0-2III,222060,116653,191.57,
358.8904,57.4122,6.00,0.21,B0.5II+B0.5II,224151,117957,,
358.8900,47.3558,6.00,1.16,G8Ib,224165,117956,,
2.3342,79.7147,6.01,0.19,A7IV,431,760,116.82,
9.9667,-44.7967,6.01,1.14,K1IIICNII,3750,3137,93.02,
23.8133,-58.1394,6.01,0.38,F2V,9896,7387,40.45,
28.9742,1.8497,6.01,0.56,F7V+G0V,11803,8998,38.9,
32.8425,-10.0522,6.01,0.39,F5V,13456,10215,50.0,
40.5275,-38.3839,6.01,0.92,G8III,16975,12608,116.41,
54.6988,-27.9431,6.01,-0.02,A0V,22789,17007,128.04,
61.9250,15.1628,6.01,0.4,F3V,26015,19261,47.01,
65.3804,-25.7283,6.01,0.35,F0IV-V,27710,20347,54.35,
68.4504,9.4131,6.01,1.06,G8III,28930,21269,144.3,
71.5700,18.7350,6.01,1.21,K4III,30197,22176,92.51,
77.4379,28.0306,6.01,0.27,A5m,33204,24019,54.7,
103.2642,35.7886,6.01,1.45,K3III:,50056,33044,,
108.3496,-22.6733,6.01,1.48,K2III,55762,34914,239.23,
110.2292,-26.9636,6.01,-0.17,B2.5V,57593,35611,,
115.1479,-8.1858,6.01,0.15,A3IV,61749,37394,95.15,
120.4267,60.3244,6.01,0.14,A2pSrCrEu,65339,39261,98.43,
123.2492,16.5142,6.01,0.89,G8III,68461,40231,161.81,
126.1517,-4.7169,6.01,0.46,F2V,70937,41214,64.68,
126.3296,-21.0458,6.01,0.4,F3V,71196,41282,33.94,
137.5871,21.9964,6.01,0.9,G5III,78715,45033,128.87,
141.5929,-1.4639,6.01,1.32,K2IIIb,81567,46288,,
147.8083,-4.2433,6.01,0.17,A8III,85364,48341,61.31,
156.8554,-65.7047,6.01,0.09,A2V,90874,51194,70.32,
182.6921,27.2814,6.01,0.11,A4Vn,105805,59364,94.34,
194.6971,75.4725,6.01,0.99,K0III,113049,63340,146.41,
203.0117,-18.7289,6.01,0.18,F0IV-V,117661,66015,71.74,
204.7046,-57.6231,6.01,1.14,G5Ib,118520,66575,,
207.6029,5.4972,6.01,0.9,K0,120602,67545,123.61,
218.0842,26.6772,6.01,0.22,A7Vn,127726,71094,71.28,
223.3487,19.1528,6.01,0.83,K2V,131511,72848,11.54,
228.1408,-72.7703,6.01,0.0,B8-9III,133981,74421,260.42,
231.0213,45.2711,6.01,1.2,K2III,137390,75369,147.93,
235.2467,16.0247,6.01,0.9,G8III,140027,76810,138.12,
236.8708,-37.9164,6.01,0.72,G6V,140901,77358,15.24,
237.8812,-47.0606,6.01,1.16,K2III,141544,77678,134.59,
240.8929,-32.0006,6.01,0.47,F4IV,143790,78665,54.7,
256.3204,0.7025,6.01,0.58,F8.5IV-V,154417,83601,20.38,
258.2446,-32.4386,6.01,0.07,B1II,155450,84226,,
266.2325,-57.5453,6.01,0.9,G8III,160720,86871,124.53,
269.6629,-28.7592,6.01,-0.08,B3IV,163685,88012,,
274.0233,2.3778,6.01,1.59,M4IIIab,167654,89527,216.45,
280.9004,36.5567,6.01,1.04,G8,173416,91852,134.95,
285.0146,-66.6533,6.01,0.97,K0III,175401,93287,134.59,
285.2300,33.8022,6.01,0.97,gK0,176896,93354,121.36,
295.2729,13.8156,6.01,-0.08,B5V,185936,96840,,
300.3496,-22.7372,6.01,0.97,G7V,189561,98575,95.97,
303.1325,51.4636,6.01,1.14,K2.5III,192439,99579,126.42,
310.0746,60.5053,6.01,0.46,F6IV,197373,102011,33.2,
314.6746,-14.4828,6.01,0.23,F0IV,199603,103545,84.53,
326.3700,-71.0089,6.01,-0.1,B8IV,206399,107423,227.27,
330.1004,-55.8828,6.01,-0.1,B9IV-V,208796,108626,192.31,
332.6408,-4.2672,6.01,0.98,K0III-IV,210434,109466,86.43,
343.2658,60.1011,6.01,1.75,sgK2,216595,112998,,
1.1529,42.0922,6.01,,B9III,225218,365,,
10.9592,-12.0117,6.02,1.1,K2III-IV,4145,3436,53.3,
19.0783,33.1147,6.02,1.15,K1III,7578,5936,96.53,
22.4704,18.3556,6.02,0.14,A4IV,9100,6981,116.14,
29.6388,61.6981,6.02,-0.04,B5III,11857,9220,221.24,
32.8000,25.9369,6.02,1.36,gK4,13363,10203,,
44.1392,47.1639,6.02,1.34,gK3,18155,13713,,
47.6125,26.8964,6.02,1.28,K3III,19637,14748,124.53,
57.2842,43.9631,6.02,0.29,A9IV,23728,17846,69.3,
67.9658,15.8517,6.02,0.34,F4V,28677,21137,44.94,
69.1217,23.3408,6.02,0.38,F5IV,29169,21459,44.25,
77.5788,37.3019,6.02,0.72,K3:+B2II:,33203,24072,,
85.7242,-6.7961,6.02,0.4,F3V,38089,26926,50.15,
89.2338,24.2497,6.02,0.39,A0Ia,39970,28154,,
106.3267,22.6372,6.02,-0.03,B8Vn,53257,34182,146.63,
105.2712,-58.9400,6.02,0.3,A8III,53349,33800,53.62,
108.0083,-63.1900,6.02,-0.02,A0IV-V,56239,34780,183.49,
110.8675,22.9453,6.02,-0.01,A1V,57744,35842,95.6,
115.0292,5.2308,6.02,-0.04,A0III,61563,,,
115.6812,34.0003,6.02,,F7V,61859,37580,54.61,
117.7737,54.1292,6.02,0.46,F6V,63332,38325,30.01,
118.9437,-43.8450,6.02,-0.11,B6V,65211,38732,,
119.8963,13.2422,6.02,1.32,K2,65522,39067,92.34,
120.0621,-48.9814,6.02,0.04,A2V,66210,39122,115.61,
123.0529,17.6478,6.02,0.54,F9V,68256,,,
126.1783,42.0050,6.02,1.59,K5III,70647,41224,,
138.8229,-58.3886,6.02,-0.1,B7IV,80094,45418,160.26,
146.8896,11.4289,6.02,1.3,M8IIIe,84748,48036,,
148.0508,2.4542,6.02,-0.04,A0V s,85504,48414,,
153.6238,21.1678,6.02,0.56,F9V,88737,50174,51.89,
156.8667,41.6008,6.02,0.17,A2V,90470,51200,66.27,
160.5471,31.6969,6.02,1.62,M4III,92620,52366,227.79,
165.0858,42.9114,6.02,0.57,F9V,95241,53791,45.5,
166.6221,-58.6753,6.02,1.24,K2II-III,96544,54294,,
170.7138,64.3306,6.02,0.09,A1Vnp,98772,55564,86.36,
176.0550,25.2183,6.02,1.53,K5III,101980,57240,,
187.4912,-41.7361,6.02,1.52,M2II-III,108759,60979,,
192.9037,3.0567,6.02,1.29,gK4,111765,62757,178.57,
195.1358,-33.5053,6.02,0.38,F0V,112935,63490,40.03,
197.4112,37.4231,6.02,1.15,K3III,114357,64212,91.83,
199.7675,35.1281,6.02,0.24,F0IV,115810,64979,65.19,
200.2013,-55.8006,6.02,0.29,B0.5Ia,115842,65129,,
205.9779,52.0644,6.02,0.0,A1V,119765,67005,105.71,
212.1129,-74.8503,6.02,0.58,G2-3IV,122862,69090,28.68,
215.8346,-50.7722,6.02,1.36,K2III,125810,70325,,
217.6892,4.7722,6.02,1.42,gK4,127337,70949,,
219.5817,-38.7942,6.02,1.43,K3III,128488,71581,192.31,
226.8350,18.4417,6.02,0.06,A3V,134064,74000,74.91,
231.9121,25.1017,6.02,1.62,gM1,137853,75674,240.96,
251.2508,-28.5097,6.02,0.09,A3IV,150894,81992,231.48,
253.8529,-63.2697,6.02,0.05,A0III,152082,82806,137.55,
259.9721,-17.7564,6.02,0.04,A2Vnn,156717,84792,114.42,
262.2337,-36.7783,6.02,1.11,K0III,158105,85543,195.31,
264.1529,30.7853,6.02,0.16,A5V,160054,86178,66.36,
269.2017,45.3508,6.02,1.64,M5IIbS,163990,87850,306.75,
281.0846,39.6711,6.02,,F1V,173583,,,
283.7188,33.9686,6.02,0.91,G8III+A2,175635,92833,,
289.9708,11.5350,6.02,0.08,A2V,181383,95002,85.4,
299.1842,36.2508,6.02,-0.15,B5IV,189066,98143,341.3,
322.5850,52.9581,6.02,0.08,A2Vp,204965,106171,147.06,
346.8654,32.8258,6.02,0.12,A4Vn,218395,114187,150.6,
349.5975,41.7736,6.02,,A7/8Vm,219815,115065,144.93,
352.8625,-44.8436,6.02,1.02,K1III,221323,116097,113.77,
18.6767,6.9953,6.03,1.08,gG6,7446,5824,141.44,
41.3371,4.7117,6.03,0.31,gF0,17163,12862,51.28,
43.0800,-62.9097,6.03,1.25,K1III,18185,13387,169.78,
52.1108,22.8042,6.03,0.95,K0IV,21467,16181,69.25,
63.4371,72.1264,6.03,1.01,K1III,26076,19730,112.11,
72.1858,3.5883,6.03,1.19,K1III,30545,22354,216.92,
75.3996,61.0781,6.03,0.41,F4V,31662,23380,36.9,
75.3937,-39.7181,6.03,0.88,G5III,32453,23377,112.36,
81.7500,-68.6228,6.03,0.34,F0IV-V,36584,25482,75.99,
86.8612,-10.5331,6.03,0.16,A4V,38735,27341,,
98.0971,11.6736,6.03,1.07,K0III,46178,31168,,
99.8879,28.2631,6.03,-0.08,B7III,47395,31852,,
99.6475,-16.8736,6.03,0.03,A1V s,47561,31758,141.24,
107.3883,-16.2347,6.03,0.06,B1II,54764,34561,,
108.6175,-10.3167,6.03,-0.18,B0III,55879,34999,,
116.3254,-43.7522,6.03,-0.07,B6IV,63118,37823,271.74,
117.7596,33.2336,6.03,0.15,A2Vm,63589,38319,63.73,
123.1287,-46.2642,6.03,-0.11,B5V,68895,40183,216.45,
128.5554,8.4519,6.03,0.33,F3IV,72617,42049,58.07,
133.2658,-56.6494,6.03,-0.02,A0V,76346,43620,90.83,
159.0696,-16.3444,6.03,1.65,M1III,91880,51905,,
164.0604,42.0083,6.03,1.13,K2III,94669,53465,95.6,
186.3129,23.9261,6.03,1.1,K0III,108123,60599,152.44,
190.4550,-19.7586,6.03,0.39,F3-5III,110385,61951,66.31,
195.7717,-71.4761,6.03,0.05,B1.5IIIne,113120,63688,,
218.6604,36.6258,6.03,1.38,gK5,128198,71277,174.22,
239.0271,-39.8642,6.03,0.15,B6V,142448,78046,193.8,
240.6642,-29.1358,6.03,1.31,K3III,143619,78575,138.31,
250.8421,-67.4325,6.03,0.02,A0Vn,150026,81873,93.46,
251.3738,1.0203,6.03,-0.02,B9.5III,151133,82037,146.2,
252.1125,-14.9094,6.03,0.2,A0Vn,151527,82259,,
254.8396,56.6886,6.03,1.16,gK1,153956,83138,90.99,
262.9546,-46.0364,6.03,0.83,F8-G0Ib,158476,85788,,
264.9896,31.2025,6.03,1.58,M2IIIab,160677,86462,163.4,
268.2413,-35.6242,6.03,0.34,F2III-IV,162517,87532,64.23,
286.7179,-16.2289,6.03,-0.04,B8IV,177817,93855,,
316.7304,38.7433,6.03,1.37,K7V,201092,104217,3.5,
321.6875,52.8986,6.03,-0.12,B6V,204428,105891,135.5,
333.1075,-14.1939,6.03,0.38,F2V,210705,109624,43.48,
339.8929,37.5928,6.03,0.86,G3Ib-IICN-1CH2Fe-1,214714,111869,277.01,
358.6608,-40.3000,6.03,0.57,F8IV,224022,117880,27.89,
7.0838,10.1897,6.04,0.43,F6Va vw,2454,2235,36.35,
10.4000,24.6292,6.04,0.26,A7m,3883,3269,141.64,
15.0150,44.7133,6.04,-0.01,B9.5Vn,5789,,,
15.9542,1.3667,6.04,0.27,F1V,6288,4979,56.63,
30.7383,77.9164,6.04,1.14,K0,12005,9568,330.03,
38.2254,15.0347,6.04,0.54,F8V,15814,11843,28.7,
43.1337,-12.7694,6.04,0.87,K2V,17925,13402,10.38,
44.5096,38.6150,6.04,1.41,gK3,18339,13832,,
51.0421,12.6294,6.04,1.23,K0III-IV,21051,15850,141.64,
76.6238,61.1700,6.04,1.37,K5II,32356,23766,172.71,
85.1496,31.3581,6.04,0.04,B9.5III-IVp:,37519,26712,154.08,
93.4387,51.1725,6.04,1.06,K1III,42466,29569,123.76,
92.8662,13.6386,6.04,0.0,A0Vnn,42477,29371,131.93,
99.7721,22.0308,6.04,1.03,G9III,47358,31813,128.53,
99.2579,-38.1467,6.04,1.03,K0III,47463,31617,132.98,
103.3912,-28.5397,6.04,0.71,G5IV,50806,33094,25.79,
103.7450,-2.8036,6.04,1.1,gG6,50890,33243,,
117.2583,13.3708,6.04,1.38,K0,63352,38147,202.43,
117.9179,-42.8883,6.04,-0.18,B2IV,64365,38370,,
139.0175,-44.8986,6.04,0.28,A1Ib,80057,45481,,
149.5317,8.3142,6.04,1.36,gK3,86369,48876,165.29,
153.4575,27.1358,6.04,0.85,G3IIIFe-1,88639,50109,119.19,
156.9125,9.7625,6.04,-0.06,A0pSiCr:,90569,51213,118.06,
159.7100,-12.4436,6.04,0.0,A0Vn,92245,52113,110.01,
162.4737,27.9739,6.04,0.37,F3V,93765,52959,78.06,
177.3121,16.2428,6.04,0.27,A3m,102660,57646,62.66,
187.0788,-64.3414,6.04,0.02,A0Vn,108501,60851,97.28,
199.8288,-72.0356,6.04,1.35,K3III,115439,64994,136.43,
208.0767,12.1653,6.04,0.04,A1V,120934,67714,99.7,
208.5692,-28.5697,6.04,1.13,K2III,121156,67890,63.29,
219.4429,-67.9322,6.04,0.5,F7V,128020,71530,28.17,
222.1587,-36.6347,6.04,1.54,M3III,130328,72432,137.74,
229.0437,-43.4847,6.04,-0.14,B3IV,135348,74716,,
234.6762,-39.1281,6.04,0.21,A3-5mA3-F2,139271,76608,191.94,
235.6550,-49.4894,6.04,1.31,K2III,139871,76935,158.48,
255.2437,-86.3644,6.04,0.05,A2V,148542,83255,183.49,
255.9729,34.7903,6.04,0.22,A5V,154431,83494,54.05,
257.9175,49.7467,6.04,,A5III,155860,84108,96.81,
268.0196,39.9822,6.04,1.33,gK4,162989,87445,214.13,
270.0142,80.0008,6.04,0.51,F7,166865,88127,50.92,
273.2700,38.7736,6.04,-0.08,B9IIIn,167370,89279,197.63,
277.7625,-41.9136,6.04,0.14,A3V,170384,90759,78.37,
279.5271,39.6681,6.04,1.65,M4.5-M5+II,172380,91373,,
281.2979,-61.0950,6.04,1.46,K3III,172630,92008,,
286.8788,-28.6369,6.04,1.61,K3III,177846,93925,,
291.1254,-27.8656,6.04,-0.13,B2Vn,182180,95408,,
297.2592,-10.8708,6.04,1.24,K5III,187195,97499,87.57,
312.9950,-33.1772,6.04,0.03,A2Vn,198529,102989,202.84,
318.7775,-17.3450,6.04,0.96,G5,202261,104914,112.99,
320.3417,32.6128,6.04,0.03,A1V,203439,105432,185.53,
336.4625,-75.0156,6.04,0.64,G3V,212168,110712,23.05,
335.9150,20.8483,6.04,,F7V,212395,110548,33.9,
335.7508,62.4200,6.04,0.05,A1V,212495,110498,218.34,
343.4079,-48.5981,6.04,0.62,G0V,216435,113044,33.29,
4.5717,11.2058,6.05,1.03,K0III,1419,1465,137.36,
11.5454,44.8614,6.05,-0.07,B9.5IIIpHgMnCr,4335,3604,138.7,
32.3554,81.2958,6.05,0.11,A1V,12467,10054,68.45,
40.4513,-3.2133,6.05,1.17,gG9,16824,12584,,
46.3367,40.5825,6.05,1.01,K0III,19066,14365,125.16,
46.1588,1.8636,6.05,1.04,K0III,19121,14315,103.63,
47.8283,-3.8117,6.05,1.66,M1III,19836,14819,240.38,
49.4958,-66.9269,6.05,0.13,A3V,20888,15353,58.0,
59.6788,-57.1025,6.05,0.44,F2IV,25346,18592,61.73,
71.4808,-39.3567,6.05,1.07,K1III,30432,22144,96.53,
69.5904,-77.6561,6.05,1.1,K2III,30479,21611,200.8,
76.2271,-3.0397,6.05,-0.11,B5IV,32686,23643,,
76.6529,-13.1219,6.05,-0.06,A0V,32996,23777,111.36,
78.4721,-52.0311,6.05,1.39,K3III,34347,24384,215.05,
84.3642,-5.9383,6.05,-0.22,B1V,37303,26427,,
85.7567,56.5817,6.05,0.95,K0III,37601,26942,61.5,
83.9012,-78.8208,6.05,-0.02,B8III,38602,26264,243.9,
90.2517,27.5722,6.05,0.25,B9Iab,40589,28500,,
90.7029,49.9056,6.05,-0.06,B9.5IV,40626,28637,125.79,
90.3046,-25.4178,6.05,0.02,A1V,40972,28520,111.23,
99.9013,-23.6956,6.05,-0.03,A0,47827,31859,188.32,
101.3471,-23.4619,6.05,1.2,K0,49001,32368,150.83,
104.3050,57.5633,6.05,1.49,K3III,50551,33444,205.34,
110.0892,-52.3117,6.05,0.42,F0-2IV-V,57852,35564,34.78,
111.3329,-21.9828,6.05,0.23,A8I-II:,58585,36017,,
112.3413,-14.9992,6.05,0.47,F7V,59438,36395,34.12,
119.3162,8.6414,6.05,1.0,K0III,65066,38868,90.25,
124.9579,3.9478,6.05,0.97,G8III,70013,40818,177.62,
126.6050,-52.8075,6.05,0.06,A0V,71722,41373,71.07,
131.1250,-65.8256,6.05,0.2,A4V,75171,42895,60.64,
130.8017,-79.0697,6.05,0.23,A5V+A7V,75747,42794,97.75,
140.1233,-37.5814,6.05,1.39,K3/4III,80774,45814,157.48,
141.6842,-64.9297,6.05,0.15,A3Vn,82068,46328,68.26,
149.4271,-48.4144,6.05,-0.14,B3V,86523,48835,,
157.1833,-3.7425,6.05,0.05,A1pSr:,90763,51302,74.74,
157.9525,-28.2375,6.05,0.51,F7V,91280,51551,42.39,
170.8250,0.1317,6.05,1.46,K3,98960,55595,207.04,
173.3108,-16.2806,6.05,0.6,F9III,100418,56364,122.85,
179.7954,-51.6967,6.05,1.28,K1-2III,104081,58453,260.42,
180.5838,-85.6317,6.05,1.29,K3III,104555,58697,102.67,
184.2638,-16.6936,6.05,0.1,A2IV,106819,59895,165.56,
187.8392,7.6042,6.05,1.52,K5,108985,61103,243.9,
200.7192,-72.1467,6.05,0.09,B6V,115967,65289,228.83,
205.4404,-33.5969,6.05,1.44,K0e-M4IIe,119090,66825,,
206.8063,-9.7092,6.05,1.42,K5III,120033,67271,156.99,
212.6287,-70.3056,6.05,1.74,K4II,123377,69241,,
239.7683,49.8811,6.05,0.29,F0IV,143584,78286,49.02,
243.7233,-25.4769,6.05,0.04,B7IV,146001,79622,141.64,
245.0179,21.1325,6.05,0.94,G8IIIb,147266,80021,105.71,
250.9483,-38.1567,6.05,-0.06,B9II-III,150608,81904,,
251.2988,43.2172,6.05,1.4,K4III,151388,82012,195.69,
262.9350,-26.2697,6.05,-0.06,B9p,158704,85783,133.87,
285.7658,-19.2453,6.05,1.29,G6III,176884,93537,,
292.6379,3.4444,6.05,0.01,A0eShell,183656,95929,,
290.4175,79.6028,6.05,0.07,A3V,184102,95167,94.7,
293.9513,36.9444,6.05,-0.11,B8Vne,185037,96387,226.24,
295.7896,30.6786,6.05,0.0,A1V,186440,97028,103.31,
295.9642,34.1625,6.05,-0.06,B8III,186568,97087,276.24,
297.7554,-65.6050,6.05,0.3,F2III-IV,186786,97674,59.99,
297.2983,-28.7889,6.05,0.4,F2V,187098,97515,45.56,
313.9196,4.5328,6.05,0.82,G6III-IV,199223,103301,110.86,
314.2942,0.4636,6.05,1.22,K2III,199442,103414,97.66,
313.6846,75.9256,6.05,0.93,G5III,200039,103219,133.16,
315.4387,-26.8811,6.05,0.06,A7V:m:,200052,103777,91.41,
318.3596,36.6336,6.05,0.21,F0III,202240,104765,,
320.6746,30.3097,6.05,1.08,K1III,203630,105558,114.81,
343.6642,-70.0736,6.05,0.66,G2-3IV,216437,113137,26.52,
350.2083,-50.3067,6.05,0.42,F5mDel Del,220003,115272,90.17,
352.6654,38.6619,6.05,0.99,G9III,221293,116030,190.48,
2.1392,-17.5775,6.06,1.67,M0III,402,696,,
7.0529,16.4450,6.06,1.58,K5III,2436,2224,,
8.8892,-54.8219,6.06,1.01,K0IV,3303,2789,77.64,
9.0288,-22.8425,6.06,0.29,A6pSr,3326,2852,49.7,
10.6787,-38.4633,6.06,-0.03,A0V,4065,3356,132.45,
13.3675,37.4181,6.06,1.14,gK3,5118,4185,114.68,
17.5479,15.6742,6.06,1.49,M0III,6966,5483,170.94,
26.9437,-80.1767,6.06,0.34,F0IV,11604,8366,62.0,
28.9433,-60.8614,6.06,0.37,F0IV-V,11995,8983,46.51,
33.5108,47.4842,6.06,0.4,F4V,13594,10403,41.55,
49.1462,32.1836,6.06,0.99,G8IV,20277,15241,168.92,
56.0267,48.5236,6.06,1.55,K4III,23049,17437,253.81,
59.2658,23.1756,6.06,0.02,B9.5IV,24769,18485,162.87,
66.5879,8.5903,6.06,0.02,B6IV,28114,20715,183.15,
68.3417,-10.7858,6.06,1.38,K0,28970,21239,,
72.2096,75.9411,6.06,0.28,A9IV,29678,22361,45.62,
75.5837,74.2692,6.06,1.57,K5III,31312,23442,192.68,
88.0975,19.8681,6.06,0.54,G2IIIe+B8III,39286,27747,,
94.7033,-15.0247,6.06,1.66,M0III,44021,29993,226.24,
96.3871,23.3269,6.06,-0.03,A2Vn,44927,30570,,
99.3504,6.1353,6.06,0.05,O8p,47129,31646,,
115.2062,57.0828,6.06,1.46,K5III,61106,37406,214.13,
114.7517,-53.2733,6.06,-0.11,B9IV-Vp:Si:,61966,37248,166.94,
123.5458,-32.1408,6.06,-0.16,B1.5V,69080,40341,,
126.2704,35.0114,6.06,1.27,K0,70771,41262,218.82,
141.0679,-39.4258,6.06,0.2,A7V:,81411,46114,158.98,
147.1667,-56.4119,6.06,0.94,K0III,85250,48119,101.83,
167.4163,67.2103,6.06,0.22,F0pSr,96707,54540,108.93,
169.3292,-67.8236,6.06,1.76,M2III,98292,55140,,
178.5479,-57.4100,6.06,0.05,A0-1:III,103400,58041,,
181.5962,-65.7092,6.06,0.65,G8-K0III+A3-5V,105151,59050,173.61,
182.6408,-37.8703,6.06,0.2,A5V,105776,59353,71.63,
184.2750,-65.6928,6.06,0.03,A0V,106797,59898,102.88,
185.9458,42.5428,6.06,0.33,F3III-IV,107904,60467,102.56,
197.7433,-52.5669,6.06,-0.09,ApSi,114365,64320,105.26,
207.9588,-32.9947,6.06,-0.04,B8V,120710,,,
212.7579,-69.7197,6.06,0.18,A6IV,123492,69298,73.53,
217.4571,31.7911,6.06,-0.03,A0V s,127304,70892,106.95,
221.8071,-21.3247,6.06,1.65,K5III,130157,72310,,
224.1288,-32.6367,6.06,1.41,K3III,131774,73107,168.92,
247.4375,-57.7558,6.06,1.48,G8Ib,148218,80788,,
250.2525,24.8586,6.06,1.31,K2,150580,81670,137.74,
255.9238,-47.1600,6.06,,A2-3V,153791,83481,190.11,
257.0567,-1.0794,6.06,0.08,A1V+F3V,154895,83853,83.33,
261.5792,7.5956,6.06,0.58,B9.5V+G0V,157978,85333,253.16,
268.2050,-34.1142,6.06,1.23,K1III,162496,87516,213.68,
268.7829,-36.4758,6.06,0.08,B9.5III,162926,87722,229.36,
274.2538,-51.0683,6.06,-0.06,B9V,167257,89597,110.25,
279.0554,65.4886,6.06,0.28,F0V,172569,91196,71.74,
282.4312,-72.9947,6.06,0.0,B9.5IV-V,172881,92394,225.73,
281.9896,31.7569,6.06,-0.13,B3IVp,174179,92243,325.73,
286.2429,30.7333,6.06,1.55,M2.5IIIab,177809,93720,227.79,
289.7504,-15.5364,6.06,1.43,K3III,180928,94929,158.48,
290.6392,33.5181,6.06,1.03,K0III,182272,95235,103.84,
297.6958,37.8264,6.06,1.7,M4IIb,187880,97651,,
298.3975,59.7089,6.06,0.02,A3V,188793,97892,104.06,
304.9304,-1.0786,6.06,1.09,K0,193329,100232,124.38,
309.8888,40.5794,6.06,-0.16,B6IIIpMn,197018,101949,,
342.1842,62.9383,6.06,1.2,K0,216102,112635,196.08,
353.4812,20.8408,6.06,1.73,M3III,221662,116307,,
2.0504,-2.4478,6.07,1.38,K2III+F,352,664,,
6.1238,-2.2192,6.07,1.22,K1III,2023,1939,165.84,
11.1346,-62.4978,6.07,0.44,F5III-IV,4294,3489,84.1,
12.8183,61.8058,6.07,1.88,K2Ib-IICN-2,4817,3988,,
20.9450,78.7258,6.07,0.39,A0Iab,8065,6522,,
33.6213,66.5244,6.07,0.63,G0II-III+B9V,13474,10438,226.24,
37.3971,9.5658,6.07,1.02,K2III,15453,11603,87.72,
48.7363,42.5039,6.07,1.07,K2III,20063,15118,69.01,
57.4792,22.2444,6.07,-0.01,B8III,23950,17921,98.62,
64.6558,-22.9703,6.07,0.3,Am,27411,20106,92.08,
72.5675,-41.3208,6.07,0.37,F2-3V,30985,22488,52.33,
74.0829,36.1689,6.07,0.41,B2Ib,31327,22955,,
81.9021,-21.3756,6.07,1.04,gG7,35991,25532,116.41,
87.0933,20.8694,6.07,-0.08,B9Vn,38670,27421,182.48,
93.9171,6.0661,6.07,-0.13,B6Ve,43285,29728,227.79,
94.2646,-22.7150,6.07,0.56,G0V,43745,29843,39.9,
96.7967,-25.8567,6.07,0.53,F9V,45588,30711,29.87,
116.3713,-14.6908,6.07,0.11,A2V,62864,37843,,
122.8192,9.8211,6.07,-0.1,B6III,68099,40085,,
135.4538,27.9028,6.07,,A8Vn,77190,44342,58.72,
135.3808,5.6408,6.07,1.11,K1II-III+F3IV,77250,44315,,
135.0925,-43.1733,6.07,-0.16,B2.5Vn,77320,44213,306.75,
155.7517,6.5425,6.07,1.12,K3III,89962,50851,70.32,
159.8192,-74.4936,6.07,1.71,K3II,92682,52150,338.98,
165.1700,-31.8394,6.07,0.52,F8V,95456,53818,31.21,
175.9796,-6.6772,6.07,0.96,gG8,101933,57214,118.06,
190.3913,62.7131,6.07,0.01,A2III,110462,61936,178.25,
191.8067,11.9581,6.07,0.12,A3V,111164,62394,74.57,
199.1867,-65.1383,6.07,0.44,F5V,115149,64790,38.85,
200.9750,37.0339,6.07,1.68,M3III,116581,65376,,
217.4033,-76.7292,6.07,1.18,K0-1III,126209,70874,160.0,
219.7958,-46.5842,6.07,0.51,F7V,128582,71639,36.02,
221.2987,-1.4178,6.07,1.61,M1III,129902,72122,156.74,
221.8012,-52.2056,6.07,0.09,A1III-IV,129932,72308,,
233.9725,11.2656,6.07,1.09,gK0,139087,76372,216.45,
237.2096,-52.4381,6.07,1.38,K2-3III,140979,77454,,
246.7088,2.3475,6.07,0.92,G8III,148287,80558,143.06,
269.4242,-76.1775,6.07,1.2,K2III,161988,87926,182.48,
272.7688,-47.5131,6.07,1.2,K1IIICNII,166006,89096,150.38,
273.8783,-18.6614,6.07,0.2,A0Ia,167356,89470,,
276.9596,3.7486,6.07,1.62,K3III,170137,90487,,
281.5542,41.4417,6.07,-0.13,B6V,173936,92098,374.53,
286.9887,16.8533,6.07,0.7,G5V,178428,93966,20.96,
292.7508,70.9894,6.07,1.41,K2,184958,95978,191.2,
301.3867,-67.3208,6.07,0.64,G3V,189567,98959,17.71,
315.7700,38.6575,6.07,1.01,G8III,200577,103894,200.8,
317.6300,10.0489,6.07,0.02,A2V s,201616,104538,146.84,
321.6113,19.3756,6.07,0.22,A8m,204188,105860,46.04,
325.5046,35.5103,6.07,2.52,C6.3,206570,107129,,
340.6796,-44.2478,6.07,0.98,K0III,214987,112127,98.14,
344.8988,-13.0708,6.07,1.45,K5III,217251,113531,201.21,
356.1058,-70.4903,6.07,0.91,G8-K0IV,222805,117105,45.93,
356.8883,46.8325,6.07,-0.14,B3IV,223229,117340,,
357.1354,-6.3806,6.07,1.45,K4III,223311,117420,221.73,
51.1088,20.8036,6.08,-0.04,A1V,21050,15870,92.94,
63.7575,57.4603,6.08,0.61,A4III,26553,19823,,
71.0537,40.7869,6.08,0.06,B8IVne,29866,22034,166.11,
72.4337,15.9042,6.08,1.6,gK3,30605,22441,,
73.7138,44.0608,6.08,-0.02,A0V,31069,22842,104.28,
74.9429,53.1556,6.08,1.46,K4III,31579,23216,235.29,
76.5508,59.0211,6.08,1.12,K0III,32357,23743,191.57,
79.8112,20.1347,6.08,1.01,G8II-III+G1IV-V,34579,24820,132.28,
80.9071,16.6994,6.08,0.14,A2IV,35189,25216,136.61,
81.2317,-44.2258,6.08,1.2,K1III,35765,25317,163.13,
90.8529,11.6808,6.08,-0.04,A0V s,41076,28686,147.28,
91.5937,29.5125,6.08,1.73,M3II+F7V,41429,28930,,
94.0792,23.9700,6.08,0.9,G8III,43261,29789,133.69,
101.7562,-21.0156,6.08,-0.19,B7IIIn,49333,32504,204.92,
106.7179,-24.9606,6.08,1.34,K2,54173,34318,297.62,
125.9800,10.6319,6.08,1.49,M2III,70734,41163,,
140.9979,-51.7372,6.08,0.57,A7Iab,81471,46093,,
147.9983,-16.5347,6.08,1.04,K0,85519,48396,121.07,
154.0379,-11.2033,6.08,1.1,K0,89033,50292,196.85,
158.7937,-43.6647,6.08,0.94,G8II-IIICNVp,91805,51816,276.24,
182.7704,-61.2775,6.08,0.39,F2-3IV,105841,59396,88.81,
187.5179,58.7675,6.08,0.98,G8III-IV,108861,60992,131.23,
190.3167,-13.0136,6.08,,F3Vn,110317,61910,85.32,
190.7067,-55.9472,6.08,-0.03,B9V,110461,62026,114.03,
202.8158,42.1061,6.08,1.05,K2III,117710,65951,80.78,
213.7554,-29.2819,6.08,,A1V,124576,69623,,
228.3300,-19.6475,6.08,0.12,A3Vn,134967,74493,67.16,
230.8012,30.2878,6.08,,G3V,137108,,,
240.9404,4.9867,6.08,0.96,G9III,144046,78685,119.47,
242.8696,16.6656,6.08,0.02,A0V,145647,79332,134.95,
250.2142,12.3950,6.08,0.05,A3Vn,150483,81659,106.61,
253.7588,25.7306,6.08,0.92,G5III,152863,82780,140.06,
255.9917,13.5675,6.08,1.03,K1III,154278,83504,103.52,
307.5750,10.8958,6.08,-0.03,A1eShell,195325,101160,173.61,
309.7942,21.8172,6.08,-0.06,A0III,196821,101919,284.09,
310.1508,29.8053,6.08,0.14,A2V,197120,102033,81.97,
322.7900,12.1375,6.08,-0.05,B9.5V,204862,106243,127.88,
324.8671,-10.5769,6.08,1.03,K0,206005,106938,97.85,
326.0346,28.7431,6.08,0.36,G2V,206827,,,
325.6892,59.2711,6.08,1.34,K1III,206842,107197,,
333.2204,73.3072,6.08,1.01,K0II-III+A3V,211300,109659,,
13.9937,27.2094,6.09,0.14,A5IV,5382,4366,83.75,
29.8579,12.2947,6.09,0.19,A6V,12140,9295,82.51,
51.4892,49.1208,6.09,-0.07,B7V,21071,15988,184.84,
59.2571,6.0400,6.09,0.06,A2Vn,24817,18481,75.41,
62.0638,37.7278,6.09,0.95,K1III,25975,19302,44.13,
63.1308,17.2775,6.09,1.08,K0III,26546,19641,87.57,
64.6667,-52.8600,6.09,0.49,F7IV-V,27604,20109,74.13,
68.3537,43.0639,6.09,0.38,F0V,28704,21242,64.6,
68.5592,-6.8378,6.09,1.38,K2III,29063,21298,157.23,
74.7475,14.5428,6.09,0.04,B7V,31764,23161,,
78.3817,1.9681,6.09,0.42,A5V,33883,24349,,
80.3204,-34.3453,6.09,-0.19,B5IVnpe,35165,25007,,
84.2183,40.1822,6.09,1.03,G3Ib+F,36891,26363,,
86.2579,4.0081,6.09,0.31,gF0n,38309,27118,50.53,
92.9025,48.7111,6.09,0.1,A3V,42127,,,
92.8063,-26.4822,6.09,-0.04,A0V,42729,29347,207.04,
106.1962,-22.0322,6.09,1.22,K0,53629,34142,101.11,
107.9638,5.6547,6.09,-0.02,A1V,55111,34768,,
109.7583,-19.2803,6.09,0.62,F0Iab-Ib,57118,35442,,
119.2413,-42.4061,6.09,1.36,K3III,65442,38845,215.52,
132.0204,-6.5586,6.09,1.28,K0,75140,43204,,
147.4588,21.1794,6.09,0.25,A7IVn,85040,48218,157.73,
157.9858,-45.0694,6.09,-0.11,B8II,91356,51560,,
166.3917,-11.0889,6.09,0.3,F0Vn,96220,54214,64.23,
172.0758,-72.4744,6.09,0.16,B3V,99872,55979,232.56,
186.3267,-27.7492,6.09,1.27,K1III,108110,60603,197.24,
202.6071,-6.4703,6.09,0.33,F2V,117436,65892,54.14,
210.1367,-78.5900,6.09,0.03,B9III,121439,68431,223.21,
215.6612,-48.3203,6.09,-0.13,B1III,125721,70270,,
218.2900,-30.7142,6.09,1.03,K0III,127624,71154,126.26,
217.6921,63.1856,6.09,0.41,F4IV,127821,70952,31.74,
223.6767,-65.9914,6.09,-0.06,B3Vn,131058,72965,,
224.7200,-4.9892,6.09,0.5,F8V,132375,73309,34.88,
238.3954,16.0750,6.09,,F5II-III,142357,77835,88.34,
243.9646,-14.8492,6.09,0.06,A0V,146254,79692,188.32,
249.5067,-6.5381,6.09,0.16,A0pCrEu,149911,81440,126.26,
250.4008,-24.4681,6.09,0.2,F0V,150366,81728,80.39,
254.7183,-37.6211,6.09,0.19,A3V,153072,83100,82.44,
256.2075,48.8042,6.09,1.09,K1III,154732,83575,101.32,
258.5550,-56.8883,6.09,1.78,M1-2II-III+A,155341,84311,,
259.1783,-6.2450,6.09,1.1,K0,156227,84524,124.84,
267.7958,-53.1306,6.09,0.0,B9.5III-IV,161917,87379,155.76,
272.5362,16.4767,6.09,,B9V+F7III,166479,89023,,
280.2346,62.7497,6.09,0.98,K0III,173398,91606,117.51,
282.9021,36.5386,6.09,-0.11,B6IV,174959,92551,343.64,
285.7192,19.6611,6.09,1.34,K1III,177199,93523,,
286.5925,8.2300,6.09,1.6,M7IIIe,177940,93820,,
292.5437,2.9042,6.09,1.82,K5Ib,183589,95898,,
295.4062,-65.8542,6.09,1.55,M0III,184996,96882,230.95,
296.4642,35.0128,6.09,1.06,K0II-III+A2V,186927,97242,130.21,
298.8421,58.2503,6.09,1.02,G9III,189127,98044,141.64,
303.6121,-63.4158,6.09,0.31,F0IV,191603,99762,72.05,
305.6558,31.2650,6.09,1.35,K2,194097,100486,186.22,
306.4496,-40.7964,6.09,1.36,K3III,194184,100764,108.11,
321.3254,-71.7994,6.09,1.26,K2III,203212,105768,162.87,
325.6375,10.8247,6.09,-0.11,B5IV,206540,107173,213.68,
325.6621,49.6003,6.09,1.0,G8II,206731,107186,266.67,
332.7600,-21.2325,6.09,0.5,F6V,210464,109509,56.69,
350.7371,-60.0558,6.09,1.6,M3III,220263,115433,261.1,
354.8667,-46.6378,6.09,0.24,A8V+F0V,222287,116737,85.18,
356.0058,-45.0833,6.09,0.98,K1III-IV,222803,117075,73.1,
13.9812,-27.7756,6.10,1.67,M0III,5445,4363,,
28.3467,-38.5947,6.10,1.12,K1II,11643,8820,116.01,
29.2504,-51.7661,6.10,0.48,F6-7V,12042,9085,26.34,
29.9213,-66.0664,6.10,1.17,K1III,12477,9318,131.23,
32.1904,-17.7794,6.10,1.61,M2III,13215,9999,,
32.7237,39.0431,6.10,-0.07,A1Vn,13295,10180,,
37.6367,-22.5456,6.10,1.61,M1III,15652,11671,137.36,
39.1788,31.6075,6.10,1.05,K0,16187,12160,138.7,
40.5354,-46.5244,6.10,0.88,K1III,17006,12611,40.87,
56.1171,20.9286,6.10,0.01,A0V,23258,17453,74.68,
56.8842,55.9225,6.10,-0.03,B9Vnn,23383,17707,132.28,
58.8458,31.0458,6.10,0.29,O9.5ep,24534,18350,,
66.7750,-46.9475,6.10,0.46,F5-6V,28454,20781,32.45,
69.9467,-1.0528,6.10,0.94,K0,29610,21718,177.3,
73.7283,-39.6286,6.10,1.42,K3III,31529,22847,310.56,
77.5133,-0.5653,6.10,1.1,K0III,33419,24041,96.43,
88.6713,-49.6269,6.10,-0.13,B3V,40200,27937,337.84,
90.8250,42.9117,6.10,0.97,K0II,40801,28677,80.19,
93.8583,-9.0353,6.10,-0.08,B9III,43362,29705,234.19,
104.6975,26.0811,6.10,0.46,F7V,51530,33595,47.39,
108.0171,-30.8217,6.10,0.27,A8V,55568,34782,47.57,
120.3454,-54.5150,6.10,-0.04,B2IV-V,66546,39225,,
127.1533,24.1447,6.10,0.24,F0Vn,71496,41574,83.26,
130.0762,31.9419,6.10,,F5III,73596,42538,107.41,
131.4554,-25.3875,6.10,0.08,A2V:,74879,43002,109.41,
141.6867,-28.7875,6.10,-0.1,B6Ve,81753,46329,,
143.0608,-62.7889,6.10,1.43,M6-7IIIep,82901,46806,127.55,
153.2554,-59.9181,6.10,-0.08,B4Ve,88825,50044,,
157.0079,-49.4056,6.10,1.51,K4III,90798,51245,282.49,
158.7404,-23.1761,6.10,0.5,F7V,91706,51795,63.45,
174.6396,46.8342,6.10,0.38,F5III s,101133,56789,107.64,
175.9704,-62.8783,6.10,0.06,A2III-IV,101995,57211,121.51,
204.6904,-70.4450,6.10,1.42,K3III,118344,66574,134.41,
208.4871,-47.1281,6.10,-0.07,B2IIIe,120991,67861,,
217.0683,36.1969,6.10,,K0III,127065,70762,287.36,
220.0912,21.9756,6.10,0.4,G0V,129132,71729,105.6,
221.2954,-55.6019,6.10,-0.06,B2III,129557,72121,,
224.8629,-43.1600,6.10,0.6,F5III,132242,73354,,
227.2225,13.2350,6.10,0.96,dG6,134323,74121,178.57,
228.2808,-36.0914,6.10,-0.08,B8V,134837,74479,111.11,
232.1133,-51.5975,6.10,1.09,G2II,137465,75742,,
238.3004,13.1967,6.10,0.6,G0VFe-0.5,142267,77801,17.46,
239.9750,-54.0211,6.10,0.0,B5IV,142919,78355,,
241.0742,-33.2144,6.10,0.34,A9IV,143902,78726,122.85,
247.8450,-26.5378,6.10,1.08,K1III,148760,80910,69.06,
251.7908,2.0644,6.10,0.14,A3V,151431,82162,151.06,
252.3658,-15.6675,6.10,,A5V,151676,82339,74.24,
255.5637,64.6006,6.10,0.96,G5V,154633,83359,110.5,
263.8333,-53.3528,6.10,0.02,B9III,159018,86064,,
264.5354,-42.8806,6.10,-0.06,B8V,159707,86311,212.31,
263.9983,20.9961,6.10,0.19,A7IV,159834,86118,117.65,
263.9267,37.3017,6.10,0.98,G9III,159925,86096,130.38,
268.8487,55.9714,6.10,0.32,F0IV,163929,87744,56.34,
278.8062,34.4578,6.10,-0.11,B5Vne,171780,91119,318.47,
282.8421,-3.3178,6.10,0.3,F2III,174589,92524,84.75,
294.9375,33.9792,6.10,0.08,A3IV,185837,96724,145.35,
298.0679,36.4322,6.10,1.43,K4III,188149,97789,226.76,
305.1942,-14.7850,6.10,-0.02,A0III,193452,100325,96.15,
307.1946,-35.5958,6.10,-0.11,B8II/III,194783,101017,192.31,
321.8554,59.7500,6.10,1.75,M3IIIaBa0.2,204599,105949,301.2,
333.8963,-44.4519,6.10,1.02,G8-K0III,211053,109902,178.89,
339.0329,35.5772,6.10,1.0,K0,214200,111567,128.04,
343.9642,-31.6331,6.10,1.36,K3III,216761,113234,,
350.9392,-43.1244,6.10,1.46,K3III,220401,115496,,
358.8192,-31.9217,6.10,-0.08,B6V,224113,117931,,
4.1421,8.2400,6.11,0.92,G8II-III,1227,1319,135.5,
4.6754,43.7911,6.11,-0.08,B8V,1438,1501,212.31,
14.9571,6.4831,6.11,1.67,M2III,5820,4655,,
15.5075,-57.0025,6.11,0.94,G8III,6192,4829,112.87,
18.1417,45.3378,6.11,1.64,M1III,7158,5650,214.13,
23.4133,-78.5047,6.11,0.97,K0III,10042,7271,135.14,
35.1725,47.3108,6.11,-0.08,B5V,14372,10924,256.41,
37.1475,-31.1025,6.11,1.11,K2IIICNII,15471,11524,113.64,
44.2692,4.5011,6.11,1.69,M4IIIab,18345,13756,170.65,
45.0492,38.1317,6.11,-0.06,B8Vne,18552,13997,,
45.2125,-2.8786,6.11,1.77,M1III,18760,14040,,
46.4162,56.0686,6.11,1.02,G9III,18991,14392,75.53,
46.8571,17.8800,6.11,-0.12,B1.5V,19374,14514,,
55.1929,25.3294,6.11,0.06,A2IV,22805,17181,160.26,
56.1704,46.0997,6.11,0.28,A7IV,23139,17475,175.75,
66.7375,-24.0814,6.11,0.14,A2,28312,20765,111.11,
72.9308,9.9750,6.11,0.08,B5V,30870,22597,,
80.9642,-0.8672,6.11,0.5,F7V,35317,25240,58.04,
80.5921,-56.1344,6.11,-0.1,B8-9V,35580,25098,229.89,
84.0662,47.7153,6.11,0.26,dF0,36719,26315,102.15,
90.3342,85.1822,6.11,1.57,M0III,36905,28532,,
84.2867,-11.7756,6.11,0.05,A2V,37306,26395,66.05,
84.0112,-47.3139,6.11,1.16,K2III+F,37434,26300,160.0,
85.1754,31.9208,6.11,2.12,M2IIIS,37536,26718,,
100.3217,11.0033,6.11,1.68,M1III,47886,32012,,
101.2338,-70.4339,6.11,1.33,K3III,50002,32332,193.05,
102.5046,-60.2492,6.11,0.46,F7III-IV,50571,32775,33.16,
106.7767,4.9103,6.11,-0.13,B9.5III,53929,34338,217.39,
106.5096,-38.3828,6.11,0.7,G0IIaCH1,54153,34253,202.43,
113.5533,-33.4633,6.11,0.29,A9IV,60646,36807,87.95,
123.4950,-36.3411,6.11,-0.18,B2IV-V,69082,40324,,
125.6950,-13.0547,6.11,1.0,gG7,70673,41067,126.1,
131.2300,-21.1678,6.11,0.22,A5V,74706,42928,78.25,
132.4596,-72.5508,6.11,0.2,Am,76270,43351,,
136.6417,-55.8033,6.11,-0.15,B2IV-V,78548,44708,363.64,
138.1083,-7.1097,6.11,0.22,A3III:m+A0V:,79193,45184,82.64,
139.4654,-67.0508,6.11,1.26,K2III,80710,45615,,
143.1725,1.8642,6.11,0.62,F7IV-V,82543,46840,127.55,
159.7096,-42.7536,6.11,0.66,Am+Am:,92328,52112,174.52,
163.7542,-42.2511,6.11,-0.08,A0pSiCr,94660,53379,151.98,
164.4517,-59.7319,6.11,1.1,G3Ia,95109,53589,,
168.2371,-49.7364,6.11,1.06,G8II-III,97550,54783,233.1,
183.7942,-10.3125,6.11,0.46,F5V,106516,59750,22.55,
186.2854,-42.5144,6.11,0.65,G5III+F-G,108063,60591,52.74,
193.2967,-3.5531,6.11,0.5,F5V,111998,62875,32.52,
198.3017,18.7269,6.11,1.2,G8III,114889,64496,91.07,
202.2817,-64.6758,6.11,0.11,ApSrEuCr,117025,65783,88.26,
203.2004,24.3464,6.11,0.96,G8III,117876,66086,144.09,
210.8646,-41.4233,6.11,-0.11,ApSi,122532,68673,169.2,
212.8129,32.2956,6.11,1.26,K4III,124186,69316,117.51,
213.4162,-54.6258,6.11,0.05,B5Ve,124195,69491,,
221.2312,-58.4778,6.11,1.02,K0III,129462,72097,112.23,
234.7037,34.6750,6.11,1.02,K0,139761,76617,141.04,
246.5479,11.4075,6.11,1.03,G8III,148228,80514,109.77,
252.7492,-37.5144,6.11,0.12,B9pSi*,151771,82453,,
255.4475,-58.9583,6.11,-0.03,B2IVne,153261,83323,,
267.1587,-55.4017,6.11,0.28,A9IV,161420,87174,51.07,
267.9354,-45.6006,6.11,0.95,G6III,162123,87404,209.21,
274.2783,40.9367,6.11,0.99,G8.5IIIbFe-1CH0.5,168322,89604,106.84,
280.8708,53.8719,6.11,0.12,A2IV,173664,91843,367.65,
294.1087,-18.8528,6.11,0.27,F0III,184705,96440,73.53,
297.0125,-13.7033,6.11,0.2,A6m,186984,97423,62.5,
297.3646,38.7100,6.11,0.9,G5-8III,187638,97538,213.68,
301.9225,34.4231,6.11,0.16,B5Ib,191243,99145,,
306.4271,-2.8003,6.11,1.19,gK1,194454,100758,,
308.9654,-69.6111,6.11,1.29,K2III,195402,101626,254.45,
308.7100,51.8542,6.11,0.41,A9II,196379,101556,,
314.9988,-36.1297,6.11,0.39,F5V,199684,103646,41.48,
320.1396,60.7569,6.11,1.0,G5III,203574,105370,131.58,
324.2038,-33.0481,6.11,0.22,A7Vn,205529,106703,72.67,
323.8625,24.4522,6.11,,A4V,205541,106605,211.42,
325.3929,40.8053,6.11,0.07,A2V,206538,107097,139.66,
332.0717,25.5436,6.11,0.27,F1IV,210210,109276,86.21,
332.1708,45.7419,6.11,0.72,G2IV+K0III,210334,109303,42.03,
333.4563,63.1625,6.11,-0.08,B8Vn,211242,109746,296.74,
343.7479,1.0647,6.11,0.2,A7III,216701,113167,94.25,
346.7921,52.8164,6.11,1.05,K0III,218416,114162,129.87,
358.0975,21.6708,6.11,1.59,M2III,223755,117710,167.79,
14.4154,45.8397,6.12,1.02,K2III,5526,4501,134.77,
16.4033,-9.9792,6.12,1.01,K0III,6482,5121,94.52,
16.6400,12.9561,6.12,0.96,G8III,6557,5204,112.23,
23.7112,-31.8922,6.12,1.11,K0-1III,9742,7361,112.74,
32.6067,-50.8244,6.12,0.82,K1V,13445,10138,10.91,
36.9658,50.5697,6.12,0.41,F4V,15138,11465,53.08,
47.8412,13.0478,6.12,1.02,K0IIIp,19789,14821,105.6,
47.6142,-48.7342,6.12,1.12,K1III,19948,14749,118.91,
50.1067,25.6628,6.12,1.24,gK3,20663,15557,88.57,
52.5567,-41.3700,6.12,0.48,F7V,21899,16310,34.09,
54.9979,-1.1206,6.12,1.0,K1III-IV,22819,17120,129.2,
63.2133,22.4136,6.12,0.19,B9IIIp:Si:,26571,19672,,
65.1046,18.7425,6.12,0.37,F3:V,27429,20255,47.35,
73.7208,-58.5472,6.12,0.44,F3V,31746,22844,30.88,
84.3304,8.9519,6.12,-0.17,B2IV-V,37232,26414,,
88.5558,10.5869,6.12,1.47,G9II,39632,27900,,
89.7542,-9.3822,6.12,0.29,F2IV,40535,28321,96.9,
91.5354,35.3875,6.12,0.6,G0V,41330,28908,26.39,
91.8621,41.8542,6.12,1.22,K0III,41467,29025,,
91.6708,-42.2986,6.12,0.25,Am,42078,28957,98.72,
96.0854,-12.9625,6.12,-0.08,B5Ve,44996,30468,,
99.4204,-12.9850,6.12,1.0,K0,47366,31674,85.11,
100.3088,-40.3497,6.12,-0.14,B4V,48383,32007,324.68,
103.2562,38.8692,6.12,0.37,F2VDel Del,50018,33041,162.6,
106.4158,52.7581,6.12,0.11,A3V s,52859,34217,106.38,
108.4013,-27.3564,6.12,-0.23,B0.5V,55857,34924,,
116.3983,-56.7225,6.12,0.39,F0II,63382,37854,289.02,
117.5237,-19.5236,6.12,1.26,K0,63822,38246,,
120.1204,-48.8714,6.12,-0.11,A0pSi,66255,39153,,
125.2821,-64.1061,6.12,0.93,G6-8III,70982,40926,142.45,
128.1758,-73.3567,6.12,0.95,G8III,73468,41907,116.96,
140.2471,38.1883,6.12,0.38,F2V+F4V,80441,45858,47.82,
143.2588,-8.5053,6.12,0.98,K0,82638,46869,120.48,
149.2954,-52.6389,6.12,-0.13,B3IV,86466,48799,,
150.9208,-9.5739,6.12,1.66,K0,87262,49293,,
150.8354,-46.6361,6.12,0.02,A0V,87363,49259,92.17,
155.4596,14.9756,6.12,0.02,A1V,89774,50755,145.99,
157.6108,64.2575,6.12,0.16,A7III,90745,51448,88.73,
163.3537,-2.2553,6.12,0.9,K0III+G0V,94363,53240,79.94,
170.5962,-44.6458,6.12,0.92,G8III,98892,55528,105.37,
171.0921,-42.6692,6.12,-0.18,B2IV-V,99171,55667,,
194.2821,46.1769,6.12,1.01,K0III-IV,112570,63211,105.49,
208.0037,-31.6194,6.12,0.48,F7V,120759,67696,53.59,
223.9946,32.3003,6.12,0.1,A2V,132029,73068,96.06,
230.9321,-1.0225,6.12,0.25,F0V,137006,75342,54.95,
233.8883,17.6556,6.12,0.94,gG8,139074,76337,127.06,
237.5679,-45.4017,6.12,0.29,A9III,141296,77574,44.96,
245.1358,-39.4308,6.12,-0.07,B9V,146954,80066,152.21,
250.9746,-41.1131,6.12,-0.07,B6-7V,150591,81914,148.81,
259.0896,-35.7494,6.12,0.48,G0IV-V,155974,84489,32.23,
264.7408,13.3292,6.12,0.56,F6III,160365,86373,93.63,
267.1996,19.2553,6.12,0.02,A1V,162161,87192,187.62,
273.3187,21.8803,6.12,1.47,K4III,167193,89298,,
282.0671,48.7675,6.12,0.21,A7III,174481,92269,56.15,
284.5888,-31.0361,6.12,1.35,K3III,175794,93134,133.87,
296.8617,47.9078,6.12,1.64,M2III,187372,97372,377.36,
299.0792,56.6869,6.12,,A4Vn,189296,98111,85.69,
307.7679,-15.0564,6.12,0.79,gG5+F,195330,101221,97.56,
316.5979,26.9244,6.12,1.05,K0II-III,201051,104172,106.72,
318.9450,-36.2108,6.12,1.37,K3III,202287,104980,,
321.5642,-54.6606,6.12,0.34,F1III,203760,105841,63.78,
322.2196,55.4186,6.12,0.14,B8III,204754,106052,284.9,
327.1225,38.6486,6.12,-0.08,B8V,207516,107664,151.29,
329.6254,-59.0122,6.12,0.46,F3V,208496,108478,66.49,
329.6825,-21.1828,6.12,1.65,M4III,208735,108494,,
340.5867,53.9089,6.12,1.62,K2,215159,112098,364.96,
342.1992,54.4150,6.12,-0.07,B5Vne,216057,112641,184.5,
343.0412,-63.1886,6.12,1.03,K0III,216187,112924,123.0,
343.6487,16.9417,6.12,1.77,S4+/1+,216672,113131,,
347.0987,-79.4808,6.12,0.14,A3-4V,218108,114258,74.4,
348.5275,-62.7000,6.12,0.79,G8V,219077,114699,29.2,
348.6675,-10.6886,6.12,1.49,K5III,219279,114750,,
1.2242,34.6597,6.12,0.62,G2V,225239,394,36.79,
1.6533,29.0214,6.13,0.75,K0V,166,544,13.7,
8.3471,-71.2661,6.13,0.23,A7IV,3112,2629,150.38,
11.8067,19.5789,6.13,0.27,F0Vn,4490,3685,106.95,
21.9442,-10.9017,6.13,1.32,K4III-IV,8921,6822,109.29,
52.5471,59.3661,6.13,0.08,A2V,21427,16303,103.41,
61.1708,-20.3817,6.13,1.16,K0,25803,19037,137.36,
68.7521,-19.9206,6.13,1.17,K3III,29184,21363,101.21,
70.8075,24.0889,6.13,0.54,F7IV-V,29859,21961,49.93,
79.8658,58.1172,6.13,-0.03,B5V,34233,24836,269.54,
87.2704,62.8081,6.13,,A4V,38284,27472,126.42,
100.6908,-22.4492,6.13,0.34,F0,48501,32144,48.9,
103.8113,43.9100,6.13,0.32,A9III,50420,33269,266.67,
121.1729,-19.7281,6.13,-0.16,B3III,66834,39524,,
125.0713,-5.3292,6.13,1.33,K2III,70148,40859,158.23,
125.1142,-22.9247,6.13,1.04,K0,70302,40876,218.34,
129.8421,-36.6069,6.13,0.42,F1IV,73900,42455,40.23,
131.3392,30.6978,6.13,0.94,G5III,74485,42954,146.2,
131.2554,5.6806,6.13,0.2,A6V,74591,42931,63.37,
133.1279,-13.2336,6.13,1.14,K0,75916,43580,103.63,
140.1825,51.2661,6.13,0.42,F3V,80290,45836,29.0,
142.9825,-10.3706,6.13,1.19,K0,82477,46768,109.89,
152.3825,-35.8567,6.13,0.6,F8V,88218,49769,30.72,
155.5538,-19.8669,6.13,0.03,A1V,89911,50790,215.98,
156.5396,-42.7389,6.13,1.13,K1III,90518,51077,101.73,
164.3154,-75.0997,6.13,1.53,K1II,95208,53546,,
166.2675,-49.3925,6.13,-0.02,B9.5V,96224,54185,157.73,
168.1267,-18.5000,6.13,-0.01,A0V,97411,54742,146.84,
177.5813,-15.8639,6.13,0.95,K0,102845,57732,206.19,
178.9779,-39.6892,6.13,1.02,K0III,103637,58177,148.59,
181.4154,62.9331,6.13,1.17,K2III,105043,58989,114.55,
205.9383,22.7003,6.13,1.42,K4III,119584,66992,,
210.3292,-40.2222,6.13,1.25,K1III,122210,68493,246.91,
219.1008,-39.5972,6.13,1.05,K1III,128152,71429,122.7,
221.3363,18.8847,6.13,0.83,K0,130025,72139,151.75,
225.9908,65.9197,6.13,,A2V s,133994,73706,142.25,
228.5429,42.1714,6.13,1.66,M2IIIa,135530,74571,307.69,
239.1392,-14.8292,6.13,0.23,A2III,142703,78078,52.94,
240.2767,-54.5778,6.13,0.25,A5V,143101,78469,137.36,
252.9746,-65.3756,6.13,-0.02,B8II-III,151441,82517,,
252.4187,43.4306,6.13,1.26,K0IV,152153,82355,185.87,
252.6796,32.5536,6.13,1.01,K0III,152224,82426,96.53,
256.6183,-35.4511,6.13,0.5,O9.5Iab,154368,83706,,
255.3196,60.6492,6.13,1.0,K1III,154391,83289,108.23,
275.3688,5.4358,6.13,-0.04,B3Ve,168797,89977,,
283.1542,-29.3794,6.13,1.35,K1III,174631,92643,151.29,
287.4504,-19.8036,6.13,1.16,K1III,178555,94144,120.19,
288.1921,-50.4864,6.13,0.95,G8III,178845,94398,140.25,
292.4692,-55.4414,6.13,0.98,K0-1III,182893,95866,110.25,
292.7250,-21.3122,6.13,0.12,A2,183545,95965,,
297.7962,-2.4608,6.13,1.57,K5III,187660,97687,174.83,
298.0146,11.6289,6.13,0.65,G0V,187923,97767,27.66,
304.0821,21.5986,6.13,1.04,K1III,192836,99913,91.32,
304.8246,-47.5803,6.13,0.46,F5V,192886,100184,29.49,
305.0854,14.5692,6.13,0.91,G8III,193556,100274,168.63,
307.1037,-3.3578,6.13,-0.06,B9V,194939,100977,170.94,
308.5488,-13.7211,6.13,0.54,F6V,195838,101507,32.84,
319.2583,53.9975,6.13,0.05,A1V,202923,105064,123.15,
321.6171,1.1033,6.13,0.44,F5V,204121,105864,47.87,
328.8363,61.5419,6.13,1.6,G8Ib,208606,108209,,
331.3183,46.7447,6.13,1.61,M4IIIab,209857,109033,294.99,
344.6458,-35.5231,6.13,0.58,F8III-IV,217096,113447,77.76,
346.5758,18.5175,6.13,0.44,F6V s,218235,114081,43.18,
349.5833,-67.4711,6.13,1.35,K2-3III,219644,115062,192.68,
350.1833,44.1164,6.13,0.17,A5Vn,220105,115261,80.0,
4.4292,51.4331,6.14,-0.13,O9IIInn,1337,1415,,
7.4663,-14.8642,6.14,0.37,F2III,2630,2337,42.34,
10.1371,-23.8044,6.14,0.7,G3V,3795,3185,28.56,
16.5321,-23.9925,6.14,1.09,G8-K0III,6559,5170,107.41,
21.1658,-15.6603,6.14,0.91,G5,8589,6589,102.46,
22.7179,66.0981,6.14,0.08,A2V s,9030,7050,86.66,
27.5842,-47.8164,6.14,1.01,K1IV,11332,8552,150.38,
42.4625,-24.5603,6.14,1.07,K1III,17713,13197,111.36,
44.6975,-9.7764,6.14,0.22,A2m,18557,13883,90.01,
44.7775,-28.9069,6.14,1.04,K1III,18650,13907,104.06,
49.1487,-9.1544,6.14,0.4,F1V,20395,15244,34.69,
55.9467,19.6650,6.14,1.01,G8III,23183,17408,106.5,
57.0762,50.7367,6.14,0.06,B8Vne,23552,17772,182.15,
58.5725,-2.9528,6.14,0.09,A2V,24554,18255,105.71,
59.0167,-63.4636,6.14,1.1,K1-2III,25170,18401,113.77,
75.8275,41.4417,6.14,0.16,A2IIIShell?,32188,23511,,
76.0604,30.4947,6.14,1.21,K0II-III,32406,23583,178.25,
79.5787,33.7672,6.14,-0.06,B9.5V,34364,24740,121.95,
88.0725,58.9642,6.14,-0.04,A0V s,38831,27731,167.22,
89.9504,54.5472,6.14,1.2,K2III,40083,28390,104.49,
97.7896,11.2508,6.14,-0.08,B2V:nne,45995,31066,,
99.5854,-2.5436,6.14,1.48,K2,47420,31733,226.24,
103.3404,-18.9333,6.14,0.15,A5m,50643,33079,140.45,
106.3833,-34.7778,6.14,0.37,F2V,53952,34200,55.68,
117.0354,-40.6522,6.14,1.58,M2III,63640,38074,184.16,
119.3021,-63.2969,6.14,-0.1,B8V,65908,38863,142.25,
121.4371,-33.5692,6.14,1.11,G1Ib,67243,39617,,
126.4579,17.0461,6.14,0.41,F6V,71030,41319,44.96,
133.4821,35.5383,6.14,0.04,A4III,75896,43685,,
134.1538,4.2367,6.14,1.0,G8II-III,76494,43902,,
138.0537,3.8672,6.14,-0.01,A0Vp,79108,45167,115.21,
138.0512,-76.6631,6.14,1.09,K1III,80194,45166,111.73,
142.3521,-2.2053,6.14,0.22,F0III,82043,46529,145.56,
142.9121,-10.5522,6.14,0.24,F0Vn,82428,46744,54.26,
145.6779,35.0933,6.14,0.36,F3V,83951,47631,53.3,
151.2937,52.3708,6.14,,A5IV,87243,49408,101.21,
150.8929,-61.8839,6.14,-0.04,B7IVne,87543,49281,,
158.3554,-58.1903,6.14,0.35,B7Iae,91619,51676,,
164.0704,22.3517,6.14,1.55,K2,94720,53472,195.31,
165.8108,-0.7525,6.14,0.26,F0V,95771,54027,54.61,
169.2425,-7.1347,6.14,0.2,A8IVpeSrCrSi,98088,55106,129.03,
174.4708,50.6183,6.14,1.07,G9III:Ba2.5,101013,56731,141.44,
196.5946,62.0419,6.14,0.99,G7III,113994,63952,115.74,
209.0825,-54.1319,6.14,0.07,A1V,121336,68080,142.86,
209.3654,-23.0228,6.14,1.43,K0,121699,68177,,
222.2254,-0.8478,6.14,-0.04,B9VSi:Cr:,130557,72449,108.23,
222.0971,24.3667,6.14,0.48,F2-6V,130603,72412,80.91,
236.1754,17.2642,6.14,0.0,A0V,140729,77111,98.43,
238.6250,-27.3386,6.14,-0.07,B6Vp,142250,77900,162.87,
241.8425,21.8225,6.14,1.37,K4III,144889,78985,173.61,
242.1942,17.2058,6.14,0.0,A0Vnn,145122,79102,112.61,
243.8500,-42.8997,6.14,1.11,K2III,145921,79661,75.02,
243.9475,27.4222,6.14,1.31,K2,146537,79686,135.5,
258.1042,-27.7619,6.14,-0.04,B9Vn:,155401,84175,167.5,
271.1554,1.9192,6.14,0.0,B0IIIn,165174,88522,,
276.3813,-63.0214,6.14,0.2,A3V,168740,90304,71.28,
283.0079,13.9656,6.14,0.0,B8Vnn,174853,92593,245.1,
284.6025,-22.5294,6.14,0.09,A2V,175892,93140,78.19,
300.1104,-43.0433,6.14,1.64,M0II-III,189140,98485,,
301.2779,51.8394,6.14,1.6,M1IIIa,190964,98915,227.27,
303.4283,43.3792,6.14,1.5,K4III,192535,99685,226.24,
307.9437,56.7800,6.14,1.43,gK5,195964,101285,251.89,
331.8563,53.3072,6.14,0.43,A3Ib,210221,109205,,
336.8604,39.8097,6.14,-0.14,B2V,212978,110849,,
337.8267,-6.5550,6.14,0.56,F7V,213429,111170,25.52,
346.3033,-17.0792,6.14,1.37,K0,218061,113998,169.2,
4.0900,43.5947,6.15,0.05,A2VpSi,1185,1302,93.02,
11.3504,-4.6292,6.15,1.62,M0III,4301,3552,,
11.2500,-53.7150,6.15,0.53,F7III,4304,3527,45.27,
11.3696,-12.8808,6.15,0.61,G0V,4307,3559,31.86,
12.5762,45.0022,6.15,0.01,A0pCr,4778,3919,90.83,
20.1158,-11.2389,6.15,1.11,K1III,8121,6272,117.23,
21.2029,-2.8486,6.15,0.96,G8III,8599,6605,82.17,
31.7050,25.7047,6.15,-0.03,B9IV-Vn,12885,9859,,
37.6600,19.8553,6.15,0.25,A9V,15550,11678,69.25,
41.0446,-52.5706,6.15,0.09,A2V,17254,12775,124.07,
48.0400,42.3761,6.15,-0.09,B4V,19736,14887,201.61,
46.9550,-69.2656,6.15,1.02,K1III,19940,14547,92.08,
51.0104,-69.6247,6.15,0.48,G0-5+A3-5V,21563,15840,182.48,
67.0150,1.8586,6.15,1.02,G9III,28322,20848,107.18,
74.4367,-14.2314,6.15,-0.21,B1V,31726,23060,,
78.7971,59.4056,6.15,1.18,K2III-IV,33618,24479,94.25,
78.8267,-1.4092,6.15,0.39,F0IV,34180,24493,45.93,
81.7262,35.4572,6.15,1.45,K2,35519,25476,197.63,
81.7138,33.2628,6.15,1.15,K0,35521,25475,105.49,
84.3129,64.1547,6.15,0.01,A0V,36570,26408,114.03,
86.0358,61.4767,6.15,0.9,gG5,37638,27046,97.47,
85.5596,-17.5303,6.15,1.38,K0,38054,26866,183.15,
86.1104,-22.4217,6.15,0.94,K2V,38392,,,
92.7554,-6.7542,6.15,0.01,A0pSrCr,42536,29323,169.2,
96.6438,-4.5972,6.15,-0.14,B2.5V,45321,30660,,
97.0783,10.3039,6.15,1.15,K2III-IV,45512,30804,76.39,
97.7942,-61.8797,6.15,-0.15,B3V,46792,31068,352.11,
99.4696,4.9572,6.15,0.14,B1Ib,47240,31697,,
102.2654,1.0019,6.15,-0.13,B3II-III,49567,32682,,
118.6663,-34.8469,6.15,1.53,K4III,64876,38635,207.9,
121.1883,18.8422,6.15,-0.05,B9V,66552,39535,91.58,
125.6258,-6.1792,6.15,0.22,A8IV,70574,41036,65.1,
129.9275,73.6297,6.15,1.02,G7III,72582,42484,108.93,
137.1812,-26.7678,6.15,0.17,A4IV,78676,44887,114.42,
145.8646,-51.2283,6.15,-0.1,B6V,84400,47694,,
156.7521,19.3644,6.15,1.14,K0,90472,51161,100.81,
162.2383,29.4158,6.15,1.15,sgK1,93636,52882,183.49,
165.0358,-51.8178,6.15,0.18,A3III-IV,95429,53771,59.88,
172.9600,81.1272,6.15,0.24,A2m,99945,56253,59.81,
177.2550,-0.3186,6.15,0.52,F7V,102634,57629,34.18,
184.4471,-36.0939,6.15,0.01,A0V,106922,59950,149.7,
185.0738,26.0019,6.15,0.3,F0IV,107326,60168,60.61,
187.1392,-56.4078,6.15,0.92,K0-1III,108570,60870,42.23,
192.9912,-26.7381,6.15,0.23,A0III,111786,62788,60.17,
210.7488,50.9719,6.15,0.01,A2V,122866,68637,96.15,
214.1254,-3.1964,6.15,-0.01,A1V,124931,69747,166.11,
224.6533,-39.9067,6.15,1.23,K2III,132096,73279,112.11,
232.1854,47.2014,6.15,0.1,AmA3-F0V:,138213,75770,146.84,
238.7192,-60.7433,6.15,0.1,B9II,141913,77927,,
246.3417,-63.1247,6.15,0.03,A1V,147349,80455,131.41,
254.1500,-40.8236,6.15,0.26,B0.5Ia,152667,82911,,
270.3996,33.3114,6.15,1.55,K5III,164824,88277,296.74,
272.1254,-45.7672,6.15,-0.08,B7-8II,165493,88859,,
271.3758,21.6469,6.15,1.23,gK3,165524,88604,126.58,
276.3404,-35.9917,6.15,1.0,K0III,169236,90290,141.44,
276.2375,-1.5794,6.15,0.37,F6III+A9III,169493,90253,,
280.6504,-7.0733,6.15,1.0,K0-1III,172831,91751,74.46,
282.0683,23.5142,6.15,0.49,F8V,174160,92270,28.69,
284.1067,2.4711,6.15,0.97,G8III,175679,92968,160.51,
298.6679,7.1403,6.15,0.03,A2V,188385,97970,80.78,
299.8142,52.0558,6.15,-0.19,B5III,189775,98379,235.85,
306.1562,1.0686,6.15,-0.04,B9V,194244,100664,,
310.6654,60.6014,6.15,0.01,A2IV,197734,102216,222.22,
317.1175,6.9894,6.15,1.66,K5III,201298,104357,,
319.7304,41.0408,6.15,0.3,A5IV,203096,105229,,
318.3396,81.2308,6.15,0.09,A3IV,203501,104756,156.99,
321.0308,25.3122,6.15,,A2V,203858,105660,187.62,
323.6146,51.6983,6.15,0.02,B9IIIe,205551,106518,,
324.4113,54.0422,6.15,0.99,K1III,206040,106771,198.41,
328.4908,6.8644,6.15,0.8,G0III s,208110,108090,126.74,
332.9804,-76.1161,6.15,1.0,K0III,210056,109584,92.59,
334.1558,-25.8983,6.15,1.11,K1II/III,211291,109990,174.22,
334.1400,-1.5964,6.15,0.19,A5Vn,211356,109984,80.39,
338.8600,-78.7717,6.15,1.38,K1III,213402,111504,334.45,
345.6358,-6.5742,6.15,1.58,M2III,217701,113781,,
347.1487,-73.5864,6.15,1.42,K3III,218288,114268,186.22,
350.9762,-53.8083,6.15,0.26,A4III,220392,115510,,
359.1729,22.6481,6.15,1.6,M2III,224303,118048,184.84,
2.9962,48.1525,6.16,1.45,gK4,743,967,168.63,
13.5733,-8.7408,6.16,0.92,G5IV,5268,4257,116.28,
28.9604,-78.3483,6.16,0.44,F5-6IV-V,12363,8991,41.32,
49.0196,45.3458,6.16,1.67,M2III,20162,15209,,
48.4083,-29.8042,6.16,1.05,K1IICNIII,20176,15024,138.7,
54.8571,16.5367,6.16,1.0,K0III,22695,17058,123.61,
59.3600,24.4619,6.16,1.37,K0,24802,18508,,
65.0417,31.9533,6.16,1.71,K5,27349,20231,,
67.3333,-46.5153,6.16,1.06,K1III,28700,20934,120.19,
81.4458,0.5208,6.16,-0.18,B2.5V,35588,25378,,
81.8075,15.2578,6.16,0.08,A1IV,35693,25502,141.44,
84.3188,-27.8714,6.16,0.34,F0IV,37430,26412,44.56,
94.5233,14.3828,6.16,0.01,A3V,43683,29931,195.31,
97.3121,2.6461,6.16,1.54,gM1,45724,30906,,
97.6446,-13.1481,6.16,-0.15,B1.5V,46064,31024,,
107.1513,37.4450,6.16,1.21,K1III,53925,34462,213.22,
108.0308,5.4747,6.16,1.14,K0III,55184,34789,,
117.7300,-11.1286,6.16,1.13,K0,63894,38307,126.1,
123.9954,-35.9028,6.16,1.55,K2III,69511,40485,,
124.3462,-16.2850,6.16,0.01,A2V,69665,40604,,
125.3508,-39.6208,6.16,0.17,A3V,70612,40947,67.16,
132.6879,18.8322,6.16,-0.01,A2V s,75469,43427,,
140.3633,32.9019,6.16,1.09,K3III,80546,45896,97.09,
153.0958,-52.1633,6.16,1.17,K2IIICNII,88693,49994,102.56,
153.8192,-54.9742,6.16,-0.17,B2IV-V,89104,50232,,
164.8083,-61.3203,6.16,-0.06,B8IV,95324,53701,111.23,
173.0971,-26.7467,6.16,1.66,M1III,100307,56293,223.21,
180.3708,-57.5036,6.16,0.0,A0V,104430,58642,94.7,
183.6808,53.4347,6.16,1.04,gK0,106478,59708,154.8,
191.2571,-68.8311,6.16,0.69,F6Ia,110716,62212,,
198.2333,-59.8167,6.16,0.6,G0V,114630,64478,39.81,
198.4896,-43.1389,6.16,1.38,K4III,114873,64557,107.64,
200.7196,-47.9431,6.16,0.18,A4V,116197,65288,,
203.0221,-38.3992,6.16,1.04,K1III,117597,66019,111.23,
205.5529,8.3883,6.16,0.42,F3Vp,119288,66860,35.77,
208.9583,14.0564,6.16,0.5,F6V,121560,68030,24.22,
222.2779,37.8111,6.16,0.36,F2V,130817,72469,41.0,
226.9179,5.4981,6.16,0.94,K0III,134047,74026,163.67,
241.8500,-56.1914,6.16,0.58,F2II,144183,78989,,
249.2292,63.0728,6.16,1.53,K5,150429,81358,,
250.7433,55.6903,6.16,0.07,A2VpSr,151199,81840,90.58,
261.2613,-34.6964,6.16,0.02,A0VSiCr,157486,85237,155.04,
272.7300,-33.7997,6.16,-0.14,B1V,166197,89086,,
274.4004,-34.1072,6.16,-0.11,B3V+A,167647,89637,,
275.5008,-28.4300,6.16,0.26,A3III,168646,90012,145.56,
286.7188,-37.8103,6.16,0.72,G5IV,177565,93858,17.17,
288.9975,27.9269,6.16,0.61,F6Ib-II,180583,94685,,
295.9067,-37.5389,6.16,0.01,B8,186042,97067,,
295.1717,43.0778,6.16,1.56,M2III,186121,96805,,
301.1200,48.2297,6.16,0.04,A2IV,190781,98858,177.62,
307.3804,-22.3917,6.16,1.55,M1III,195006,101090,162.87,
314.6283,41.9403,6.16,-0.08,B7III,199892,103532,142.65,
322.8646,52.6200,6.16,0.9,G2Ib+B9V,205114,106267,352.11,
324.6875,25.4989,6.16,1.02,G9III,206027,106872,127.71,
327.9242,-18.6231,6.16,0.36,F0III,207760,107901,64.35,
335.7508,57.2844,6.16,-0.13,B8III-IV,212454,110497,261.1,
337.8267,-2.9111,6.16,1.08,K0,213428,111171,145.14,
344.5646,-2.3953,6.16,0.74,G8IV,217107,113421,19.72,
3.7425,-34.9044,6.17,1.34,K3III,1089,1195,226.76,
4.4487,1.6889,6.17,0.94,K0II,1367,1421,101.11,
10.6296,58.7533,6.17,-0.01,B9.5III,3924,3334,,
22.9129,-45.5756,6.17,0.06,A2V,9414,7115,97.94,
25.3267,25.7458,6.17,0.44,F2III,10308,7874,55.99,
25.3637,-38.1331,6.17,0.42,F2V,10481,7886,41.89,
49.0037,-5.9186,6.17,-0.02,B9V,20319,15203,,
53.5346,17.8328,6.17,0.89,K1IVFe-1,22072,16641,42.43,
57.4312,23.7117,6.17,-0.05,B8V,23923,17900,116.55,
61.6625,65.5208,6.17,0.14,A3m,25425,19177,140.25,
65.2200,13.8642,6.17,0.46,F6V,27483,20284,45.87,
76.3487,1.1775,6.17,3.45,C6II,32736,23680,,
76.9096,9.4719,6.17,0.62,G1IV,33021,23852,28.3,
78.2633,61.8500,6.17,0.02,A2III,33266,24313,146.41,
84.9321,75.0439,6.17,1.57,M0III,36384,26638,177.62,
86.7817,-16.2378,6.17,0.89,G2Ib-II,38713,27308,203.67,
87.8692,-22.9261,6.17,1.02,K0,39385,27670,135.87,
92.4008,-5.7111,6.17,0.34,F3IV w,42278,29210,61.01,
99.4179,2.7042,6.17,1.08,K1III,47220,31672,145.56,
105.4704,-1.3456,6.17,1.28,G5II,52611,33873,130.04,
114.7996,24.2225,6.17,0.01,A2V,61219,37269,133.33,
114.9754,32.0097,6.17,0.35,F6II,61295,37339,84.32,
119.0996,4.4858,6.17,0.98,G8III,64938,38794,,
132.5900,-28.6181,6.17,-0.08,B9V,75649,43394,112.74,
134.2842,17.1439,6.17,1.0,K1III,76508,43957,117.65,
136.7496,1.4628,6.17,1.65,M1III,78196,44738,,
144.1054,-48.7514,6.17,0.27,ApSrEuCr,83368,47145,72.46,
146.8250,79.1367,6.17,0.25,F0V:,83727,48017,127.71,
146.1529,64.9839,6.17,,F3Vn,83962,47791,107.64,
164.8246,51.8822,6.17,1.38,K0,95057,53706,208.77,
174.5408,8.8842,6.17,1.08,K1III,101112,56756,114.42,
176.7792,-35.9069,6.17,0.96,G8III,102397,57497,145.56,
178.3617,-35.0667,6.17,0.08,A2V,103266,57971,75.59,
179.7642,0.5306,6.17,1.26,K2IV,104055,58445,183.15,
180.0775,80.8531,6.17,1.61,M2III,104216,58545,251.26,
182.5104,-34.7050,6.17,0.03,A0V,105686,59307,100.81,
183.1950,-70.1519,6.17,0.84,F6Ib,106111,59551,,
193.9721,-15.3269,6.17,0.0,A0Vn,112304,63109,205.34,
202.5004,7.1789,6.17,1.47,K5,117404,65862,,
211.4438,-54.6694,6.17,0.23,A5III-IV,122844,68842,130.38,
212.2163,-43.4711,6.17,-0.06,B9V,123445,69113,218.82,
216.8517,-6.1203,6.17,0.09,A2IV,126722,70680,72.31,
226.9867,-65.2756,6.17,1.47,K3III,133456,74047,243.31,
226.6129,-22.0319,6.17,1.05,gK1,133670,73927,59.92,
228.6404,-17.7686,6.17,-0.05,B9.5III,135230,74600,,
227.6837,67.7814,6.17,,A8Vn,135384,74272,154.56,
230.2237,-18.1586,6.17,1.02,G8III,136366,75110,,
256.1721,19.5992,6.17,-0.01,B9.5V,154441,83565,184.16,
259.0592,2.1861,6.17,0.22,A2V,156208,84479,180.51,
263.1021,-34.2797,6.17,0.35,F2V,158741,85839,104.71,
263.3821,57.5589,6.17,0.59,G5III+A5V,159870,85923,231.48,
266.1417,2.5794,6.17,0.07,A1IV-V,161270,86831,,
267.6812,11.9467,6.17,1.25,K1III-IV,162468,87335,156.01,
268.3317,-34.7306,6.17,-0.03,B8V,162586,87567,,
276.0383,83.1753,6.17,0.05,A2V,172864,90182,168.07,
281.6725,18.7058,6.17,1.59,K5,173833,92131,164.2,
291.0892,-43.7231,6.17,1.6,M1-2III,181925,95396,177.62,
300.1054,-49.3511,6.17,1.06,K0III,189080,98482,92.59,
299.8446,1.3778,6.17,1.13,G8III,189322,98385,,
306.2267,-83.3106,6.17,0.2,Am,191220,100697,77.22,
305.7179,14.5514,6.17,0.51,F8V,194012,100511,26.13,
316.9358,-17.4553,6.17,0.02,A0V,201057,104297,132.63,
318.5429,29.9011,6.17,1.09,G6Ib-IIaCa1Ba0.3,202314,104822,,
325.5350,45.7658,6.17,1.55,M4III:,206632,107140,207.47,
326.9087,-5.9172,6.17,0.22,A7V,207235,107596,78.49,
327.3292,61.2728,6.17,1.67,M1II-III,207780,107723,267.38,
327.7704,39.5367,6.17,-0.08,B9pHgMn,207857,107856,,
333.2396,-26.3278,6.17,0.17,A3V,210739,109667,58.07,
334.2492,-23.1400,6.17,1.05,G5,211364,110018,159.24,
334.7342,37.7694,6.17,0.28,A9IIIp,211797,110171,65.83,
335.2325,8.1867,6.17,0.44,F6V,211976,110341,31.8,
340.5921,-29.3608,6.17,1.54,M5III,214966,112102,186.22,
347.9550,26.8472,6.17,0.94,G8III-IV,218935,114526,74.18,
350.1704,-5.9081,6.17,1.07,K0III,220035,115257,122.85,
352.5308,49.1331,6.17,1.46,K3III,221246,115996,262.47,
356.1204,-26.2464,6.17,0.5,F4V,222872,117107,68.03,
1.7087,-23.1075,6.18,0.38,A7V,203,560,39.08,
7.8554,66.5194,6.18,-0.1,B6V,2729,2474,219.78,
21.3987,23.5117,6.18,0.43,F5III,8634,6669,76.86,
24.1867,-58.2708,6.18,1.61,M3III,10052,7506,246.91,
26.8200,-41.7600,6.18,1.54,K5-M0III,11022,8320,172.71,
36.1408,-40.8406,6.18,0.66,G2V,15064,11231,31.2,
36.7792,27.0133,6.18,1.43,K5III,15152,11415,142.25,
38.7671,7.4714,6.18,1.06,gG6,16060,12022,117.51,
39.5742,37.7267,6.18,0.47,F6III,16327,12287,82.78,
42.2313,69.6342,6.18,0.18,A3V,17138,13133,62.54,
62.3433,54.8289,6.18,,F5V,25948,19400,47.42,
79.6683,40.4650,6.18,1.37,K0,34332,24771,,
80.2358,19.8142,6.18,1.23,K0III,34810,24977,191.57,
83.4117,20.4742,6.18,-0.07,B6V,36589,26072,,
86.8042,-54.3608,6.18,1.4,K3III,39110,27317,374.53,
92.9321,-4.6656,6.18,-0.08,B9pHgMn,42657,29401,181.16,
99.5025,-61.5331,6.18,0.62,G1-2V,48189,31711,21.67,
115.3483,-22.3372,6.18,1.62,M1III,62082,37465,,
114.0175,-77.6342,6.18,1.73,M0III,62689,36982,352.11,
117.1400,23.1411,6.18,,G2III+A4V,63208,38106,,
116.0542,-69.8214,6.18,-0.06,A0IV-V,63584,37720,123.61,
117.6975,3.2772,6.18,1.12,K1III,63799,38300,117.92,
125.0546,-0.9094,6.18,0.6,F9V,70110,40858,40.82,
127.8329,37.2658,6.18,-0.03,A0V,71906,41798,,
134.9162,-19.2081,6.18,0.46,F6V,77084,44162,39.56,
142.6921,-31.8894,6.18,0.03,A0V,82384,,,
143.3763,36.4869,6.18,1.27,gK4,82522,46904,127.06,
156.3217,-42.4681,6.18,1.0,G8III,90393,51014,179.86,
200.1454,-59.7733,6.18,0.43,F3-F5II,115778,65108,120.34,
200.6488,-60.9722,6.18,0.01,B2.5Vn,116072,,,
207.5271,-29.0814,6.18,-0.03,A0V,120455,67523,110.86,
210.7571,-31.6839,6.18,0.48,F8V,122510,68641,38.27,
222.7504,-0.2572,6.18,1.4,K3III,130970,72629,139.28,
229.6721,-31.2094,6.18,1.23,G6-8III,135896,74929,,
234.8263,-77.9181,6.18,1.2,K2IIICN0.5Ba-1,138289,76664,104.06,
236.9733,-65.4425,6.18,0.22,A5III-IV,140483,77390,124.53,
244.2304,-3.9533,6.18,0.31,A9Vn,146514,79781,47.62,
249.7196,-60.9903,6.18,-0.08,B7Vn,149485,81507,164.74,
250.2104,-60.4461,6.18,0.48,F2III-IV,149837,81657,30.77,
266.9400,-22.4781,6.18,1.49,G6IbHdel 1,161664,87099,,
268.2650,-10.8997,6.18,1.11,gK1,162757,87540,83.75,
274.9175,-63.8869,6.18,0.58,F9V,167425,89805,22.91,
282.8996,28.7836,6.18,1.18,K1II-III,174881,92550,,
287.8462,40.4292,6.18,0.09,A3V,179583,94280,144.51,
294.6079,-57.9833,6.18,0.97,K0III,184585,96607,147.71,
296.6458,32.8886,6.18,1.13,K3III,187038,97307,112.49,
298.5737,-23.9411,6.18,1.02,K2V,188088,97944,14.22,
302.1304,-10.0628,6.18,0.06,B9.5III,191110,99221,160.77,
305.1267,53.5961,6.18,1.56,K4III,193944,100295,,
307.7421,20.6058,6.18,0.15,A1m,195479,101213,106.04,
307.8379,52.3097,6.18,1.01,K0III,195820,101245,106.72,
324.7342,-79.4425,6.18,0.46,F4IV,204904,106881,60.1,
324.4321,6.6183,6.18,0.02,A2V,205811,106783,78.86,
329.2592,-37.7469,6.18,0.33,F1III-IV,208435,108347,134.95,
332.5792,19.6169,6.18,0.69,G0V,210460,109439,55.52,
344.4196,39.3089,6.18,-0.15,B2IV-V,217101,113371,,
352.2525,-9.2661,6.18,1.44,K0,221081,115906,,
353.6946,38.0239,6.18,1.58,K7III,221776,116365,207.9,
1.8258,-17.3864,6.19,0.14,A6Vn,256,602,160.26,
2.1708,36.6267,6.19,0.48,F8IV,400,699,33.05,
6.6558,-0.0497,6.19,0.9,G8III,2273,2100,149.03,
7.6158,-40.9394,6.19,0.33,F2III,2724,2388,128.7,
16.1150,29.6586,6.19,0.43,F7IV-V,6301,5034,41.98,
18.2479,30.0642,6.19,1.0,G9III+G1V,7229,5679,104.38,
25.9783,-4.7656,6.19,1.54,K0,10658,8094,219.78,
37.3067,23.4689,6.19,0.15,A5m,15385,11578,81.1,
45.5388,-6.4947,6.19,0.6,G0IV-V,18894,14124,32.46,
46.9621,-27.8311,6.19,0.16,A5V,19545,14551,57.64,
54.8558,-10.4372,6.19,1.03,G5,22799,17057,115.21,
59.1579,-9.7508,6.19,0.28,F1V,24832,18455,106.27,
65.7412,59.6164,6.19,,A4V,27402,20456,116.01,
71.6075,-28.0875,6.19,0.19,A3IV,30422,22192,57.47,
75.7100,66.8228,6.19,0.48,dF6,31675,23484,27.95,
76.0900,21.2781,6.19,1.32,K0,32482,23589,188.68,
82.5662,-63.9278,6.19,0.22,F0IV,36876,25781,122.55,
84.4725,-4.8136,6.19,-0.04,B2IV-V,37356,26477,,
85.5483,-30.5356,6.19,0.01,A0V,38138,26862,173.61,
95.9000,-9.8744,6.19,1.84,K5,44816,30407,,
98.3588,-52.3289,6.19,1.09,G8III,47001,31265,186.22,
100.8075,37.1469,6.19,1.03,K0,48073,32190,146.63,
100.7771,3.0333,6.19,1.37,K0,48348,32177,,
111.0717,-22.9128,6.19,-0.09,B8,58346,35920,200.0,
114.6358,-38.7811,6.19,1.02,G8III,61642,37202,120.63,
115.7725,0.1894,6.19,1.02,K0III,62264,37614,138.89,
121.3350,-46.9789,6.19,-0.15,B3Vnp,67341,39584,,
128.2700,-24.6064,6.19,0.27,A8IV,72626,41949,78.25,
129.3629,-4.9336,6.19,1.05,K0,73281,42299,119.9,
134.4250,9.3878,6.19,0.98,G8III,76629,44010,,
142.3179,-38.4039,6.19,0.22,A7Vn,82165,46517,62.34,
144.1929,-52.9442,6.19,1.05,K0III,83465,47172,119.05,
150.7496,-60.1786,6.19,0.17,A6II-III,87436,49233,,
153.8371,-36.5181,6.19,1.06,K0III,89015,50234,112.61,
156.1846,-73.9717,6.19,0.07,A2-3V,90630,50976,135.14,
157.5362,-66.9850,6.19,0.01,B4IV,91272,51425,378.79,
164.8075,-84.5939,6.19,0.11,A1V,96124,53702,109.05,
174.9600,-16.6203,6.19,1.62,M3.5IIIBa0.2Ca1,101370,56899,,
185.5450,24.7739,6.19,-0.01,A0V,107655,60327,100.3,
187.9112,-5.0525,6.19,1.04,gG9,109014,61134,123.3,
190.3933,10.4264,6.19,0.19,A7Vn,110377,61937,68.49,
196.9733,27.5558,6.19,1.36,K4III,114092,64077,119.33,
198.7904,-36.3711,6.19,0.97,K1III,115050,64651,142.45,
199.6442,-51.2861,6.19,0.01,A0V,115529,64933,197.63,
206.3963,-15.7675,6.19,0.05,A2Vn,119786,67139,103.84,
208.4675,-35.3144,6.19,1.02,K1IV-V,121056,67851,64.39,
208.7425,-8.0589,6.19,0.53,F8V+G0,121325,67953,33.82,
214.9204,0.3842,6.19,0.2,A7V,125489,70022,69.98,
216.0763,8.0850,6.19,1.2,K4III,126271,70414,111.48,
230.1733,44.4342,6.19,0.39,F3-4IV s,136751,75093,53.76,
234.3688,-26.2800,6.19,0.01,B7IV,139160,76503,184.16,
238.3450,-62.6069,6.19,1.47,K3III,141585,77817,191.2,
237.9100,-14.1336,6.19,1.0,G8III,141853,77689,212.31,
240.7888,59.4108,6.19,1.58,M1III,144542,78632,271.0,
242.3821,-32.6497,6.19,0.79,K0-2III,144927,79173,105.37,
254.3587,-10.9633,6.19,1.0,G8-K0III-IV,153021,82979,76.92,
256.4525,-44.1050,6.19,0.28,A4III,154153,83650,65.96,
257.7633,24.2378,6.19,0.23,A8V,155514,84054,87.64,
261.2758,-24.2436,6.19,1.1,gK1,157588,85242,130.21,
261.7346,-51.9492,6.19,-0.03,B8-9V,157599,85393,151.75,
265.0492,-2.1525,6.19,1.67,K2.5Ib,160471,86476,166.94,
266.0721,14.4103,6.19,0.21,A3m,161321,86809,144.3,
274.3500,-28.6525,6.19,0.18,A5/7V,167666,89622,121.8,
283.2604,-48.3600,6.19,0.14,A2V,174474,92676,88.81,
283.2483,-46.5858,6.19,0.03,A1IV-V,174500,92669,246.31,
289.4508,2.0317,6.19,0.02,A1Vn,180782,94833,84.46,
291.3575,24.9128,6.19,0.51,F7V,182807,95492,27.74,
301.2908,38.4783,6.19,0.64,G5IV,190771,98921,18.87,
307.7467,36.9358,6.19,1.01,F5Iab,195593,101214,,
308.8842,-16.5258,6.19,0.2,A7V,196078,101608,71.94,
307.2629,83.6256,6.19,0.13,A3/4Vm,197508,101044,84.96,
315.6004,44.7911,6.19,1.69,S4/1III,200527,103828,,
319.3467,42.6833,6.19,-0.11,B7Vn,202862,105101,,
329.0583,-57.8994,6.19,0.21,Am,208149,108281,166.67,
331.5517,45.2486,6.19,0.09,A3V,209993,109121,99.11,
342.1258,-10.5556,6.19,0.28,A9III-IV,215874,112615,115.74,
342.2529,68.5703,6.19,,F5V,216172,112670,62.46,
343.6421,-7.2047,6.19,1.28,K3III,216637,113127,186.92,
351.0325,-18.6875,6.19,1.02,G8III,220465,115528,112.49,
0.1288,59.5597,6.19,1.01,G9III-IV,224784,43,131.06,
13.8112,24.5569,6.20,1.62,M4IIIab,5316,4317,177.3,
20.6542,1.7264,6.20,1.52,K5IIIab,8334,6432,,
22.0954,7.9614,6.20,1.12,K1III,8949,6868,112.49,
50.8242,-7.7942,6.20,0.7,G2V,21019,15776,36.91,
53.4867,-31.0803,6.20,0.48,F5V,22262,16628,42.48,
76.7067,43.1747,6.20,0.43,F2IIp:,32655,23799,,
78.6846,53.2139,6.20,0.07,A0V,33654,24451,,
88.2313,68.4714,6.20,0.95,G9III,38645,27795,127.23,
82.5579,-84.7850,6.20,-0.02,B9.5IV-V,39780,25776,106.95,
90.6408,-14.4972,6.20,0.96,G5,41125,28622,132.98,
97.7921,16.9386,6.20,1.16,K2III,45951,,,
97.7492,-40.9164,6.20,1.4,K3III,46365,31056,178.25,
101.8479,18.1933,6.20,0.07,A2V,49059,32539,132.28,
122.2925,-35.4550,6.20,0.89,G8III,67977,39920,119.47,
123.0554,17.6478,6.20,0.6,G5V,68255,40167,25.57,
132.2058,66.7081,6.20,-0.11,B8V,74604,43266,157.73,
135.2975,-26.6639,6.20,1.13,K1IIICNII,77361,44290,119.47,
141.6188,-40.5019,6.20,0.25,A7III,81780,46297,92.0,
149.2488,-69.1019,6.20,-0.1,B3V,86659,48782,333.33,
150.4188,-53.3644,6.20,-0.13,B2.5V,87152,49137,,
150.4917,-57.3497,6.20,1.12,K1II,87238,49160,230.95,
157.7446,-7.6375,6.20,1.38,K5III+F6V,91106,51490,,
163.6758,25.4908,6.20,0.28,A8V,94480,53355,124.38,
164.9867,77.7700,6.20,0.97,G9III,94860,53761,169.78,
172.9371,14.3644,6.20,0.57,G0V,100180,56242,23.03,
188.9942,-20.5272,6.20,0.33,F0III,109585,61496,77.04,
195.1617,18.3731,6.20,0.42,F6V s,113022,63497,40.83,
199.1192,68.4081,6.20,-0.06,B9.5V,115612,64774,140.45,
202.1933,-69.6281,6.20,0.02,ApSi,116890,65755,214.13,
209.6300,-65.8006,6.20,1.05,K0III,121557,68270,161.81,
210.6325,9.6864,6.20,0.9,F8IV,122563,68594,265.96,
211.5454,-43.0919,6.20,0.98,G8III,123004,68872,172.12,
214.3379,51.3072,6.20,0.04,A2IV,125349,69818,101.63,
219.2492,-12.3053,6.20,0.46,F5V,128429,71469,33.37,
224.9833,-75.0325,6.20,-0.04,B9V,131551,73394,162.34,
228.3983,38.2647,6.20,1.2,gK2,135402,74514,134.59,
229.8817,-37.0967,6.20,0.96,G6III-IV,136014,75003,118.2,
230.3971,-40.7497,6.20,0.07,A1V,136334,75164,97.75,
250.9396,-41.1189,6.20,0.14,A4V,150573,81903,131.93,
268.2196,-41.9967,6.20,0.54,F8IV-V,162396,87523,32.73,
268.7250,-24.8872,6.20,0.04,O7.5II((f)),162978,87706,,
276.9854,-17.8000,6.20,0.01,B8V,169990,90494,173.91,
279.1900,43.2219,6.20,0.24,F0V,172187,91250,125.94,
295.1808,-16.2933,6.20,1.13,K2III+F8V,185644,96808,75.13,
294.8933,45.9581,6.20,0.9,G8-K0II-III,185955,96706,123.46,
295.4667,50.5175,6.20,0.66,G2.5V,186427,96901,21.41,
297.8308,47.3772,6.20,0.36,F2V,188074,97700,66.05,
300.3137,37.0989,6.20,1.31,K0III,189942,98563,307.69,
299.9025,76.4814,6.20,1.61,M3III,190960,98401,161.03,
305.7312,42.9833,6.20,0.95,K0III,194220,100515,101.42,
309.3483,38.3286,6.20,0.99,K0III,196642,101756,100.7,
317.8363,-72.5442,6.20,1.08,K1III,200924,104597,119.76,
324.5121,-64.8242,6.20,0.03,A0-1IV,205417,106818,181.16,
324.3663,44.6967,6.20,0.19,A7III,205939,106752,202.84,
325.1804,54.8722,6.20,1.16,K0III,206509,107041,215.52,
328.6496,-3.3011,6.20,0.48,F5IV,208177,108144,69.69,
345.3779,57.1056,6.20,1.5,K1.5II,217673,113684,,
351.7879,-50.1572,6.20,-0.08,B9V,220802,115759,155.52,
7.7292,77.0194,6.21,0.84,K0IV,2589,2422,39.42,
12.8904,51.5711,6.21,,B9.5V,4881,4023,,
14.0538,57.9967,6.21,1.37,K3III,5343,4383,152.44,
15.6788,-65.4561,6.21,1.64,M2III,6311,4879,246.31,
21.0104,-8.0075,6.21,0.23,F0V,8511,6539,67.43,
26.0746,57.5364,6.21,0.1,A3V,10543,8115,79.18,
30.9275,18.2533,6.21,1.42,gK4,12594,9627,,
34.7954,46.4725,6.21,,A4V,14213,10814,138.5,
38.4175,-20.0019,6.21,1.1,K0,15996,11907,111.98,
39.6538,3.4431,6.21,1.0,G9III,16467,12318,134.05,
43.5271,-50.8714,6.21,1.58,K4III,18265,13518,341.3,
56.9567,-36.1058,6.21,-0.1,B8V,23958,17734,162.34,
67.6596,32.4581,6.21,-0.04,B9.5Vn,28459,21038,94.07,
67.8579,-13.6450,6.21,0.12,A3V,28763,21110,122.55,
78.4996,-14.6067,6.21,0.37,F2III,34045,24394,75.13,
82.5825,4.2042,6.21,1.27,K2IIIe,36217,25785,176.06,
85.8313,23.2042,6.21,-0.06,B2.5Ve,37967,26964,,
85.4229,-16.7256,6.21,-0.13,B3IVp,37971,26821,,
99.6587,1.6136,6.21,0.15,O9.5II,47432,31766,,
101.5504,-37.7756,6.21,-0.13,B4Vne,49336,32434,,
103.6754,-1.7564,6.21,0.56,B3IVe+K2II,50820,33210,,
103.4804,-24.5392,6.21,0.01,A1,50853,33126,144.72,
107.3346,-10.3472,6.21,0.03,O6.5V,54662,34536,,
113.3421,-14.3383,6.21,-0.04,B1V,60325,36736,,
115.8425,22.3994,6.21,0.93,K0III,62141,37636,94.07,
115.7221,-58.2300,6.21,1.05,K0III,62897,37599,193.05,
121.4042,27.5297,6.21,0.01,A0V,66684,39607,,
123.9687,-30.9258,6.21,0.78,G5-8III+G:,69445,40476,107.07,
131.5992,-41.1256,6.21,-0.05,B9Ve,75081,43073,220.75,
131.2721,-58.7250,6.21,-0.09,B7III,75086,42936,,
149.7754,-23.9503,6.21,-0.1,B4Ve,86612,48943,192.68,
151.6975,5.6114,6.21,0.94,K1III,87682,49530,105.93,
161.2650,-59.6842,6.21,0.61,pec,93308,,,
168.7250,-43.7342,6.21,1.61,K4III,97866,54929,,
170.2242,67.1006,6.21,1.01,G8,98499,55412,134.77,
174.9629,-14.4686,6.21,0.0,A1V,101369,56901,183.15,
179.2654,-33.3153,6.21,-0.04,A0V,103789,58272,115.87,
185.1167,-65.8428,6.21,-0.04,B9V,107301,60183,99.01,
187.5121,51.5356,6.21,0.51,F6-8V,108845,60988,45.15,
187.7088,53.0767,6.21,0.54,F8-G0V,108954,61053,21.94,
200.3746,-19.4889,6.21,0.09,A2V,116061,65183,88.65,
205.0650,31.0119,6.21,0.96,G5II:,119035,66690,165.56,
206.1904,-25.5008,6.21,1.38,K0,119623,67071,216.45,
215.8567,-11.7142,6.21,0.99,G7III,126035,70336,101.32,
238.8767,-31.0836,6.21,1.37,K4III,142407,77985,121.36,
240.2238,-40.4353,6.21,0.01,A0V,143248,78445,113.64,
240.9779,-24.7264,6.21,1.38,K0,143900,78699,183.15,
243.1046,67.1442,6.21,0.99,G8III,146603,79414,149.03,
255.4175,75.2972,6.21,,F0IV-Vn,155154,83317,44.92,
258.9646,-30.2106,6.21,-0.03,B9.5V,155940,84445,113.51,
261.1546,-18.4458,6.21,0.03,B9Vn,157546,85195,,
261.7588,-12.5125,6.21,0.51,F7V,157968,85397,45.29,
268.1617,-6.1436,6.21,1.4,F8Ib-G3Ib,162714,87495,,
270.0004,-20.3392,6.21,1.4,K0II-III,164028,88125,,
270.6254,22.9231,6.21,-0.1,B3Vn,164900,88346,207.04,
270.7875,48.4644,6.21,0.03,A2V,165358,88415,161.29,
278.9717,16.9756,6.21,0.53,G2V+G2V,171746,91159,34.21,
282.0113,4.2414,6.21,1.51,K5,173954,92254,,
284.5992,6.2403,6.21,0.46,F5IV,176095,93138,56.69,
297.5904,-61.0614,6.21,-0.14,B5V,186837,97611,,
301.3396,56.3414,6.21,0.43,F4V,191096,98946,52.25,
304.8717,13.2169,6.21,1.63,M1III,193373,100208,,
307.0700,2.9369,6.21,0.9,G8III,194953,100969,139.86,
312.3354,-18.0358,6.21,1.42,K3III,198208,102780,,
312.4963,5.5447,6.21,0.98,K0,198404,102833,151.98,
315.1408,-4.7303,6.21,0.63,G1V,199960,103682,26.46,
318.8113,-40.5064,6.21,1.14,K2III,202135,104925,178.89,
324.9987,-52.3592,6.21,0.6,F7III,205877,106978,193.42,
326.7696,17.1942,6.21,0.34,F3V,207223,107558,50.25,
333.9992,8.5494,6.21,0.02,A1Vn,211287,109939,121.21,
339.9458,19.6811,6.21,0.0,A2V,214698,111884,194.93,
342.5425,50.6769,6.21,1.14,G4Ib,216206,112761,,
345.1579,0.1858,6.21,0.89,G4III,217428,113610,196.08,
345.3483,-7.0611,6.21,1.41,K5III,217531,113674,128.37,
346.9883,64.2225,6.21,1.1,K0,218560,114227,326.8,
358.7825,7.0711,6.21,-0.07,B9V,224103,117927,123.76,
13.1013,-69.5044,6.22,0.56,F7IV-V,5190,4084,61.24,
23.9433,14.6614,6.22,-0.04,B9.5III,9766,7436,,
35.7408,-18.3544,6.22,0.94,G5,14830,11108,118.91,
41.0854,-32.5250,6.22,0.04,A1V,17168,12786,107.07,
44.2108,51.2608,6.22,1.57,K5III,18153,13732,207.04,
58.3042,-18.4344,6.22,0.88,gK+F,24497,18173,214.13,
64.5342,42.1411,6.22,-0.08,B9V,27026,20063,119.19,
69.8462,25.2183,6.22,0.16,A5Vn,29459,21689,111.48,
75.2042,-5.7533,6.22,1.06,K3V,32147,23311,8.81,
82.8371,-6.7083,6.22,-0.17,B2V,36430,25869,,
83.5162,-1.0356,6.22,-0.17,B2.5V,36779,26106,,
85.1554,-2.8250,6.22,-0.2,B1.5V,37744,26713,,
86.7696,-28.6392,6.22,-0.15,B5V,38804,27303,185.19,
89.4758,1.2244,6.22,1.48,M0III,40282,28232,159.24,
90.0792,44.5919,6.22,,K2III+K0III,40325,28438,111.86,
89.5488,-0.9942,6.22,1.14,K0,40347,28252,122.55,
90.0737,-12.8997,6.22,0.36,F0,40745,28434,59.88,
94.7829,-8.5864,6.22,-0.04,B9V,44037,30028,122.4,
96.9858,20.4961,6.22,0.01,A2V s,45394,30769,165.02,
104.6742,-45.7681,6.22,0.0,A0V,52362,33590,130.21,
112.1971,15.1094,6.22,-0.05,B9IV,59059,36340,235.85,
119.3333,-47.8903,6.22,-0.1,B5V,65598,38879,,
120.4613,8.9139,6.22,0.57,G0IV,66011,39271,59.63,
130.7508,46.9011,6.22,0.96,G8III,73971,42777,126.26,
146.4808,-58.7942,6.22,0.46,F5IV,84850,47913,80.91,
154.0129,-59.9033,6.22,0.2,A5V,89263,50287,82.85,
174.6004,-2.4361,6.22,1.12,G9III,101154,56775,114.55,
175.5146,-20.2939,6.22,0.95,K0,101695,57079,71.79,
179.2217,61.5492,6.22,0.96,G8III,103736,58259,187.62,
180.7150,-7.6836,6.22,1.49,K5,104625,58741,217.86,
182.1025,-60.8472,6.22,1.74,K3-4II,105437,59200,,
183.5700,-64.4086,6.22,0.12,B1.5Ia,106343,59678,,
184.0979,-72.6147,6.22,-0.01,A0V,106676,59851,102.25,
186.9650,-4.6153,6.22,0.44,A8n,108506,60813,91.74,
187.1063,-61.7953,6.22,1.26,K2III,108530,60861,151.52,
188.8708,-61.8419,6.22,0.73,G3III,109492,61443,46.34,
198.2121,-42.6997,6.22,1.06,K0III,114707,64472,193.05,
200.7862,-33.1900,6.22,1.65,M1III,116278,65311,224.22,
214.2658,-18.5853,6.22,0.98,G5,124990,69792,117.23,
215.7783,25.3381,6.22,0.37,F5V,126141,70310,35.71,
220.4821,-58.6161,6.22,0.45,F4V,128917,71861,44.29,
225.4921,-34.3589,6.22,0.24,A8IV,132763,73559,120.48,
232.6513,-20.7283,6.22,0.17,A5m,138105,75939,71.79,
232.9308,-20.1647,6.22,0.22,A8V,138268,76033,73.26,
233.0404,16.0561,6.22,-0.05,B9V,138527,76069,132.28,
258.0825,-70.7211,6.22,1.06,K1IVCNIII,154556,84158,69.93,
267.0842,3.8042,6.22,0.16,B9.5V,161941,87150,,
275.7621,16.6881,6.22,1.2,K0,169223,90086,151.98,
278.2538,-39.8922,6.22,0.42,F5IV,170773,90936,36.08,
278.6300,-52.8919,6.22,1.25,K2III,170873,91062,168.63,
281.3487,-56.8817,6.22,1.38,K3III,172781,92021,210.08,
284.0946,-1.8000,6.22,-0.05,B9III,175640,92963,161.03,
283.4429,57.4869,6.22,1.23,gK5,175823,92731,193.42,
284.6942,40.6792,6.22,-0.16,B3V,176502,93177,290.7,
283.3883,75.7875,6.22,,A1V,176795,92717,268.82,
289.7550,37.4453,6.22,-0.03,A0III,181470,94932,203.25,
295.8108,58.0164,6.22,0.56,G0V,186760,97033,44.98,
303.0996,-42.7806,6.22,1.23,K1III,191584,99570,105.49,
302.7646,21.1347,6.22,0.9,K0,191814,99445,157.73,
304.3813,29.1481,6.22,1.01,G9III,193094,100018,112.61,
306.5967,17.3156,6.22,1.01,K0,194688,100807,249.38,
309.9642,-62.9078,6.22,1.1,K1III,196317,101965,130.55,
309.3263,0.0969,6.22,-0.08,B8IIIp,196426,101746,197.24,
309.8050,-2.4128,6.22,-0.1,B7IIIne,196712,101921,,
310.4925,17.5214,6.22,0.94,G8III,197249,102158,132.63,
325.8062,-19.6208,6.22,0.27,A3m,206546,107238,110.38,
329.7292,-4.3731,6.22,1.0,K2V,208801,108506,36.01,
335.9758,38.5736,6.22,0.49,F5IV:,212487,110566,52.19,
0.3304,49.9817,6.22,0.97,G7II-III,224870,106,222.22,
2.2175,25.4628,6.23,0.97,K0III,417,716,128.53,
5.6062,13.4825,6.23,1.22,K3III,1796,1772,167.22,
14.5933,-60.6964,6.23,0.1,Am,5771,4563,170.94,
20.1437,-3.2469,6.23,1.02,K1III,8120,6283,162.07,
30.7937,73.8506,6.23,,A5III,12173,9586,111.36,
32.8542,31.5264,6.23,0.11,A1m,13372,10220,147.93,
37.7267,17.7039,6.23,0.9,G5III-IV,15596,11698,96.15,
54.9096,-3.3931,6.23,1.04,G5,22798,17086,102.77,
63.3950,10.2122,6.23,0.05,B8Vn,26676,19720,154.08,
65.8996,42.4281,6.23,0.0,A1pSi,27650,20498,169.49,
66.7529,2.0794,6.23,1.09,K1III,28191,20771,121.07,
74.3217,-1.0672,6.23,0.42,F2,31623,23041,83.96,
81.5100,-5.5183,6.23,-0.06,B9.5Vn,35640,25401,204.5,
85.3346,53.4811,6.23,0.84,K1V,37394,26779,12.24,
91.3917,33.5992,6.23,-0.08,B9pSi,41269,28861,,
97.1167,16.2383,6.23,0.9,G5,45506,30815,64.56,
104.4267,-27.5375,6.23,-0.14,B2.5V,51823,33492,,
104.3233,-35.5075,6.23,0.46,F8IV-V,51825,33451,43.2,
107.5387,-18.6853,6.23,0.4,F0,54958,34617,49.8,
110.5771,-2.9789,6.23,0.68,F5,57708,35737,181.16,
117.3692,-13.3533,6.23,-0.09,B8III,63655,38184,,
118.9200,35.4128,6.23,0.28,A3IVp:,64491,38723,60.42,
121.6146,-9.2450,6.23,-0.07,B9V,67159,39675,243.31,
122.7450,14.6294,6.23,0.02,A1V,67959,40058,178.25,
133.1192,28.2592,6.23,1.62,M3III,75716,43575,,
146.3783,78.1347,6.23,1.35,K2III,83550,47884,310.56,
158.5538,-60.9878,6.23,1.4,K2-3III,91767,51732,254.45,
165.6017,-26.8314,6.23,0.31,F1V,95698,53963,53.08,
181.4863,-35.6939,6.23,-0.08,B8V,105078,59008,223.21,
181.5825,-68.6508,6.23,1.24,G3Ib,105138,59046,,
182.8808,-51.3594,6.23,0.82,G6III+G:,105920,59439,53.39,
184.6317,30.2492,6.23,0.3,A9.5III,107054,60018,55.37,
205.1629,28.0653,6.23,1.28,K3III,119081,66725,117.1,
210.2937,27.3867,6.23,0.17,A7III,122405,68478,104.28,
222.2788,-56.6678,6.23,1.13,K1III,130227,72471,95.69,
235.2429,-47.7356,6.23,1.63,K5-M0III,139599,76809,,
245.6621,-2.0797,6.23,0.07,B9V,147550,80227,124.84,
250.7642,-46.0706,6.23,0.85,F5Iab,150421,81847,,
266.4179,31.5047,6.23,0.0,A0Ib,161695,86925,,
280.4650,-23.8333,6.23,0.23,Am,172546,91689,63.65,
281.2308,54.8967,6.23,0.82,G5III,173920,91985,296.74,
285.5362,-41.9100,6.23,0.0,A0V,176425,93470,108.11,
287.0150,21.6989,6.23,0.4,F3V,178476,93975,43.8,
295.4896,40.2539,6.23,0.18,A6V,186307,96907,83.33,
298.0908,18.6719,6.23,0.01,O7.5Iaf,188001,97796,,
305.0633,39.4033,6.23,0.06,A1V,193702,100268,108.93,
314.0708,56.8875,6.23,-0.18,B2.5IV,199661,103346,243.9,
333.6608,-41.3817,6.23,0.65,G5V,210918,109821,22.13,
338.9704,-57.8836,6.23,0.2,A5V,213884,111548,67.61,
339.5925,-7.8978,6.23,0.78,G0III+F0V,214448,111761,140.85,
355.1692,36.7208,6.23,0.39,F1V,222451,116824,44.19,
3.7338,22.2842,6.24,-0.01,A1pSi,1048,1193,108.93,
19.2650,-66.3981,6.24,0.05,A0V,7916,5992,103.2,
24.4071,-9.4039,6.24,0.53,F7V,10009,7580,38.24,
28.7242,40.7019,6.24,1.25,K2,11613,8922,105.82,
38.4775,-51.0936,6.24,0.52,F6V,16170,11925,53.42,
44.1033,64.3325,6.24,2.03,K3Ib,17958,13700,,
52.3592,46.9378,6.24,0.13,B7V,21455,16252,176.68,
67.5404,-13.5922,6.24,1.0,G5,28625,20997,132.63,
75.5000,1.6089,6.24,-0.04,B8V,32273,23419,,
82.4192,29.1864,6.24,0.45,F6III,35984,25730,88.97,
83.8437,-4.4253,6.24,-0.15,B2.5V,37016,26234,,
90.7296,32.6358,6.24,0.42,F4V,40832,28644,49.95,
94.6688,9.0472,6.24,0.87,K0,43821,29982,106.16,
95.9417,-15.0717,6.24,1.53,K2,44891,30420,,
96.3671,14.7219,6.24,2.34,C5II,44984,30564,,
99.4788,73.6956,6.24,0.38,F2,45947,31703,35.56,
98.1954,-11.1664,6.24,1.11,G9.5III:Ba3,46407,31205,121.21,
103.3437,10.9964,6.24,0.97,K0III,50371,33082,127.71,
109.5171,30.9558,6.24,-0.03,A0Vn,56386,35345,187.62,
111.2113,-19.0122,6.24,0.29,A2Ib,58439,35975,,
112.7129,-5.2264,6.24,1.18,K0,59669,36526,,
115.1971,13.7708,6.24,,K0,61630,37404,,
128.1396,53.1147,6.24,1.01,K0IV,71952,41894,60.06,
128.3408,36.4364,6.24,0.36,F5Vb vw,72291,41975,37.31,
128.3767,-46.9711,6.24,1.56,K3III,72900,41986,,
142.4579,-23.3453,6.24,1.57,K0,82180,46569,,
143.3338,-7.1900,6.24,1.17,K0,82674,46893,129.03,
145.4104,25.9128,6.24,1.25,gK2,83821,47550,165.84,
147.6254,4.3436,6.24,0.48,F7Vn,85217,48273,45.91,
148.6321,-22.4883,6.24,0.04,A2,85905,48584,140.25,
152.0662,31.6042,6.24,0.45,F4V,87822,49658,63.29,
152.4854,-12.0958,6.24,0.18,A5m,88182,49802,79.55,
160.6304,-13.9750,6.24,1.54,K2,92770,52391,226.24,
172.9483,-20.7767,6.24,0.54,F7IV,100219,56245,39.53,
186.6008,71.9297,6.24,1.06,gG8,108399,60699,119.33,
188.4475,33.3847,6.24,1.05,K0III,109345,61320,114.81,
192.5817,-48.4597,6.24,0.05,A0V,111519,62655,175.13,
193.1025,-53.8294,6.24,1.13,G8Ib-II,111790,62821,,
210.9825,4.9008,6.24,0.39,F4V,122797,68707,62.85,
213.3050,-26.6122,6.24,1.08,K0III,124281,69458,,
213.5979,41.5189,6.24,1.04,gK3,124755,69569,44.64,
234.0475,-33.0928,6.24,,B8V,138923,76395,112.49,
236.6892,-6.1203,6.24,1.17,K0,140986,77287,,
250.2979,-1.0006,6.24,0.3,A7III,150451,81687,47.13,
262.0321,-63.0364,6.24,-0.09,B7-8V,157524,85480,239.81,
265.5163,-50.5106,6.24,1.76,M3+II-III,160342,86628,,
265.8417,14.2950,6.24,0.42,F5II,161149,86732,113.9,
267.5437,78.3067,6.24,1.44,K5,164428,87293,273.22,
285.4075,-22.6956,6.24,1.66,K5,176537,93423,,
298.6683,-61.1708,6.24,0.16,A4V,187653,97971,93.28,
313.6458,-50.7278,6.24,-0.12,B5IV,198766,103206,,
353.4279,45.0581,6.24,0.98,G8II,221661,116292,168.07,
355.4771,57.2600,6.24,,G8III,222618,116912,271.74,
357.3817,-15.8611,6.24,1.22,K2IIIbFe-0.5,223428,117494,130.21,
358.3367,-24.2292,6.24,0.19,A3Shell,223884,117797,91.91,
0.8571,63.6419,6.24,0.33,B3Ia,225094,274,,
3.5096,33.2061,6.25,-0.01,A1V,952,1123,89.85,
19.0562,87.1453,6.25,1.12,gK2,6319,5928,99.9,
17.0054,32.0122,6.25,0.4,F5IV,6680,5319,41.89,
19.5425,47.4197,6.25,1.35,K0,7758,6087,,
26.1921,57.0892,6.25,0.04,A2V,10587,8148,171.82,
36.3167,56.6100,6.25,0.31,B2Ia,14818,11279,,
37.5692,33.8339,6.25,1.07,K1III,15464,11651,113.77,
39.2767,32.8919,6.25,0.48,F8V,16220,12200,55.22,
40.0654,6.1119,6.25,0.4,F3V:,16647,12447,39.62,
41.7429,35.9836,6.25,0.93,G8III,17228,12982,126.1,
42.3783,57.0842,6.25,0.89,A5Ia,17378,13178,,
45.4679,5.3361,6.25,1.05,K0,18832,14104,151.06,
49.0079,34.6886,6.25,0.28,A1m,20210,15204,66.84,
48.7508,-26.1003,6.25,0.04,A5V,20293,15125,168.07,
53.6558,-9.8686,6.25,0.02,A2V,22243,16677,158.98,
56.9537,32.1950,6.25,0.47,G0,23626,17732,55.8,
58.0179,31.1683,6.25,0.2,A5V,24167,18094,126.1,
63.4579,12.7533,6.25,1.16,K0,26703,19736,110.01,
68.3871,18.0167,6.25,0.07,B9IVn,28867,21251,129.7,
70.9342,-41.0647,6.25,1.46,K3-4III,30202,21998,200.0,
77.7417,-2.2539,6.25,0.98,K1-IVa,33555,24130,48.4,
81.5238,16.7003,6.25,-0.08,B2Vn,35532,25410,,
85.8758,-39.4069,6.25,0.37,F3V,38385,26981,53.39,
87.8571,32.1250,6.25,1.75,M3III,39045,27661,177.94,
89.3958,66.0961,6.25,1.36,K0,39429,28205,130.89,
94.2446,23.7408,6.25,0.45,B3Ib,43384,29840,,
96.3746,-35.0639,6.25,1.36,K3III,45383,30566,155.28,
118.6221,47.3861,6.25,1.15,gK2,64106,38623,188.68,
120.2000,19.8161,6.25,1.11,K1III,65735,39180,105.82,
119.2113,-59.1264,6.25,2.08,M0III,65750,38834,296.74,
131.5288,-11.0064,6.25,1.61,K5III,74860,43035,,
132.6342,33.2853,6.25,0.49,F7Vn,75332,43410,28.69,
133.2746,59.0561,6.25,,F5IV-V,75487,43624,61.77,
134.8154,-28.8061,6.25,1.0,G8III,77087,44130,144.72,
138.8108,-45.5556,6.25,-0.08,B8V,79900,45413,,
143.4963,23.4539,6.25,1.46,gK7,82670,46938,156.01,
152.8242,-7.3167,6.25,0.01,A2Vn,88372,49900,148.37,
153.7821,59.9856,6.25,1.6,M0III,88651,50222,,
153.3308,-27.0289,6.25,0.31,A9mA8-F3,88699,50066,125.31,
161.5700,-60.6033,6.25,0.04,A0IV,93502,52679,111.98,
171.9737,-1.7000,6.25,1.04,gK2,99651,55941,160.0,
186.1863,-41.3842,6.25,1.18,K2-3III,107998,60549,,
189.7187,-67.1931,6.25,0.06,B1Ia,109867,61703,,
193.4571,12.4186,6.25,0.27,A7III,112097,62933,60.98,
198.1058,80.4714,6.25,0.94,K0Ib,115337,64437,210.53,
214.1367,20.1214,6.25,0.49,F8V,125040,69751,32.27,
220.5133,61.2619,6.25,0.41,F2V,129798,71876,42.61,
233.0183,-38.6231,6.25,0.2,A7V,138204,76063,53.65,
235.0433,12.0531,6.25,0.94,G7.5IIIaFe-0.5,139862,76733,,
240.7183,-62.5417,6.25,-0.04,B9.5V,143238,78603,103.95,
242.0204,17.0544,6.25,1.14,K1III,145000,79045,,
243.2354,-4.2208,6.25,0.13,A1V,145788,79463,170.94,
247.7617,35.2250,6.25,1.64,K5,149084,80888,,
253.5442,-1.6122,6.25,0.28,F0V,152569,82693,72.99,
259.1483,-74.5331,6.25,-0.01,A0V,154972,84510,99.4,
275.3808,-24.9150,6.25,1.84,M5III,168574,89980,,
279.8879,40.9350,6.25,-0.06,B9V,172671,91491,247.52,
282.4046,0.8358,6.25,0.04,A1V,174240,92386,176.37,
287.4408,65.9786,6.25,0.0,A0V,179933,94140,98.52,
288.8883,-24.1792,6.25,0.54,F9V,179949,94645,27.05,
289.1367,-33.5217,6.25,0.02,G0Ipe(C1 0),180093,94730,,
291.0921,16.9378,6.25,0.08,A2III-IV,182490,95398,108.93,
292.3250,0.2461,6.25,1.32,K2,183387,95812,184.84,
292.6954,36.2286,6.25,-0.04,B9.5III,183986,95953,232.56,
294.9250,-45.2781,6.25,0.28,F2IV,185139,96721,99.5,
297.2296,-52.8881,6.25,1.13,K1III,186756,97491,240.96,
297.8238,9.6303,6.25,0.1,A1m,187753,97697,116.55,
306.7208,-37.4031,6.25,0.97,K2IV-V,194433,100852,39.67,
307.0312,8.4375,6.25,1.08,G9III,194937,100953,100.1,
309.4775,18.2692,6.25,1.48,M6III,196610,101810,109.17,
314.9004,-19.0353,6.25,-0.13,B9pSi,199728,103616,131.93,
315.7925,-27.7319,6.25,0.95,K0III,200245,103902,,
315.7625,1.5319,6.25,0.48,F5V,200375,103892,65.92,
317.3875,-20.5564,6.25,0.38,F1IV,201352,104452,53.85,
323.3246,45.8542,6.25,1.81,K1Ib,205349,106420,,
324.3908,-0.3903,6.25,0.06,A2V,205765,106758,122.25,
341.3675,19.3667,6.25,1.05,gG6,215510,112358,107.64,
351.8117,1.1225,6.25,1.02,G7III,220858,115768,124.84,
352.3838,-4.5328,6.25,1.09,K3III,221148,115953,48.92,
0.4325,42.3672,6.25,-0.03,B9IIIpHg:Mn:,224906,137,,
0.7400,-20.0461,6.25,0.53,F6V,225045,238,61.88,
1.2333,26.6489,6.25,1.4,K4IIIb,225276,399,187.27,
7.2358,36.9000,6.26,0.92,G5III,2507,2270,142.25,
7.1796,-50.5328,6.26,1.09,K0III,2529,2256,116.55,
19.1279,79.9100,6.26,0.42,F5V s,7238,5947,72.25,
21.1746,-44.5283,6.26,1.14,K1II,8681,6595,187.97,
28.2117,51.4747,6.26,,A3V,11335,8771,151.75,
28.7396,37.1283,6.26,1.17,K0,11624,8930,161.03,
40.8608,-66.7144,6.26,0.53,F5V,17326,12717,54.47,
43.3383,48.5694,6.26,1.18,G5I,17818,13462,,
47.8200,-16.0253,6.26,1.2,K0,19887,14814,165.29,
61.4854,-8.8561,6.26,0.06,A3V,25910,19121,81.57,
67.8500,40.0103,6.26,0.04,B8V,28503,21108,,
72.0292,55.6025,6.26,,F0,30144,22300,51.02,
72.4258,-13.7697,6.26,0.44,F5V,30743,22439,35.36,
84.3175,66.6961,6.26,,A8Vn,36496,26410,79.37,
84.0429,-28.7078,6.26,0.13,A2/3III/V:,37286,26309,56.56,
96.0096,8.8847,6.26,-0.08,B8Vn,44783,30448,,
103.2817,44.8394,6.26,0.21,A8Vn,49949,33056,110.13,
103.5096,-50.6117,6.26,0.99,K0-1III,51266,33139,53.68,
104.9138,-21.6033,6.26,-0.15,B2-3IV-V:,52273,33666,,
113.3063,-40.0589,6.26,-0.12,B8IVpSi,60559,36728,206.19,
121.7913,43.2603,6.26,-0.02,A1V,66824,39722,144.93,
122.4487,-42.6406,6.26,-0.04,B7V,68242,39974,,
133.8304,-45.0417,6.26,-0.16,B3IV,76566,43807,286.53,
142.3850,-4.2472,6.26,0.84,G6IV,82074,46543,54.38,
146.7779,-65.0725,6.26,0.08,B7III,85124,,,
160.3508,-1.7417,6.26,0.88,K1IV,92588,52316,34.39,
161.0808,-70.8600,6.26,0.2,A5IV-V,93344,52520,106.04,
176.3025,-49.0697,6.26,1.17,K1III,102150,57322,159.74,
177.0979,-10.3133,6.26,0.58,F7V,102574,57587,42.57,
179.1829,-47.0725,6.26,0.4,F5V,103746,58242,54.0,
183.8771,-41.9131,6.26,1.01,K0III,106572,59785,106.5,
186.7008,-48.9133,6.26,0.68,G3-5V,108309,60729,26.67,
188.2621,10.2956,6.26,0.95,G8III,109217,61246,144.51,
188.3433,-19.7919,6.26,0.29,F2V,109238,61270,132.63,
189.9817,-66.5117,6.26,-0.05,B8V,110020,61796,108.34,
191.8892,-6.3019,6.26,0.55,F7V,111199,62421,66.27,
193.5546,33.5344,6.26,0.2,A7IV,112171,62972,74.46,
196.2004,-41.1967,6.26,1.68,M3-4III,113523,63820,,
200.1733,2.9417,6.26,0.1,A3V,115995,65119,125.47,
210.9033,7.5464,6.26,0.94,G9III,122744,68687,132.63,
218.4096,79.6603,6.26,1.3,K3III,129245,71196,141.44,
238.9158,18.6206,6.26,-0.11,B8III,142763,77995,,
250.1437,-20.4086,6.26,1.08,gG9,150259,81632,130.04,
255.4633,-18.8856,6.26,1.38,K0III,153727,83331,138.12,
264.3617,-38.0656,6.26,1.25,G2Ib,159633,86246,,
264.7854,2.0281,6.26,1.03,K0III+F4IV,160315,86391,118.76,
270.2383,15.0933,6.26,0.69,G5IV,164507,88217,45.05,
290.4046,-19.2342,6.26,-0.1,B5V,181558,95159,208.33,
289.9021,54.3761,6.26,0.03,A1V,181960,94974,137.93,
295.0763,-54.4175,6.26,1.0,K0III,185075,96781,113.38,
296.1421,13.3028,6.26,-0.03,B9III-IV,186547,97139,248.14,
301.8963,-55.0164,6.26,0.53,F8V,190422,99137,23.21,
301.1858,63.8906,6.26,0.1,A2II-III,191174,98872,78.49,
302.8379,21.8756,6.26,-0.02,B1Ibe,191877,99479,,
336.4196,18.4444,6.26,1.22,K0,212670,110696,174.22,
346.9488,63.6333,6.26,-0.02,B3V,218537,114212,,
354.4158,16.8256,6.26,0.0,A1V,222098,116592,111.48,
355.3621,49.5122,6.26,0.19,A4V,222570,116876,238.66,
359.2846,-26.6236,6.26,1.45,K3III,224350,118076,,
359.5883,-15.8475,6.26,1.08,K0II-III,224481,118178,149.03,
12.2363,-46.6978,6.27,0.9,G8III,4737,3807,119.05,
13.4483,52.6892,6.27,0.19,A5m,5128,4212,85.32,
13.7717,48.6786,6.27,1.68,M2.5IIIa,5273,4298,246.31,
21.7758,34.3775,6.27,0.46,F7IVb vs,8774,6776,42.64,
26.2325,20.0831,6.27,0.75,G3Va,10697,8159,32.56,
47.0883,18.7950,6.27,1.58,M0III,19460,14586,174.83,
48.2563,-35.9439,6.27,-0.08,B8V,20144,14972,147.06,
54.8533,75.7397,6.27,0.97,G9III-IV,21970,17056,131.58,
65.1612,-6.2456,6.27,0.91,G8IV:,27536,20263,63.17,
76.2525,-54.4075,6.27,1.54,M2III,33116,23653,214.59,
76.5387,-73.0378,6.27,-0.01,A1V,33875,23737,129.87,
78.8654,22.2847,6.27,0.08,A2V,34053,24512,201.61,
81.1925,-52.3164,6.27,0.07,A0V,35860,25303,163.67,
83.4083,34.7258,6.27,0.15,A3IV,36499,26071,125.16,
83.9813,27.6622,6.27,1.54,K0,36859,26291,,
92.1442,-44.3561,6.27,-0.15,B8II,42448,29129,230.41,
92.4467,-26.7008,6.27,1.01,G8-K0III,42486,29233,133.51,
96.6871,-7.5114,6.27,-0.04,A0Vn,45380,30675,125.47,
95.7554,-63.6831,6.27,1.6,M1III,45461,30352,327.87,
96.2317,-63.8278,6.27,-0.13,B6V,45796,30524,217.86,
101.0483,53.2964,6.27,1.08,K0,47979,32261,75.36,
104.3571,11.9075,6.27,0.34,F2Ib-II,51330,33465,,
104.6625,7.6219,6.27,0.11,A3V,51693,33584,73.05,
104.6650,-55.7294,6.27,1.16,K2III,52603,33588,85.91,
105.1775,-28.4894,6.27,0.45,F5V,52619,33760,68.17,
114.0692,-8.3114,6.27,1.54,K2,60853,37000,190.11,
114.5604,24.3603,6.27,,F0,61035,37165,47.01,
122.3462,42.4306,6.27,1.27,gK3,67370,39938,187.97,
122.1767,13.6408,6.27,0.43,F3V,67483,39874,85.32,
124.5658,54.1436,6.27,1.54,K5,69149,40677,,
135.5267,-39.4025,6.27,1.0,K1III-IV,77580,44367,109.53,
142.2592,-1.2569,6.27,0.27,F0Vn,81980,46504,91.24,
142.8871,-66.7194,6.27,1.35,K1III,82858,46737,215.52,
148.7642,61.1161,6.27,1.05,K0,85583,48638,119.19,
151.3133,-36.3839,6.27,1.11,K1III,87606,49418,129.37,
152.1479,-15.6117,6.27,-0.01,A0V,88025,49689,177.3,
155.8046,-30.1622,6.27,0.31,F0III,90071,50868,53.68,
155.9183,-41.9533,6.27,0.88,G8IV,90170,50903,71.17,
161.0604,19.7586,6.27,0.17,A5V,92941,52513,65.06,
161.1104,-72.4439,6.27,0.49,F6V,93372,52535,31.96,
169.2992,-38.0144,6.27,0.1,A3Vn,98161,55130,71.63,
169.9013,-75.1425,6.27,-0.03,B9.5-A0V,98672,55308,163.13,
174.6342,33.6256,6.27,1.32,K2III,101151,56784,194.55,
175.4317,55.1725,6.27,1.49,K5,101604,57045,,
177.7892,33.3750,6.27,0.32,Am,102942,57805,63.01,
181.1171,85.5872,6.27,0.59,F6V,104904,58874,76.28,
184.8296,23.0347,6.27,0.17,A5III vs,107168,60087,87.49,
192.1742,48.4669,6.27,0.18,A6m,111421,62516,142.05,
204.9200,-39.7481,6.27,1.66,M4III,118781,66645,,
210.5508,45.7536,6.27,1.32,K2III,122675,68567,166.94,
215.8137,1.2417,6.27,0.63,G1V,126053,70319,17.6,
216.3717,38.3931,6.27,1.23,gK2,126597,70517,191.57,
217.9283,60.2256,6.27,0.24,F0III,127929,71040,127.71,
226.5579,-36.2642,6.27,1.65,K5III,133550,73901,,
231.4721,19.4808,6.27,0.6,G0IV-V,137510,75535,41.75,
254.2667,-19.5400,6.27,0.07,B6V+B7V,152909,82951,,
259.8762,-50.0633,6.27,0.41,F8III+B9V,156331,84759,55.71,
276.2437,27.3953,6.27,0.05,A0V+A4V,169718,90256,118.91,
280.5587,-81.8078,6.27,-0.13,B8V,169904,91723,169.78,
277.0258,-26.7572,6.27,0.16,A3/4V,169938,90510,82.64,
289.1187,-69.1906,6.27,0.17,A6IV-V,179009,94724,189.75,
288.8304,50.0708,6.27,,G8III,180756,94623,105.04,
293.8900,-12.2528,6.27,1.09,K0,184574,96365,106.27,
295.9150,57.0425,6.27,0.88,K2III,186815,97070,77.64,
303.1467,0.8675,6.27,0.02,B9pCrEu:Sr:,191984,99585,,
304.7625,-63.2311,6.27,1.04,K0III,192531,100165,136.61,
304.0142,38.8978,6.27,0.01,A1V,192934,99893,125.63,
305.1346,-55.0508,6.27,1.59,M0-1III,193002,100300,,
305.4208,-49.9994,6.27,0.55,G0V,193307,100412,32.43,
307.5029,72.5317,6.27,1.35,gK4,196142,101134,209.21,
311.7650,-2.4867,6.27,1.55,K2,197954,102561,,
311.9700,52.4072,6.27,0.89,G7IV,198387,102642,41.88,
317.6954,-9.3539,6.27,1.16,K0III,201567,104557,106.27,
318.3700,15.9825,6.27,0.24,A7Vn,202128,104771,89.53,
331.4633,48.2317,6.27,-0.06,B2V,209961,109082,,
332.5879,-3.8942,6.27,-0.01,A1Vnn,210419,109442,111.11,
12.3892,-23.3617,6.28,0.13,A3V,4772,3858,,
23.1512,-49.7278,6.28,0.46,F4V,9544,7189,80.58,
31.6221,0.0350,6.28,0.9,K0,12923,9827,167.22,
35.9658,55.3644,6.28,0.86,F7Ib,14662,11174,,
47.1612,8.4708,6.28,1.06,G9III,19525,14607,143.47,
51.8279,12.7350,6.28,-0.02,A0V s,21379,16095,104.38,
62.3650,59.9081,6.28,1.14,G8IIa,25877,19412,,
73.2729,-72.4075,6.28,0.52,F6V,31975,22717,32.53,
81.1596,31.2239,6.28,1.24,K1III,35238,25290,228.31,
88.8975,-4.7883,6.28,0.06,A2III,39927,28019,98.33,
100.3408,16.3975,6.28,-0.01,A1V,47863,32020,240.96,
102.0512,55.7044,6.28,0.47,dF5,48766,32609,47.04,
107.0554,33.8322,6.28,1.34,K1,53899,34428,,
113.5212,10.5683,6.28,-0.01,A1V,60275,36796,128.87,
113.6646,-51.4747,6.28,0.08,A1III-IV,61031,36856,408.16,
120.3812,-55.4550,6.28,-0.15,B4V,66607,39238,204.92,
122.1021,-63.8011,6.28,-0.06,B6Ve,68423,39843,239.81,
128.4379,13.2572,6.28,1.17,K0III,72505,42010,93.72,
139.8858,-55.1867,6.28,-0.1,B5V,80781,45742,,
141.4342,63.9408,6.28,1.46,K2III,80953,46247,248.14,
149.1938,-26.5503,6.28,0.22,A4V,86266,48763,69.49,
153.0121,-28.6064,6.28,0.01,A1V,88522,49967,156.25,
159.0892,36.3269,6.28,0.39,F3V,91752,51914,46.3,
161.2892,2.4881,6.28,1.21,K4III,93102,52584,,
172.4312,56.7375,6.28,0.15,A4m,99859,56083,67.89,
180.1771,-21.8372,6.28,1.22,K0IV,104307,58574,163.13,
183.8346,87.7000,6.28,0.35,F2V,107192,59767,46.55,
197.4250,38.5339,6.28,-0.12,B7III,114376,64217,,
198.3617,-18.8267,6.28,0.09,B9III,114846,64520,,
201.8367,-49.3808,6.28,-0.12,B3IV,116862,65630,,
211.1125,-14.9717,6.28,1.08,G6III,122837,68763,144.93,
211.1562,2.2975,6.28,1.02,K0,122910,68776,122.1,
221.3071,32.7883,6.28,1.58,M1IIIb,130084,72124,,
227.3563,-63.6428,6.28,0.06,A0pSrCrEu,133792,74181,170.36,
228.7113,-5.5028,6.28,1.47,K2,135367,74623,,
229.5392,-41.0608,6.28,0.18,Am,135730,74875,80.32,
230.1696,-67.4814,6.28,-0.09,B3V,135737,75091,,
230.5967,12.5675,6.28,-0.02,A0V,136831,75230,136.43,
254.3792,25.3528,6.28,0.9,gG5,153287,82987,170.36,
256.2721,-45.5017,6.28,0.07,A2V,154025,83594,97.85,
261.1129,36.9519,6.28,0.88,G5III+F0V,157910,85181,209.64,
263.8954,-59.8461,6.28,-0.08,B5II-III,158895,86088,,
265.1717,31.2875,6.28,1.05,K0III,160822,86506,123.61,
270.3462,-17.1569,6.28,1.8,K3III,164358,88258,,
271.7975,-21.4439,6.28,0.12,B0.5Ib,165516,88760,,
277.5596,-5.7242,6.28,0.95,G8II-III,170547,90692,177.62,
279.9650,7.3583,6.28,0.96,G8III,172424,91523,149.7,
283.0296,41.3833,6.28,-0.09,B9IIIpSi,175132,92599,374.53,
295.9829,27.1356,6.28,1.1,B7V+G1:III,186518,97091,,
299.7350,-30.5381,6.28,1.05,K1III,188981,98351,65.7,
301.2221,68.0272,6.28,1.65,M3IIIa,191372,98890,342.47,
310.3504,-26.0000,6.28,1.22,K2III,196947,102094,197.63,
312.9096,-62.4292,6.28,0.15,A2-3IV-V,198160,102962,73.15,
324.7754,-33.6792,6.28,0.92,G8IV,205872,106907,45.13,
326.6000,25.5633,6.28,1.21,K3III:,207134,107502,114.68,
330.5496,-17.9036,6.28,1.01,gG7,209240,108784,84.82,
339.1221,-40.5828,6.28,0.12,A3Vn,214085,111594,69.4,
341.8296,-34.1611,6.28,1.16,K1III,215669,112501,98.23,
344.3867,3.8103,6.28,1.12,K1III,217019,113360,141.24,
345.3458,-22.7908,6.28,0.13,A5V,217498,113673,100.3,
358.2700,2.0906,6.28,-0.01,A1V,223855,117774,141.64,
1.2658,-0.5031,6.29,1.1,gG9,6,417,143.88,
15.8233,-29.5258,6.29,0.93,G5IV,6269,4932,111.98,
17.3012,80.0117,6.29,,sgG6,6473,5412,143.47,
20.9062,34.2458,6.29,0.83,G8IV,8375,6512,58.89,
33.3383,74.0278,6.29,0.91,G8III,13222,10350,134.41,
44.3046,-29.8553,6.29,0.47,A2-3V:+G:,18466,13768,144.51,
52.8725,49.2097,6.29,0.09,A0Vn,21620,16424,143.47,
54.1250,-78.3231,6.29,1.15,K2III,23474,16827,243.9,
66.0508,-57.0714,6.29,0.66,G4V,28255,20552,27.09,
75.0550,-78.3003,6.29,1.51,K5-M0III,33519,23251,328.95,
82.6808,22.4625,6.29,1.18,K0,36160,25806,121.07,
86.8112,42.5267,6.29,1.35,K0,38358,27319,220.75,
87.7350,51.5147,6.29,1.05,K1III,38765,27625,86.06,
97.5125,-65.5683,6.29,0.33,F0III,46730,30973,97.37,
100.5683,-38.3986,6.29,0.34,A3V+F/G,48543,32091,91.32,
102.6762,-8.0411,6.29,0.0,A2pSrCrEu,49976,32838,101.11,
103.8942,8.3247,6.29,0.04,A0V,50931,33297,102.67,
104.1904,-35.3417,6.29,1.29,K2III,51682,33394,197.63,
109.3821,-6.6800,6.29,1.62,K2,56614,35301,,
120.8729,-42.9486,6.29,1.01,G8II,66812,39420,239.23,
124.3821,8.8661,6.29,0.98,G8III,69478,40617,,
130.5871,-55.7742,6.29,1.18,K2III,74622,42717,101.42,
134.4946,30.2336,6.29,0.43,F6V,76572,44031,50.2,
138.3275,-42.2736,6.29,1.25,K2III,79524,45242,143.88,
141.9650,75.0983,6.29,0.07,A5V s,80930,46410,145.35,
141.3854,16.5856,6.29,0.97,gG9,81361,46232,83.4,
159.0192,-26.6750,6.29,0.48,F5V,91881,51885,44.01,
174.2550,-32.9881,6.29,0.46,F6III-IV,100953,56657,71.74,
183.9225,72.5508,6.29,1.14,K0IIIe+K0IIIe,106677,59796,138.12,
188.3925,24.2831,6.29,0.11,A4Vm,109307,61295,106.27,
205.0887,57.2075,6.29,0.1,A2VpSrCrEu,119213,66700,88.34,
223.1379,-30.5769,6.29,0.6,G1V,131117,72772,40.02,
224.3067,-29.1578,6.29,-0.04,B9V,131919,73171,170.94,
238.6679,8.5803,6.29,0.18,A7Vn,142500,77910,73.86,
239.0579,-31.7858,6.29,0.43,F6V,142542,78058,50.48,
241.4075,8.0961,6.29,0.08,A3m,144426,78840,123.46,
242.9154,33.3425,6.29,1.2,K2III,145802,79350,157.98,
244.7821,-20.2178,6.29,1.08,K5III,146834,79945,150.38,
247.1808,51.4078,6.29,1.05,G9III,148880,80710,120.05,
252.6504,41.8967,6.29,1.08,gK3,152262,82419,124.22,
256.7217,-26.5131,6.29,-0.04,A0III,154481,83740,,
257.6275,52.4089,6.29,0.0,B9V,155711,84021,130.04,
260.7138,-2.3883,6.29,0.68,G5IV,157347,85042,19.46,
269.4908,-39.1369,6.29,0.01,A0IV-V,163433,87948,157.48,
269.2333,6.4878,6.29,0.0,B9III,163641,87866,208.77,
271.7229,50.8228,6.29,1.04,K0III,166207,88732,118.34,
273.8858,45.2094,6.29,0.62,G2V,168009,89474,22.69,
279.2875,16.1983,6.29,0.9,G8IV,171994,91279,89.77,
283.1187,-26.6503,6.29,0.94,G8/K0III,174630,92635,118.48,
284.9921,22.8147,6.29,1.75,M3.5IIIab,176541,93270,232.02,
286.7854,-18.7378,6.29,-0.04,B8III,177863,93887,,
293.2921,60.1586,6.29,1.57,K4III,184936,96164,369.0,
298.2550,47.8075,6.29,-0.11,B0.5IIIn,188439,97845,,
300.3600,-40.8142,6.29,0.11,A2-3V,189388,98579,85.84,
304.3712,42.7219,6.29,1.64,K4II:,193217,100016,,
310.7208,-39.5586,6.29,1.08,K1III,197093,102230,,
312.1779,51.9106,6.29,-0.07,B8Vnp,198513,102712,242.72,
320.0583,22.0264,6.29,-0.08,B6IV,203206,105344,165.29,
327.3621,20.4625,6.29,-0.1,B2V,207563,107734,,
326.7542,70.1508,6.29,,A0V,207636,107555,151.06,
336.5446,-23.6825,6.29,-0.03,A0V,212643,110746,151.75,
337.0821,64.0856,6.29,1.08,K0,213242,110919,115.61,
338.9725,50.0711,6.29,-0.05,B3V,214240,111550,,
344.7929,52.6544,6.29,1.42,K2,217314,113501,206.19,
345.1025,-25.6267,6.29,1.13,K1III,217358,113593,131.41,
350.6687,20.8286,6.29,-0.04,B9.5V,220318,115407,149.48,
352.9254,-21.3694,6.29,0.33,A9III,221357,116118,80.06,
0.0800,-44.2906,6.29,0.76,G3IV,224750,25,72.78,
0.9662,66.7122,6.29,1.67,M4III,225136,302,302.11,
3.3500,26.9872,6.30,0.65,G0III,895,1076,123.76,
8.2046,28.2803,6.30,1.0,K0III,2942,2583,143.88,
18.4388,7.5783,6.30,0.49,F7V,7345,5743,,
38.0617,-36.4275,6.30,1.02,G8III,15889,11802,129.03,
39.6158,38.0894,6.30,-0.03,B9.5V,16350,12305,225.23,
40.6204,10.7417,6.30,0.06,A2V,16861,12647,130.55,
41.7646,35.5550,6.30,,A9V,17240,12990,47.08,
54.5821,56.9328,6.30,-0.13,B9p,22316,16974,170.94,
56.1408,-54.2739,6.30,1.04,K1III,23697,17464,78.06,
57.8158,13.0458,6.30,-0.07,B9pSi,24155,18033,135.87,
59.6213,38.8403,6.30,1.08,gK1,24843,18565,127.71,
69.2121,-30.7167,6.30,-0.1,B9IV-V,29435,21486,120.77,
92.9417,52.6472,6.30,0.14,A5IIIm,42083,29404,100.3,
100.8471,-39.1933,6.30,0.26,A8:mDel Del,48797,32208,168.35,
103.3058,38.4381,6.30,0.49,dF5,50037,33064,65.75,
103.0954,-5.3161,6.30,0.99,K0,50282,32990,146.2,
105.0750,-5.3669,6.30,0.57,G0III-IV,52265,33719,28.07,
109.8071,-33.7272,6.30,1.31,K2-3III,57299,35463,225.23,
113.0929,-35.9614,6.30,-0.1,B9V,60312,36657,226.76,
113.9833,43.0311,6.30,,F0,60335,36965,120.63,
121.1787,-62.8361,6.30,-0.1,B2.5Vn,67536,39530,383.14,
126.6958,26.9353,6.30,0.18,A3V,71151,,,
127.6633,-44.7372,6.30,-0.02,B4IV,72350,41737,,
128.6221,-37.6114,6.30,1.56,K5III,72993,42070,,
130.1125,19.5450,6.30,0.17,A8Vn,73731,42556,168.07,Meleph
132.0008,-52.8506,6.30,-0.1,B8V,75466,43195,142.45,
140.8642,-60.3025,6.30,1.48,K1-2II-III,81502,46049,,
148.2417,-27.3322,6.30,0.62,G1V,85725,48468,57.11,
149.4871,45.4144,6.30,1.11,K0III,86166,48861,128.21,
149.6088,27.7589,6.30,,F3V,86358,48895,66.76,
154.1675,-51.2050,6.30,1.54,M4-5III,89273,50332,214.59,
154.6575,-36.8047,6.30,1.28,K2-3III,89442,50492,186.57,
158.8533,-76.3092,6.30,1.2,K2III,92209,51835,158.48,
163.9054,24.7489,6.30,,A2Vn,94602,,,
166.5242,-51.2125,6.30,0.95,G8III,96407,54264,126.26,
167.9321,14.4003,6.30,0.21,A5V,97244,54688,60.86,
178.4596,0.5519,6.30,0.2,F0V,103313,58002,131.93,
186.3221,-65.7706,6.30,0.96,G8-K0IV,108054,60601,47.92,
193.1150,16.1225,6.30,0.16,A7V,111893,62825,111.73,
205.6200,41.6742,6.30,0.86,G6III,119445,66892,,
210.9712,-22.4217,6.30,0.45,F5III,122703,68705,77.34,
210.8846,10.7867,6.30,0.74,G8V,122742,68682,16.6,
220.1367,-56.4408,6.30,1.18,K0-1II,128713,71746,,
221.8837,-43.5575,6.30,1.08,G8III,130073,72338,186.92,
227.6858,-61.4225,6.30,0.63,G2V,134060,74273,24.15,
228.3829,22.9833,6.30,0.06,A2V,135263,74505,86.36,
230.2558,-15.5483,6.30,0.41,F0III,136407,75118,54.61,
242.9942,-19.4497,6.30,0.13,B8V+B9VpSi,145501,,,
249.1792,15.4981,6.30,-0.11,B9pSiCrSr:,149822,81337,133.87,
247.8671,72.6119,6.30,1.32,K2III,150010,80920,134.23,
254.0700,73.1278,6.30,0.24,F0V,154099,82880,97.37,
256.1887,-20.4947,6.30,-0.02,B6IV,154204,83567,121.8,
256.5492,-21.5647,6.30,0.13,A3m,154418,83684,98.33,
258.0687,-38.8222,6.30,1.05,K1IIICNII,155276,84151,113.38,
265.9458,-7.0794,6.30,0.38,B1.5V,161056,86768,,
269.3096,23.9958,6.30,0.63,G2V,163840,87895,28.56,
270.4513,-36.3778,6.30,-0.03,B7IV,164245,88294,221.24,
274.6667,-42.2883,6.30,-0.11,B0.5Ia,167756,89726,,
274.5121,13.7769,6.30,-0.03,B5V,168199,89677,,
274.9837,51.3478,6.30,1.1,gK1,169028,89835,125.79,
276.4775,-33.9453,6.30,-0.08,B5IV,169398,90336,,
284.7483,50.8094,6.30,0.98,G8III,176707,93197,132.63,
285.5900,8.3742,6.30,1.67,K2III,176981,93488,260.42,
287.0608,-24.6569,6.30,0.04,B9III,178075,93993,206.19,
287.8288,-29.5022,6.30,-0.04,B9,178840,94272,153.85,
292.6437,-55.1100,6.30,0.45,F5V,183028,95932,36.7,
303.9608,-30.0053,6.30,1.51,K4III,192433,99878,,
305.1171,-29.1972,6.30,0.17,A4/7V,193281,100288,,
305.7533,-9.6547,6.30,0.91,G5IIIa,193896,100524,133.51,
311.6604,46.5317,6.30,0.03,A3V,198151,102530,126.74,
326.1229,-38.5525,6.30,1.12,G5III,206642,107344,239.81,
332.9871,59.0847,6.30,1.13,K0III,210905,109585,105.93,
339.2696,12.5772,6.30,,K5,214298,111649,256.41,
339.2029,35.6525,6.30,1.37,K5,214313,111627,214.59,
341.0688,-60.4994,6.30,0.56,F3V,215121,112259,135.5,
341.9842,-25.9119,6.30,0.91,G5III,215782,112567,158.48,
346.6329,19.9108,6.30,0.49,F7V,218261,114096,28.31,
3.4342,-26.2847,6.31,1.48,K5III,943,1099,236.41,
20.0812,77.5706,6.31,0.92,G5III,7732,6261,116.28,
21.5363,34.5797,6.31,0.47,F7V,8673,6702,38.26,
22.3767,-46.7564,6.31,1.66,M2III,9184,6952,,
31.5513,8.2475,6.31,1.65,M2III:,12872,9809,,
32.5325,53.8431,6.31,0.95,G8III,13137,10115,180.83,
35.5492,-43.2000,6.31,1.0,K0III,14832,11043,135.32,
43.2987,16.4833,6.31,,F5III,17918,13448,107.87,
44.9096,-32.5072,6.31,0.0,A0V,18735,13947,126.58,
47.0162,52.2133,6.31,-0.01,B5V,19268,14566,212.77,
48.9458,32.8564,6.31,0.37,F4V vw,20193,15191,62.0,
61.6525,54.0086,6.31,0.99,K0III-IV,25602,19172,97.94,
63.8717,6.1867,6.31,0.59,G0IV,26923,19859,21.19,
64.9062,10.1214,6.31,1.43,K0,27386,20188,178.89,
75.9750,-41.7450,6.31,0.53,F8V,32820,23555,31.32,
84.2279,-66.5603,6.31,-0.07,B9.5V,37935,26368,262.47,
85.7887,-1.6131,6.31,1.47,K4III,38099,26953,208.33,
88.5654,3.2253,6.31,1.29,K0,39685,27902,169.2,
92.6663,-45.2819,6.31,-0.03,A0V,42834,29304,203.25,
95.3575,2.2686,6.31,0.24,A4.5V,44333,30217,102.46,
96.1854,-40.2842,6.31,-0.05,B9V,45306,30505,160.26,
101.0525,36.1097,6.31,0.06,A2V,48272,32268,,
105.0337,-20.1589,6.31,-0.15,B4III,52348,33703,,
111.3413,81.2575,6.31,-0.04,A0III,55075,36019,255.1,
110.9929,-35.8378,6.31,-0.15,B7III,58420,35893,213.68,
111.4292,-31.7386,6.31,-0.17,B2V,58766,36045,303.03,
116.7742,-39.3314,6.31,-0.17,B8III,63401,37982,210.08,
118.0300,3.2772,6.31,1.59,M4III,64052,38406,128.7,
120.4325,25.0897,6.31,0.01,A1V,65856,39263,183.49,
128.2225,69.3200,6.31,1.35,K0,71553,41927,189.75,
129.2029,74.7236,6.31,,A2m,71973,42249,83.89,
127.8525,-39.0642,6.31,-0.15,B4V,72436,41806,,
138.3579,-38.6164,6.31,0.0,A0V,79523,45259,219.3,
141.2321,51.5739,6.31,0.75,G2III,81025,46168,132.45,
143.8904,-19.5836,6.31,0.06,A2V,83104,47070,86.96,
144.9475,-10.5703,6.31,-0.03,A0Vn,83650,47427,,
147.5987,65.5933,6.31,0.28,A9Vn,84812,48266,93.9,
163.1504,-0.2014,6.31,1.5,K5III,94237,53167,,
169.1154,-45.8800,6.31,0.4,F3V,98096,55068,55.4,
174.1700,-37.2378,6.31,0.06,A1V,100911,56632,132.63,
180.2575,-1.7681,6.31,1.21,gG8,104356,58603,188.32,
192.1958,24.8403,6.31,0.7,G7V,111395,62523,17.17,
194.3883,-22.7539,6.31,1.07,G5,112519,63243,124.84,
196.2071,73.0253,6.31,,F0V,113889,63822,121.51,
201.7762,-49.1439,6.31,,A0III-IV,116836,65606,,
213.9117,-45.0008,6.31,0.6,F9V,124580,69671,21.05,
235.8538,-15.0433,6.31,1.16,K0IV,140301,77007,125.94,
239.2658,-48.1622,6.31,0.38,F1IV,142529,78117,49.46,
239.6279,-37.5031,6.31,1.01,K0III,142889,78236,187.62,
238.9571,58.9117,6.31,-0.02,A0V,143187,78017,142.65,
239.3746,39.6953,6.31,1.07,K0,143209,78153,121.51,
243.5563,5.9019,6.31,1.15,K2III,146084,79581,102.56,
249.4500,13.6869,6.31,0.41,F5IV,150012,81425,69.49,
255.3875,14.9494,6.31,0.04,B9pCrEu,153882,83308,168.92,
274.3508,-9.7586,6.31,0.38,A8V,167833,89623,131.93,
276.1754,-7.0753,6.31,1.16,K0,169370,90238,86.06,
276.9325,-26.6347,6.31,0.26,A8V+F2V,169851,90478,77.22,
280.9642,-6.8186,6.31,0.48,F7V,173093,91880,69.64,
281.1675,23.5897,6.31,0.4,F6V,173494,91958,44.4,
283.3004,-51.9311,6.31,-0.09,B4III,174430,92687,,
284.3946,-39.8233,6.31,0.2,A3,175529,93074,61.69,
285.5292,52.2611,6.31,1.0,G8III,177483,93466,196.85,
286.4463,29.9217,6.31,1.65,M0III,178003,93770,,
289.6571,49.5697,6.31,1.12,K1III,181597,94890,126.74,
289.9121,37.3306,6.31,0.68,G8V,181655,94981,25.23,
290.1379,35.1861,6.31,-0.12,B9V,181828,95067,222.72,
290.5863,-8.2011,6.31,-0.1,B3IVp,181858,95219,,
291.3433,20.2714,6.31,-0.02,A0V,182761,95487,122.55,
302.1596,10.7258,6.31,-0.12,B3V,191263,99234,,
304.7333,-47.7108,6.31,1.67,M1III,192827,100151,207.04,
303.9308,50.2328,6.31,,A2Vn,192983,99870,108.81,
315.7575,14.7300,6.31,1.67,M1III,200430,103891,194.17,
319.5013,-64.6817,6.31,-0.07,B8V,202299,105148,169.2,
321.0867,-46.6150,6.31,0.2,A7mSr:,203548,105685,96.25,
323.8292,28.1972,6.31,0.35,F0IV,205539,106595,71.94,
327.4212,-12.7231,6.31,0.22,A3m,207503,107750,155.28,
339.9333,-28.3253,6.31,1.01,K0IV,214599,111879,142.86,
340.2000,-3.5542,6.31,0.52,F6V,214810,111965,33.49,
344.3217,-4.8100,6.31,0.94,G9III,216953,113345,126.58,
348.5596,50.6178,6.31,,A0V,219290,114714,125.94,
350.8829,0.2914,6.31,1.61,K2,220406,115476,,
356.5050,-40.1825,6.31,0.2,A7III-IV,223011,117219,65.27,
359.1246,-24.7372,6.31,0.92,G5,224283,118029,154.08,
14.4771,13.6958,6.32,0.89,G8III,5612,4520,160.26,
26.9500,46.2297,6.32,0.43,F6V,10874,8370,58.31,
26.9492,-37.1597,6.32,1.02,K0III,11050,8369,170.94,
32.5204,-43.8156,6.32,0.9,G8III,13423,10111,120.19,
43.2104,-9.4411,6.32,0.19,A7IV,17943,13421,100.6,
52.5812,71.8639,6.32,1.8,M2III,21179,16319,262.47,
51.5488,-41.6369,6.32,0.06,A0V,21473,16015,135.32,
57.9242,68.5075,6.32,-0.08,B9IVp,23662,18067,251.89,
60.1538,17.2967,6.32,0.06,A0V,25175,18717,,
63.2150,68.5017,6.32,1.18,K0,26101,19673,118.62,
63.9429,15.4006,6.32,0.4,F5V,26911,19877,44.42,
66.7538,57.5853,6.32,0.04,A0III,27855,20772,231.48,
75.1658,-2.0656,6.32,0.28,A8IV,32115,23296,49.58,
78.4467,0.5603,6.32,1.46,M0V,33946,24377,,
81.1508,2.3528,6.32,-0.15,B4IVn,35407,25288,,
83.7400,-61.1758,6.32,0.85,G5IV,37501,26190,106.72,
86.8275,-35.6747,6.32,1.18,K1III,38885,27325,156.74,
89.1408,28.9422,6.32,0.3,A2II,39866,28117,,
94.7575,17.3250,6.32,-0.07,B9IIIpSiCr:,43819,30019,,
97.1763,-41.0744,6.32,0.4,F2-3V,45983,30849,80.84,
103.6113,-42.3656,6.32,2.24,C3II,51208,33189,,
108.9479,-23.7406,6.32,,A0,56341,35132,279.33,
109.2383,-30.8967,6.32,0.2,A9II,56731,35241,147.49,
117.3675,-44.7519,6.32,0.96,K0III,63948,38183,101.01,
117.8354,-43.0956,6.32,-0.17,B2IV-V,64287,38355,,
119.8012,-49.9767,6.32,,B2IV-V,66005,39035,,
122.2371,-11.3397,6.32,0.01,A0Vn,67725,39898,223.71,
126.1371,82.4308,6.32,0.01,A2Vn,67934,41208,208.33,
124.8129,-10.1658,6.32,0.33,F3IIIpDel Del,69997,40766,108.23,
125.8217,-38.2858,6.32,1.63,M1III,70946,41107,,
126.9033,45.6531,6.32,0.62,G5V,71148,41484,21.79,
126.6950,26.9344,6.32,0.18,A6V,71150,41404,84.89,
129.0321,15.3136,6.32,,F0IV,72943,42187,81.77,
130.9762,-68.2117,6.32,1.5,K3III:,75116,42850,322.58,
138.8958,-57.5781,6.32,1.04,G8II,80126,45437,336.7,
149.2250,-27.4750,6.32,0.17,A4V,86301,48776,154.08,
152.7454,40.6614,6.32,1.25,gK3,88161,49870,182.82,
154.9975,-9.0589,6.32,0.33,F1IV,89565,50584,53.28,
156.0546,2.3681,6.32,1.0,G9V,90125,50939,100.5,
157.4762,65.6261,6.32,1.14,gK2,90633,51401,96.06,
166.6142,-50.9567,6.32,1.16,K2III,96484,54291,112.49,
171.6063,33.4506,6.32,0.43,F7V,99373,55821,57.6,
186.2767,63.8028,6.32,0.91,G8III,108150,60589,158.23,
193.0513,17.0739,6.32,1.59,M0III,111862,62807,,
197.3100,-9.5383,6.32,1.02,K0,114203,64181,123.76,
205.0967,50.5194,6.32,0.54,F7-9V,119124,66704,25.23,
209.0437,32.0325,6.32,0.37,F4IV-V,121682,68065,72.41,
214.4550,48.0017,6.32,0.44,F5,125406,69862,70.92,
216.5558,-42.3192,6.32,1.19,K2III,126386,70580,96.34,
228.2542,-61.7439,6.32,1.9,K4Ib,134468,74470,,
229.8758,32.5153,6.32,0.24,A2m,136403,75000,85.32,
234.5654,-28.2067,6.32,1.17,K1III,139290,76567,172.41,
241.7642,-14.0708,6.32,0.66,G4IV-V,144585,78955,28.9,
243.6629,-18.5353,6.32,1.09,K2III,145997,79605,86.51,
253.0725,-67.6819,6.32,1.28,K2III,151404,82539,115.74,
249.4704,78.9183,6.32,1.14,G9III,151623,81428,127.06,
252.5929,-2.6539,6.32,0.42,F1III-IV,151900,82405,59.84,
253.4950,-41.9947,6.32,0.5,B1Ia,152235,82669,,
254.4262,24.3814,6.32,1.1,K0III,153312,83007,148.81,
259.9979,-5.9172,6.32,0.85,G9V,156826,84801,53.36,
259.1225,60.6706,6.32,1.09,K1.5IIIb,156947,84496,147.93,
271.7763,49.7106,6.32,,A2V,166228,88754,221.24,
275.9492,53.3008,6.32,0.16,A3m,169885,90146,104.28,
278.3471,-38.7203,6.32,,A0III,170868,90968,,
281.0321,-36.7186,6.32,0.98,K0III,172875,91901,109.65,
285.3896,-15.2825,6.32,1.0,gG6,176593,93418,171.53,
289.7196,9.6181,6.32,1.05,G9III,181122,94916,158.48,
290.7692,-7.4003,6.32,1.45,K0,182038,95281,151.29,
291.8913,14.2825,6.32,-0.06,B4III,183144,95664,,
294.0346,22.5858,6.32,-0.07,B9pSi:Cr:,184961,96417,175.13,
299.6433,38.1056,6.32,-0.09,B5IV,189432,98320,,
304.0950,-12.3369,6.32,0.01,B9pHg,192666,99918,161.55,
309.3825,31.5725,6.32,-0.09,B8IIIn,196606,101765,240.38,
310.8062,57.1142,6.32,0.33,B2III,197770,102258,,
315.9304,46.8619,6.32,0.25,F0IVn,200753,103949,80.65,
321.0962,24.5289,6.32,1.04,K0III,203886,105689,155.76,
323.5708,-42.9250,6.32,1.09,K1IIICNII,205096,106500,99.01,
331.7900,58.8408,6.32,0.88,G6III,210220,109190,171.82,
332.7150,30.5531,6.32,0.18,A8IV,210594,109493,128.21,
338.1954,15.8633,6.32,1.19,K0,213644,111296,214.13,
349.8642,34.7933,6.32,-0.08,B8III,219927,115148,213.68,
349.9233,48.3808,6.32,1.12,K1III,219962,115171,145.77,
352.0029,-35.5444,6.32,1.2,K2III,220929,115833,197.63,
0.6008,8.9569,6.32,0.18,A6V,224995,186,132.45,
2.2600,-54.0019,6.33,0.74,G4IV,469,730,142.86,
4.6775,-43.2353,6.33,1.21,K2III,1483,1502,116.82,
4.9233,40.7297,6.33,1.18,K1III,1527,1575,165.84,
11.6625,69.3250,6.33,,F3V,4295,3641,40.57,
25.3387,-79.1483,6.33,0.94,G6-8III,10859,7879,121.07,
33.9913,47.8114,6.33,,G9III-IV,13818,10562,141.84,
36.2433,-2.7800,6.33,0.0,A0III,15004,11261,,
48.1100,47.7258,6.33,1.43,K5III,19735,14914,153.85,
55.0475,-15.2267,6.33,0.88,G5,22905,17136,197.63,
69.0067,-3.6119,6.33,-0.1,B7III,29227,21428,,
71.6004,-2.9544,6.33,0.04,A2V,30321,22189,85.03,
80.2471,27.9572,6.33,0.04,B9IV,34762,24984,213.22,
82.5862,-7.4347,6.33,-0.19,B2IV-V,36285,25786,,
84.4404,33.5592,6.33,1.31,K0,37138,26463,152.91,
92.7575,18.1294,6.33,1.35,K1II,42351,29326,,
96.2204,16.0569,6.33,1.08,G9III,44867,30517,118.06,
102.0537,55.7044,6.33,,dF6,48767,,,
102.4333,-24.0758,6.33,0.04,A1,49891,32744,179.21,
102.6538,-25.7781,6.33,-0.18,B2V,50093,32827,,
108.4883,-30.3400,6.33,-0.2,B2IV-V,55985,34954,,
116.2887,20.3164,6.33,0.0,A1V,62510,37811,141.24,
117.0800,-56.4711,6.33,1.01,K0III+A1V,63926,38087,,
119.0950,-30.2853,6.33,1.66,M6III,65183,38792,,
120.6083,-6.3372,6.33,0.62,G0III,66242,39326,108.93,
119.9175,-60.2075,6.33,-0.06,B5III,66341,39073,,
126.8183,-31.6731,6.33,0.9,G8III,71622,41449,210.08,
128.8538,2.7436,6.33,1.02,G9III,72908,42142,168.92,
129.6679,-19.7369,6.33,1.59,K5III,73603,42394,,
131.0421,36.9181,6.33,,F7V,74243,42871,65.32,
133.1008,5.3400,6.33,0.12,A5V,75811,43570,,
138.8383,84.1811,6.33,0.3,F2III,76990,45421,90.09,
139.4262,-54.4953,6.33,1.41,K3III,80435,45603,248.76,
140.2313,-15.6178,6.33,0.46,dF6,80719,45854,48.33,
163.1146,-79.5594,6.33,1.46,K2II-III,94717,53151,,
168.4175,41.0886,6.33,1.15,K2III,97501,54842,101.73,
175.2550,-83.1000,6.33,1.08,K0III,101782,56996,105.6,
181.4717,-65.5472,6.33,0.22,B6Iab-Ib,105071,59003,,
183.4029,-33.7928,6.33,0.08,A0V,106257,59622,124.53,
184.2142,86.4361,6.33,0.43,F4V,107113,59879,39.62,
184.8733,28.1569,6.33,0.5,F8V s,107213,60098,49.7,
186.4062,-86.1506,6.33,1.08,K0III,107739,60638,234.74,
189.5183,3.2825,6.33,0.01,A1V,109860,61637,199.2,
190.5213,-69.4075,6.33,0.78,F7Ib-G2,110311,61981,,
191.1129,44.1031,6.33,0.43,F6IV,110834,62172,91.41,
193.0221,-48.0942,6.33,0.03,A0IV,111775,62799,146.84,
197.9712,-63.3028,6.33,0.44,A8II-III,114461,64395,,
198.0350,24.2581,6.33,0.98,K1III,114724,64417,157.48,
203.6204,-48.2722,6.33,-0.05,B8III,117919,66236,,
206.7379,6.3506,6.33,0.63,G0-1IV-V,120066,67246,30.62,
214.9487,38.7939,6.33,0.05,A2V,125642,70029,136.99,
218.5487,32.5344,6.33,0.4,F5V,128093,71243,42.16,
221.4908,-15.4597,6.33,1.19,K1III,129978,72194,,
228.1304,-48.2186,6.33,1.12,K2III,134597,74418,144.51,
236.4154,0.8914,6.33,1.19,K0III,140815,77186,189.75,
240.3312,-31.8894,6.33,1.45,K4III,143404,78486,168.63,
241.9663,-24.4619,6.33,-0.06,B7IIIp:,144661,79031,117.65,
242.2621,57.9378,6.33,,A1V,145674,79125,123.0,
244.3371,-53.0867,6.33,0.27,A8IV,146145,79812,77.46,
246.2258,-45.3492,6.33,0.19,A2-3V,147614,80421,91.58,
254.0371,-50.6750,6.33,-0.02,B3Vnep,152478,82868,230.41,
255.4963,8.4506,6.33,0.09,A4V,153914,83342,116.28,
257.9383,7.8947,6.33,1.04,K0III,155500,84113,123.3,
274.5038,-68.2292,6.33,-0.04,B9V,166841,89674,213.68,
275.7592,-10.2186,6.33,0.14,B9.5V,169009,90083,105.15,
292.3371,20.2797,6.33,-0.1,B5Vn,183537,95818,233.1,
299.6746,70.3669,6.33,0.88,G8III,190252,98333,129.2,
306.4333,10.0564,6.33,1.56,K5III,194526,100762,,
311.5883,52.9953,6.33,1.12,K0,198181,102499,132.98,
312.4513,7.8642,6.33,0.02,A1V s,198391,102819,158.73,
312.4779,46.6611,6.33,-0.07,B4Ve,198625,102827,281.69,
313.2550,-23.7831,6.33,0.88,K0III,198732,103071,75.02,
316.1892,2.2697,6.33,0.97,G5,200663,104048,118.91,
315.9671,41.6281,6.33,0.38,F3IV,200723,103963,101.32,
325.1400,-55.7375,6.33,1.06,K0II-III,205935,107030,212.77,
329.5554,-5.4247,6.33,0.37,F5IV,208703,108453,55.62,
332.5925,14.6300,6.33,1.08,K0III,210461,109445,130.04,
342.4963,-32.8053,6.33,0.31,F0V+F3V,216042,112746,69.98,
344.6775,7.3397,6.33,0.06,A1V,217186,113465,96.06,
346.7896,-49.6067,6.33,1.45,K4III,218255,114159,,
349.7837,-79.4728,6.33,0.91,K0III,219572,115129,150.15,
357.3000,58.9631,6.33,0.4,F2IV,223421,117472,76.63,
19.2712,44.9019,6.34,,K5,7647,5993,180.83,
20.2717,64.6583,6.34,0.09,A2Vnn,8003,6312,73.15,
25.7433,61.4217,6.34,0.01,B7II,10362,8020,,
25.8188,45.3222,6.34,1.01,K2IV,10486,8044,55.43,
25.9583,32.1917,6.34,,G8III-IV,10588,8086,141.24,
27.3313,-31.0728,6.34,1.22,K2-3III,11183,8480,136.05,
34.7437,-25.9456,6.34,0.73,G5V,14412,10798,12.68,
59.1258,71.8217,6.34,0.3,A5m,24164,18438,60.1,
61.4446,-20.5122,6.34,0.92,G5,25944,19111,95.51,
76.1088,-35.7053,6.34,0.3,F1III,32846,23596,102.35,
79.8967,-1.4122,6.34,-0.11,B1.5Vn,34748,24847,,
80.0858,-34.6989,6.34,0.33,F2IV-V,35046,24909,214.13,
84.8625,21.7628,6.34,0.06,A1Vn,37439,26616,202.43,
85.3625,-33.4006,6.34,-0.04,A0V,38056,26796,132.45,
86.1183,-20.1264,6.34,0.58,G0,38382,27075,25.54,
86.5117,-4.2683,6.34,1.05,K1III+G0IV,38495,27212,113.9,
91.2846,59.3931,6.34,1.1,K1III-IV,40827,28829,144.51,
91.2608,37.9642,6.34,,K0III+A2,41162,28820,,
95.8100,-31.7900,6.34,0.89,G8III,44956,30376,101.94,
97.8958,-36.9400,6.34,1.63,M1III,46431,31099,285.71,
99.2137,-41.5569,6.34,1.15,K0II,47475,31603,,
103.8133,45.8264,6.34,0.94,K0III-IV,50384,33271,117.37,
104.2504,-8.1789,6.34,0.64,K0II-III+A2V,51424,33420,,
106.5025,-30.6556,6.34,-0.16,B3V,54031,34248,254.45,
114.0325,-22.1606,6.34,0.99,G5,60951,36986,211.86,
116.9104,-15.9908,6.34,1.78,K1Ia-Iab,63302,38031,,
119.5692,43.9775,6.34,1.06,K0,64958,38959,158.73,
120.2529,23.5831,6.34,,K1III-IV,65757,39194,84.53,
120.4796,35.4131,6.34,1.56,K0,65801,39279,201.61,
119.8058,-49.9736,6.34,,B2IV-V,66006,39038,,
120.5258,-37.0506,6.34,1.62,M1III,66435,39299,252.53,
119.8171,-73.2447,6.34,0.14,A3III,66920,39041,125.47,
127.8733,-54.3942,6.34,1.31,K3III,72650,41813,150.6,
130.1817,-57.5453,6.34,0.2,A3V,74341,42579,69.54,
146.4808,63.6533,6.34,0.31,F2V,84179,47911,77.28,
161.5938,57.3658,6.34,1.56,M1III,93132,52685,232.02,
165.2383,-15.7928,6.34,1.18,K0,95441,53849,175.44,
165.9021,-13.4344,6.34,0.88,G5,95870,54048,168.35,
184.4346,15.1442,6.34,1.37,K4III,106926,59941,163.13,
191.7596,5.9508,6.34,-0.05,A0pSrEuCr,111133,62376,160.51,
201.9979,52.7458,6.34,0.23,F0,117242,65678,99.7,
204.7996,-75.6839,6.34,0.01,B8IV,118285,66607,284.9,
210.4608,68.6786,6.34,1.4,K5,122909,68537,181.49,
212.2346,-59.2767,6.34,0.05,B5IV,123335,69122,,
213.1021,-24.3642,6.34,1.35,K0,124162,69398,148.37,
234.8388,-23.1503,6.34,0.02,A0V,139518,76666,93.72,
235.0642,-31.2136,6.34,1.43,K2III,139613,76739,194.93,
247.6617,77.4467,6.34,1.0,K1III,150275,80850,125.0,
253.8167,13.6197,6.34,0.34,F3V s,152830,82798,78.62,
254.4592,42.5125,6.34,1.28,K3III,153472,83013,166.67,
256.9446,40.5161,6.34,0.03,A2IV,155102,83816,146.63,
265.2958,15.1781,6.34,0.03,A1V,160765,86546,128.87,
265.7733,44.0844,6.34,1.54,K4III,161369,86713,,
270.2204,6.2683,6.34,-0.08,B2IV,164432,88213,,
271.1675,23.9425,6.34,0.3,F0IV-V,165373,88528,62.03,
271.5308,-0.4467,6.34,1.06,G8IIp,165462,88671,155.52,
271.2533,41.9467,6.34,0.26,F0V,165645,88565,57.34,
283.2579,-9.5761,6.34,0.2,A7Vn,174866,92674,101.73,
287.4650,-0.4281,6.34,-0.04,B5Vn,178744,94149,,
291.0225,-68.3711,6.34,1.23,K2III,181019,95369,207.47,
290.5400,-42.0161,6.34,1.14,K1III,181401,95211,98.62,
291.9021,37.9411,6.34,-0.14,B3Ve,183362,95673,,
293.8742,-7.4603,6.34,1.12,K0,184573,96356,108.93,
294.9558,-23.4278,6.34,0.03,B9.5V+A3IV,185404,96729,124.53,
295.5533,12.1933,6.34,-0.03,B9IIIpHgMn,186122,96931,220.75,
296.2042,40.7167,6.34,1.64,M4-III,186776,97151,277.78,
296.6862,68.4383,6.34,0.28,F0III,187764,97326,161.03,
301.2725,-11.5994,6.34,0.52,F1III,190390,98910,,
301.3604,15.5003,6.34,1.64,M2.5III,190658,98954,,
302.9913,-12.3925,6.34,1.21,K0III,191753,99529,148.15,
307.9925,25.8044,6.34,0.26,Am,195692,101300,81.1,
313.2808,29.6494,6.34,1.09,K2,198976,103079,130.89,
316.8900,15.6586,6.34,1.01,K2IV,201196,104281,113.25,
335.1508,-57.5100,6.34,1.37,K3-4III,211726,110311,239.23,
338.3208,70.3739,6.34,0.0,A0V,214019,111325,122.7,
340.3808,30.9658,6.34,,K5,214979,112032,255.1,
342.3225,-70.3478,6.34,0.07,A2V,215729,112694,100.2,
343.2971,40.1672,6.34,-0.08,B7III-IV,216538,113009,,
349.4167,-11.7131,6.34,0.05,A1Vn,219659,115015,119.47,
357.2246,59.9789,6.34,-0.01,A0V,223386,117450,105.37,
3.7942,27.2831,6.35,-0.02,A1Vn,1083,1215,126.26,
4.0583,76.9508,6.35,-0.07,B8Vnn,1141,1296,189.39,
16.4550,4.9083,6.35,0.38,F3V,6479,5141,45.72,
20.6271,-19.0814,6.35,0.48,F6IV,8350,6427,59.45,
26.1104,46.1397,6.35,,K5III,10597,8127,165.56,
29.6113,-33.0667,6.35,1.02,K0III,12135,9207,106.16,
40.9633,25.6381,6.35,0.08,A2Vp:,16955,12744,107.87,
50.5679,-25.5878,6.35,0.01,A0V,20980,15700,137.93,
71.4271,23.6281,6.35,0.06,B5III,30122,22128,215.98,
74.5450,-2.2125,6.35,0.1,A2V,31739,23092,139.28,
80.8796,5.3225,6.35,0.12,A2V,35242,25205,75.08,
81.7700,-11.9008,6.35,0.51,dF7,35850,25486,26.84,
82.1450,13.6789,6.35,0.15,A4V,35909,25638,98.72,
87.6192,-52.7678,6.35,0.76,K0-1III+A4V+A,39547,27583,271.0,
91.1183,-45.0367,6.35,0.52,G0IV-V,41700,28764,26.7,
92.3346,-18.1261,6.35,-0.03,B9Vn,42327,29178,125.63,
95.3579,17.7636,6.35,,g:G9,44234,30218,128.04,
96.4463,-3.8892,6.35,1.02,G9III,45168,30595,,
98.9750,-36.0889,6.35,0.48,G0V,47230,31509,40.27,
99.1704,-22.6150,6.35,-0.11,B5V,47247,31593,230.41,
104.8337,7.3169,6.35,-0.11,B7III,51892,33644,,
108.4921,71.8167,6.35,1.12,K0,54070,34956,121.36,
110.5717,59.9019,6.35,,A8m,56820,35735,70.27,
110.2629,42.6556,6.35,1.46,K0,56941,35623,,
119.3175,1.1269,6.35,0.5,F7V,65123,38870,58.51,
137.9817,5.4683,6.35,0.32,A9IVDel Del,79066,45150,50.89,
138.8538,-15.0247,6.35,0.02,A0V,79752,45424,106.61,
148.0500,0.0756,6.35,0.94,G9III,85505,48413,131.23,
149.0404,-71.3894,6.35,-0.08,B9Ib,86606,48715,,
153.4858,-40.3106,6.35,0.94,G8III,88836,50122,137.55,
155.9621,-57.9539,6.35,1.52,K4III,90289,50916,243.31,
157.1521,45.2122,6.35,1.32,K0,90602,51290,234.19,
164.1433,25.5000,6.35,1.03,K0,94747,53492,86.51,
167.8729,-71.4364,6.35,1.37,K2-3III,97472,54673,178.89,
169.6429,-79.6686,6.35,0.26,A8IIIm:,98617,55225,64.52,
172.6042,46.6575,6.35,1.27,K2IIICN-1,99967,56135,,
177.7304,12.2789,6.35,0.27,F0IVm s,102910,57779,55.31,
177.8412,-12.1878,6.35,0.4,F1III-IV,102990,57819,44.94,
182.4471,74.6614,6.35,0.5,F6IV,105678,59291,72.2,
183.4821,-78.5736,6.35,1.24,K2-3IIICNII,106248,59647,108.34,
186.9558,-16.6319,6.35,0.84,G3III,108477,60809,,
187.5200,-13.3931,6.35,0.56,G0V,108799,60994,24.98,
200.5158,43.9031,6.35,0.24,A7m,116303,65230,140.45,
207.9025,-36.4333,6.35,0.48,F6IV-V,120672,67648,59.92,
216.7079,-39.8739,6.35,-0.08,B7IV,126475,70626,140.45,
217.4033,41.7958,6.35,0.7,G5V,127334,70873,23.57,
221.9787,-12.8397,6.35,1.1,K0III,130325,72373,110.62,
224.5367,-48.8631,6.35,0.71,G3-5V,131923,73241,24.52,
226.6463,36.4556,6.35,0.52,F8V,134044,73941,29.49,
230.1962,-2.4133,6.35,1.06,K0V,136442,75101,36.93,
249.9129,-9.5544,6.35,0.48,F3V,150177,81580,43.44,
252.0371,13.5906,6.35,0.87,G5III,151627,82241,208.33,
253.6500,-30.5872,6.35,0.21,A7IIIm:,152431,82731,193.42,
255.9696,19.6906,6.35,1.52,K4III,154301,83493,,
260.3892,16.7308,6.35,1.61,M2.5IIIab,157257,84938,227.79,
260.3800,28.7581,6.35,0.7,G0III,157358,84934,164.2,
261.1408,15.6061,6.35,-0.02,B9V,157741,85187,149.25,
267.1158,-26.9750,6.35,0.12,B4IVe,161756,87163,,
271.3612,-81.4864,6.35,1.5,K3-4III,162337,88599,283.29,
267.9979,-1.2367,6.35,1.12,K0,162596,87428,136.43,
280.7300,-19.2839,6.35,1.75,M4III,172816,91781,,
290.7017,9.9131,6.35,0.44,F6V,182101,95253,35.73,
294.7042,3.3817,6.35,0.04,B3III,185423,96630,,
313.3542,-30.7186,6.35,1.09,K1III,198751,103103,162.87,
321.1025,10.1742,6.35,0.47,F5III,203842,105695,105.6,
329.4625,74.9967,6.35,1.56,K5,209258,108420,341.3,
331.8750,18.0006,6.35,1.64,M1,210090,109212,,
336.6433,-16.7425,6.35,0.61,G1V,212698,,,
337.8925,29.5428,6.35,0.19,A5m,213534,111191,125.0,
338.0783,54.0375,6.35,,G8III,213720,111247,194.17,
348.2667,29.4417,6.35,0.93,G8III,219110,114607,129.37,
352.2733,23.0478,6.35,,G9III,221113,115915,159.49,
354.1271,32.9042,6.35,0.46,F6V,221970,116505,76.98,
358.5892,-27.0422,6.35,0.2,A2V+F2V,223991,117860,92.42,
24.6321,45.4000,6.36,0.04,B9pCrEu,9996,7651,139.47,
32.8708,57.6458,6.36,0.33,B5Ia,13267,10227,,
38.8663,39.6644,6.36,-0.1,B9pHgMn,16004,12057,177.94,
40.8346,-40.5275,6.36,-0.02,B9V,17098,12708,168.07,
43.2167,52.9978,6.36,0.07,B8III,17743,13424,,
42.6996,-39.9317,6.36,0.05,A0V,17864,13271,99.8,
45.8762,28.2697,6.36,,F0V,18928,14232,49.98,
49.3817,65.6586,6.36,0.09,A3V,20104,15309,182.82,
65.9992,24.3011,6.36,0.17,B3V,27778,20533,,
68.9279,19.8817,6.36,,G5II-III+A-F,29104,21408,142.25,
79.8229,-18.5200,6.36,-0.16,B3V,34798,24825,242.72,
85.5163,22.6603,6.36,,K2,37784,26853,110.13,
88.5588,-29.1478,6.36,0.37,F3V,39891,27901,56.05,
87.8458,-64.0336,6.36,0.86,G8III,39963,27660,342.47,
89.1438,-23.2156,6.36,1.07,K0,40235,28118,153.14,
92.0958,41.0556,6.36,1.05,G9III,41636,29114,117.65,
103.9783,-31.7900,6.36,,B3V,51411,33330,,
108.4513,-22.9064,6.36,-0.21,B2IV+G5IV,55856,34940,,
117.9204,-12.8194,6.36,0.39,F2,64077,38372,74.79,
122.1812,-20.3631,6.36,0.16,A7IV,67751,39876,,
127.4013,-55.1911,6.36,0.8,G0V,72322,41653,221.24,
128.2504,24.0847,6.36,1.02,G9III,72324,41940,129.03,
128.2442,-34.6339,6.36,0.95,K0V,72688,41939,130.72,
129.8050,-60.3172,6.36,0.0,A0V,74148,42440,134.05,
131.9188,-41.7372,6.36,0.58,G0Ia-0:,75289,43177,28.94,
135.4192,39.7133,6.36,0.3,A9Vn,77093,44331,65.62,
143.9704,14.3797,6.36,0.01,A1V,83023,47096,156.49,
152.0071,-37.3336,6.36,0.98,K0III,88013,49645,180.83,
161.9112,-57.4678,6.36,1.62,M1II,93662,52797,,
185.8075,-67.6317,6.36,0.89,G8-K0IV,107773,60417,50.79,
213.5887,-5.9475,6.36,0.6,F9V,124553,69564,41.51,
216.4146,-66.1733,6.36,0.13,A3V,125990,70528,128.37,
224.1492,-39.4161,6.36,0.06,A0-1V,131752,73116,120.48,
233.5871,-39.3494,6.36,-0.03,B9V,138564,76234,111.73,
238.2342,17.4036,6.36,,K0,142244,77782,148.81,
255.5717,31.8847,6.36,1.13,K0,154126,83365,102.67,
257.2271,-3.8828,6.36,0.69,G5-8IV-V,154962,83906,35.39,
259.5850,-32.5533,6.36,0.15,B5Vn,156325,84650,,
265.2729,24.5133,6.36,1.2,K1III+F4V,160835,86537,,
265.8242,-27.8842,6.36,0.47,A9V:,160839,86725,,
269.3621,11.0442,6.36,0.11,A1V,163772,87910,106.84,
268.6108,75.1708,6.36,0.98,K0,164780,87670,146.84,
272.8117,-19.8422,6.36,0.16,A4V,166393,89114,,
273.1775,41.1469,6.36,1.03,K0III,167304,89246,145.99,
273.9917,-3.6175,6.36,0.2,A4V,167564,89512,144.72,
275.9892,38.7392,6.36,,K4III,169646,90163,263.16,
277.3038,-43.8458,6.36,0.9,G8III,169943,90597,156.99,
278.3454,-5.9114,6.36,0.02,A0Vn,171149,90967,114.29,
280.0083,30.8494,6.36,,K0,172631,91533,177.94,
281.3279,-21.0014,6.36,0.45,F5V,173282,92016,56.75,
285.1033,-24.9422,6.36,1.25,gK0,176246,93315,,
287.7575,-39.0050,6.36,0.01,B7IIIMn,178628,94243,,
287.8788,26.7358,6.36,0.41,F5V,179422,94290,43.1,
291.0254,36.4519,6.36,,K1III,182635,95370,110.5,
295.3121,22.4528,6.36,1.53,K0I,186021,96856,,
306.5979,56.6389,6.36,0.0,B9V,195066,100808,167.79,
308.2183,-24.9439,6.36,-0.01,A0,195549,101384,107.41,
309.4671,-25.1089,6.36,0.33,F0III,196385,101808,50.35,
312.6963,-32.0544,6.36,1.54,K5III,198356,102901,,
321.2154,-3.3983,6.36,0.33,F0III,203843,105729,71.28,
324.0579,30.0556,6.36,,G8III-IV,205688,106661,109.41,
341.8467,58.4828,6.36,-0.04,B9.5IV,215907,112508,293.26,
348.6521,24.1031,6.36,,K2III,219310,114742,154.56,
355.9563,-15.2844,6.36,1.58,M7IIIpe,222800,117054,,
12.8262,3.3850,6.37,1.07,K0III,4928,3992,137.55,
14.2317,68.7761,6.37,0.38,F4III,5357,4446,59.77,
14.5787,21.4044,6.37,0.09,A2V,5641,4558,131.23,
16.8046,-23.9964,6.37,0.23,A7V,6668,5259,71.63,
25.5742,58.6278,6.37,-0.02,B8III,10293,7963,,
27.4533,-38.4039,6.37,0.52,F8V,11262,8514,27.11,
29.4733,-65.4247,6.37,0.9,G8II-III,12270,9149,164.2,
34.8446,48.9553,6.37,,F4V,14221,10830,64.52,
34.8529,-41.8483,6.37,1.16,K2III,14509,10832,163.93,
37.0183,-64.2997,6.37,-0.04,A0V,15646,11479,118.06,
53.4217,57.8689,6.37,0.51,F7V,21794,16602,71.89,
59.9196,10.3308,6.37,0.42,F5V,25102,18658,39.34,
63.3987,-40.3578,6.37,1.46,K3III,26927,19721,306.75,
64.0879,-60.9486,6.37,0.07,ApEuCrSr:,27463,19917,118.91,
64.7625,-33.9050,6.37,0.13,A3V,27490,20138,116.14,
68.8083,-9.7367,6.37,0.11,A1m,29173,21377,,
72.6517,70.9417,6.37,-0.08,A0IV,30085,22508,198.41,
71.9567,-30.0203,6.37,1.07,K1IV,30608,22280,157.48,
73.7429,19.4853,6.37,0.29,F3IV,31236,22850,68.17,
74.0650,24.5922,6.37,0.33,F0,31362,22949,43.2,
78.6483,76.4728,6.37,-0.02,A0V,32781,24440,129.03,
78.3888,-8.1478,6.37,-0.13,B5V,33948,,,
82.6879,39.8258,6.37,0.97,G9III,36041,25810,141.24,
84.7392,26.6178,6.37,,G9III,37329,26571,130.72,
90.4233,22.4008,6.37,-0.07,B8V,40724,28561,179.21,
93.9750,1.1692,6.37,0.46,F5IV:,43358,29746,92.94,
100.4971,6.3450,6.37,-0.05,O6.5V,48099,32067,,
100.9033,-73.1181,6.37,0.96,G8III,49947,32222,128.87,
104.5317,-27.1647,6.37,-0.19,B2.5III,51925,33532,,
111.6162,10.6083,6.37,0.09,A2IV,58552,36123,96.81,
114.3200,-23.7750,6.37,0.54,F0II,61227,37089,,
122.1567,-37.6814,6.37,-0.04,B4V,67888,39866,,
123.4213,-33.5692,6.37,1.14,K2III,69002,40291,115.61,
130.9988,4.3347,6.37,-0.06,B9.5III-IV,74393,42854,,
131.7050,-34.6228,6.37,-0.13,B4V,75112,43114,274.73,
136.5317,-64.4997,6.37,1.35,K3III,78632,44665,180.83,
145.0838,-10.7692,6.37,0.08,A2V,83731,47454,,
147.4638,-36.2686,6.37,1.01,K0III,85296,48219,170.36,
152.1429,83.9183,6.37,1.52,K0,86321,49688,271.0,
149.0913,-51.3361,6.37,-0.17,B2IV-V,86352,48730,,
151.4204,15.7575,6.37,0.37,F2Vn,87500,49445,114.03,
154.8842,-5.1058,6.37,0.9,K0,89490,50552,89.77,
160.2150,-35.7417,6.37,0.92,G8-K0III+F-G,92589,52273,213.22,
161.5238,6.3731,6.37,1.12,gK1,93244,52660,107.76,
171.4583,3.8600,6.37,0.33,F3IV,99329,55791,61.43,
175.1142,57.9706,6.37,-0.12,B9pHgMn:,101391,56944,161.29,
181.4992,-3.1317,6.37,1.0,gG8,105089,59010,152.91,
182.0200,-50.7633,6.37,-0.05,B9V,105383,,,
186.9254,8.6103,6.37,0.93,G8III,108471,60804,220.26,
189.6929,40.8744,6.37,0.18,A7Vn,109980,61692,65.49,
198.8571,-69.6797,6.37,1.21,K2-3III,114912,64682,93.9,
199.3746,-0.6767,6.37,0.26,F0V,115488,64838,74.35,
203.3988,-65.6325,6.37,-0.02,A0V,117651,66152,106.95,
203.5908,38.7892,6.37,0.21,F0IV,118156,66223,68.31,
209.3837,61.4928,6.37,,K3V,122064,68184,10.1,
220.4629,-30.9333,6.37,-0.09,ApSi,129161,71853,,
225.1612,47.2778,6.37,-0.14,B9pSiSrCr,133029,73454,146.2,
232.6163,36.8042,6.37,,K0,138383,75928,100.91,
239.0600,-14.3994,6.37,0.48,F7V:,142640,78059,63.94,
253.9908,-33.5072,6.37,1.71,K5III,152636,82855,178.25,
254.0075,-16.8061,6.37,0.92,K0IV,152781,82861,40.45,
254.3833,13.8842,6.37,0.94,K0V,153226,82989,61.39,
256.5404,9.7333,6.37,1.45,K5III,154610,83677,185.19,
256.5546,10.4542,6.37,0.87,G8III-IV,154619,83688,116.82,
262.0096,-8.2083,6.37,0.58,F5IV,158170,85474,91.16,
262.4475,-5.9197,6.37,0.93,K0III,158463,85622,72.05,
264.7071,32.7394,6.37,,gG5,160507,86362,144.93,
270.0646,0.6294,6.37,0.15,A3pSrCrEu,164258,88148,121.07,
272.1404,14.2847,6.37,0.17,A5m,166095,88862,163.13,
273.6712,56.5883,6.37,0.34,F1V,168092,89401,106.5,
276.4808,14.9667,6.37,0.01,B9V,169820,90337,114.68,
278.0867,-14.6442,6.37,0.22,A4V,170902,90884,74.02,
278.9987,-29.6992,6.37,1.27,K1III,171416,91172,,
280.5938,-64.6431,6.37,0.15,A5V,172021,91733,235.29,
284.8617,-18.5669,6.37,0.99,G3II,176123,93234,,
285.7792,-19.1033,6.37,0.48,F5IV-V,176903,93543,81.3,
290.8917,33.2222,6.37,0.81,G8V,182488,95319,15.49,
292.8067,55.7319,6.37,1.16,K2II-IIIe+A0V,184398,96003,322.58,
302.7800,-57.5239,6.37,0.06,B7V+A3V,191095,99453,138.7,
310.0488,-23.7739,6.37,0.72,G8V,196761,101997,14.65,
315.3671,-68.2097,6.37,0.1,A2V,199475,103752,83.33,
315.8583,50.3519,6.37,0.98,K0,200740,103929,119.05,
327.9054,65.7528,6.37,,A1m,208132,107893,79.68,
330.6108,-16.9642,6.37,0.42,A2V+K0III,209278,108797,,
330.5058,10.9739,6.37,-0.1,B5IIIn,209288,108766,,
332.1779,-33.1256,6.37,0.2,A2III/IV,210111,109306,78.74,
332.5638,72.1111,6.37,-0.06,B9pHgMn:,210873,109434,156.74,
334.1237,27.8042,6.37,0.99,G9III,211432,109977,122.4,
337.5725,-14.5858,6.37,-0.04,B8V s,213236,111086,194.17,
342.0892,-61.6842,6.37,1.06,K0III,215682,112603,120.63,
344.5987,-1.4103,6.37,0.35,F0-2V,217131,113433,97.28,
349.9300,-33.7081,6.37,1.3,K2III,219912,115178,175.44,
352.0217,-11.4497,6.37,0.9,G0V,220957,115839,113.25,
16.7896,53.4983,6.38,,K2III,6540,5251,,
20.4963,76.2389,6.38,0.28,F0IVn,7925,6378,76.69,
23.9688,41.0764,6.38,1.11,K1III,9712,7444,118.91,
47.6475,-23.7383,6.38,0.93,K0IV,19826,14757,84.18,
50.9129,4.8819,6.38,0.86,G5III,21018,15807,,
52.9746,-25.6142,6.38,0.12,A3V,21997,16449,73.8,
59.9167,38.8206,6.38,0.1,A1Vp:,24982,18657,,
61.8400,-64.2225,6.38,0.64,G3V,26491,19233,23.19,
83.8796,-4.3647,6.38,-0.14,B2.5IV,37040,26257,,
84.8179,-17.8494,6.38,-0.12,B7V,37643,26602,,
87.3921,-44.8753,6.38,1.27,K1III,39312,27512,,
94.5704,46.3606,6.38,1.11,K2III,43380,29949,106.04,
99.4038,10.8531,6.38,,K0,47156,31662,,
99.8808,24.6000,6.38,0.53,F8IV,47415,31850,35.16,
102.9137,3.0417,6.38,0.04,A2V s,50062,32931,91.32,
106.2875,47.7750,6.38,-0.04,B9IIIn,52860,34168,,
112.2137,-31.8483,6.38,-0.17,B3V,59499,36345,178.57,
114.3242,40.0253,6.38,,M1,60654,37091,196.08,
114.4383,-38.0106,6.38,1.48,K4III,61453,37128,173.61,
116.1829,-66.0719,6.38,0.95,G6-8III,63513,37773,198.81,
118.1525,55.2094,6.38,,A0Vn,63586,38449,134.95,
118.7521,-52.5831,6.38,-0.01,B8III,65189,38667,307.69,
123.5875,13.0483,6.38,,G8III,68776,40354,,
128.1387,-15.0294,6.38,0.27,F0Vn,72462,41893,70.92,
128.2146,-31.5008,6.38,0.79,K0V,72673,41926,12.17,
132.7562,15.3506,6.38,0.64,G1V,75528,43454,39.97,
133.7250,-58.2400,6.38,-0.11,B5V,76640,43763,266.67,
134.7950,18.1347,6.38,1.55,M4III,76830,44126,,
136.0413,27.8983,6.38,0.0,A1V,77557,44512,185.53,
153.3533,-33.0319,6.38,0.59,G1V,88742,50075,22.74,
163.0571,1.0253,6.38,0.08,A3V,94180,53141,,
163.3871,-15.4456,6.38,1.16,K3IV,94386,53259,76.86,
168.0617,-32.4339,6.38,1.7,M1III,97393,54725,207.47,
172.8125,-61.2783,6.38,0.52,A3Iae,100198,56201,,
188.4967,-49.9094,6.38,0.46,F3III-IV,109312,61328,67.34,
189.7587,22.6594,6.38,1.1,K1III,109996,61719,111.73,
190.7675,61.1556,6.38,1.26,K0,110678,62046,146.41,
200.7608,-48.5628,6.38,-0.07,B6IV,116226,65303,,
207.4375,36.6328,6.38,,A7IV-V,120600,67483,64.89,
214.1008,39.7447,6.38,0.36,F2IV,125111,69735,48.26,
219.0288,23.2503,6.38,1.06,K0,128402,71406,115.61,
220.4758,21.1236,6.38,,G8III-IV,129430,71857,145.77,
225.2183,22.0456,6.38,,K0,132879,73464,,
232.3383,62.0997,6.38,,K5,138524,75822,208.77,
232.8433,36.6164,6.38,0.5,F6III,138525,76006,69.11,
256.7204,-1.6564,6.38,0.2,A9V,154660,83738,87.87,
264.0329,28.1847,6.38,,K5,159926,86130,128.7,
268.4396,-34.7858,6.38,0.0,B9V,162678,,,
268.0042,46.6433,6.38,1.09,K0III,163075,87434,107.41,
268.5592,11.1306,6.38,0.45,F5Vn,163151,87655,67.93,
272.4900,-59.0400,6.38,1.55,K4III,165497,89006,196.85,
272.2925,30.4694,6.38,1.19,gK1,166411,88929,134.95,
276.0146,-3.5833,6.38,0.34,F6III-IV,169268,90174,66.23,
279.9037,5.2642,6.38,0.78,F8Ib-II,172365,91499,,
289.5392,-53.3867,6.38,0.49,F7V,180134,94858,45.58,
259.2367,89.0378,6.38,1.57,M1III,183030,84535,268.82,
291.6104,62.5572,6.38,1.39,K5III,183611,95576,209.21,
293.8550,2.9133,6.38,0.41,F6IV,184663,96351,42.03,
294.0658,14.3917,6.38,1.04,K0II-III,184944,96428,108.46,
294.8558,16.5714,6.38,2.07,K4Ib,185622,96688,,
297.4775,28.4406,6.38,-0.06,B5V,187640,97572,,
311.3675,18.0903,6.38,1.68,M5II-III,197812,102440,,
313.2733,-11.5736,6.38,0.67,G1V,198802,103077,45.11,
318.6542,0.0922,6.38,1.61,M1III,202259,104872,210.08,
320.3183,-49.9378,6.38,1.32,K3III,203010,105425,111.73,
323.4767,-82.6831,6.38,0.13,B3IV,203532,106474,249.38,
321.0329,-22.7469,6.38,1.02,gK0,203639,105662,145.99,
327.5546,-16.8447,6.38,1.42,K0,207552,107797,226.76,
331.1433,32.9419,6.38,1.1,G5Ia,209693,108969,,
337.9221,-10.9056,6.38,0.28,A8III,213464,111200,69.01,
338.9658,56.0700,6.38,0.12,A3V,214279,111543,107.76,
349.3288,75.2992,6.38,0.03,A2V s,219841,114984,192.68,
352.9900,-1.0858,6.38,1.18,K1III,221409,116146,,
0.1821,45.2533,6.38,-0.07,B9pSiEu,224801,63,207.9,
5.7158,-12.2094,6.39,0.66,G2V,1835,1803,20.39,
9.3771,3.1353,6.39,1.33,K4III,3457,2954,176.99,
11.6767,59.5744,6.39,1.09,G0Ib,4362,3649,,
12.7392,51.5081,6.39,0.28,F2IV,4818,3965,66.67,
15.1292,70.9831,6.39,0.13,A4IV,5715,4709,108.93,
23.0317,34.8000,6.39,-0.12,B7IIIpHgMn,9298,7147,,
25.0546,53.8683,6.39,1.61,K5III,10110,7786,189.04,
26.5042,-27.3492,6.39,0.36,F2Vn,10863,8233,43.18,
39.5033,7.6953,6.39,0.44,F6IV,16399,12272,82.58,
50.1883,-26.6064,6.39,0.54,F7V,20853,15585,48.57,
50.3888,-47.7769,6.39,1.0,K0III,21011,15655,139.08,
51.4825,-35.9208,6.39,0.08,A1IV,21423,15987,99.9,
52.9546,49.4008,6.39,0.09,B9III,21661,16447,,
54.4492,15.4308,6.39,0.17,A5IV,22522,16924,73.96,
61.0363,-16.5889,6.39,1.26,K2,25700,18990,138.89,
65.7821,-35.5450,6.39,1.24,K1III,27941,20467,257.73,
66.3296,-44.1608,6.39,0.44,F6V,28246,20630,37.04,
68.0200,5.4100,6.39,0.42,F5V,28736,21152,43.23,
80.1100,-5.3667,6.39,-0.03,B8III,34880,24925,,
82.2362,-3.3075,6.39,-0.01,A0Vn,36058,25667,233.64,
85.9213,-45.8331,6.39,0.29,A9V,38458,27001,81.7,
91.6633,63.4536,6.39,,K0,40956,28951,127.06,
93.0796,22.9083,6.39,2.24,M1-2Ia-Iab,42543,29450,,
93.4379,-23.8619,6.39,0.72,G5,43162,29568,16.69,
94.0992,17.1814,6.39,1.58,K5II,43335,29798,,
96.1829,-28.7800,6.39,0.62,G2IV,45184,30503,22.04,
112.2137,-64.5100,6.39,1.56,K5III,60150,36346,208.77,
114.0071,-55.8875,6.39,1.18,K1-2IIICNII,61394,36977,184.5,
116.6871,-12.6753,6.39,-0.02,A0V,63112,37951,,
127.1217,-2.5172,6.39,0.33,A5m,71663,41564,85.25,
127.7950,-47.8667,6.39,-0.15,B2.5V,72485,41781,322.58,
130.0267,20.0078,6.39,0.98,G8III,73665,42516,180.18,
132.4683,-39.1417,6.39,0.23,A5III,75654,43354,78.0,
133.1700,-52.1292,6.39,0.0,A0V,76230,43593,139.08,
133.9829,-23.8183,6.39,0.16,A7V:n,76512,43853,70.22,
139.9496,-34.1033,6.39,-0.1,B8V,80590,45754,208.77,
145.6796,48.4311,6.39,-0.01,A1V,83869,47633,133.51,
155.9242,29.6158,6.39,1.09,G8III,89993,50904,114.81,
162.2083,65.1322,6.39,-0.02,A1V,93427,52877,128.87,
165.2742,63.4211,6.39,0.16,A2Vm,95256,53860,87.18,
175.7308,-79.3064,6.39,0.9,K0III-IV,101917,57137,55.71,
182.6317,16.8092,6.39,0.06,A4V,105778,59352,,
190.9946,-36.3492,6.39,-0.06,A0V,110653,62128,,
211.0608,-5.3814,6.39,1.32,K0,122815,68739,90.42,
213.8383,-53.5097,6.39,1.57,K3III,124454,69655,,
214.1425,-59.9139,6.39,2.04,M5IIe,124601,69754,,
213.6708,21.8733,6.39,0.18,A7V,124713,69592,59.0,
217.7354,-40.8450,6.39,1.44,K3III,127152,70966,,
219.8529,-49.0556,6.39,0.44,F3IV,128617,71658,55.83,
227.0813,50.0550,6.39,1.03,K0III,134493,74083,129.7,
230.2788,24.9578,6.39,1.23,K0,136643,75125,170.36,
236.9737,-65.4425,6.39,0.24,F0-2IV,140484,,,
243.1342,75.2106,6.39,,K2IV,147142,79420,234.74,
257.5263,-61.6756,6.39,-0.04,B8II-III,154555,83984,,
262.3571,-38.5167,6.39,0.09,A2V,158156,85589,101.73,
262.5933,11.9250,6.39,0.06,A1V,158716,85666,94.79,
265.9525,-13.5086,6.39,0.37,F0V,161023,86769,42.68,
272.4308,-13.9344,6.39,1.42,K0,166103,88981,205.34,
281.9558,-77.8672,6.39,0.6,F8V,171990,92233,43.12,
281.4087,79.9425,6.39,0.28,A8V,175938,92040,88.26,
285.2729,19.3097,6.39,,K1III,176776,93374,140.06,
285.4513,33.6214,6.39,-0.12,B5IV,177109,93437,340.14,
294.9671,-66.6856,6.39,0.02,A1V,184586,96734,102.88,
299.0063,-81.3497,6.39,1.4,K3-4III,186154,98086,212.77,
299.7208,-68.7622,6.39,0.16,A0V+F5IV,188164,98346,104.6,
304.0987,-36.4544,6.39,1.54,M4III,192472,99920,,
305.5125,41.1314,6.39,1.07,G5III+A,194069,100434,,
306.7821,34.3289,6.39,0.48,F1II,194951,100866,,
307.7367,-29.1125,6.39,0.21,A5V,195206,101211,182.15,
318.4275,64.4039,6.39,0.6,G2IV+G2IV,202582,104788,41.39,
322.2513,-53.7058,6.39,1.14,K2IIICNIb,204228,106065,110.74,
328.5725,19.7183,6.39,0.97,K0III+F7V,208202,108119,111.73,
331.5563,56.3431,6.39,-0.1,A0III,210071,109124,176.68,
333.1825,-4.7208,6.39,0.5,F7V,210763,109647,93.63,
334.5179,-0.2378,6.39,0.44,F3V,211575,110091,41.48,
340.7687,47.1686,6.39,0.47,A1V+G:,215242,112170,,
345.6883,44.0589,6.39,0.0,B2V,217811,113802,,
346.3233,1.3069,6.39,0.94,G9III,218103,114005,125.31,
350.1442,62.2131,6.39,1.61,K2III,220130,115245,,
352.7546,-6.2883,6.39,1.26,K0,221308,116060,,
353.8838,-7.4644,6.39,0.88,gG5,221835,116428,139.08,
358.1046,75.5447,6.39,0.98,K3V,223778,117712,10.79,
8.7304,13.3711,6.40,,K0,3166,2734,122.7,
9.9471,82.4939,6.40,0.55,dF6,3440,3132,32.31,
17.5500,-8.9061,6.40,1.04,K0III,6976,5485,111.86,
42.9804,-30.8144,6.40,0.48,F8IV-V,17926,13363,32.07,
53.3837,58.7650,6.40,0.14,A4III,21769,16587,,
53.6396,-31.8747,6.40,1.4,K3III,22322,16672,,
67.2163,30.3614,6.40,0.52,F7V,28271,20904,54.29,
83.8992,-3.2528,6.40,-0.12,B3IV,37055,26263,,
91.2887,75.5858,6.40,,K5,40055,28831,220.75,
95.8271,3.7644,6.40,-0.15,B3V,44700,30382,,
96.4950,-7.8942,6.40,0.14,A4V,45239,30608,170.65,
97.9058,15.9033,6.40,,A8V,46031,31105,102.56,
98.3608,-20.9239,6.40,0.83,G5,46602,31266,112.99,
103.2504,-26.9575,6.40,1.53,M4III,50648,33040,254.45,
104.8662,25.9142,6.40,-0.11,B8III,51688,33650,,
105.2075,-33.4653,6.40,1.05,G8II-III,52703,33774,128.21,
110.5558,38.9961,6.40,1.22,K0,57263,35725,163.4,
115.9288,-38.2019,6.40,-0.16,B9VpSi,62712,37666,177.94,
120.6283,63.0903,6.40,0.59,G1III,65448,39340,160.26,
135.7717,-53.5497,6.40,-0.09,B6V,77907,44423,264.55,
136.8621,22.9811,6.40,,F4V,78175,44768,58.93,
144.4646,-9.4244,6.40,-0.04,A1V,83373,47249,114.94,
152.8967,-58.8281,6.40,1.66,M3III,88647,49926,231.48,
154.5046,73.0733,6.40,0.23,F2V,88815,50447,62.34,
154.7529,24.7117,6.40,,K0,89344,50516,,
168.0458,68.2719,6.40,,A3V,97138,54721,92.0,
168.1442,-21.7492,6.40,1.38,K0,97428,54749,210.08,
173.4846,36.8156,6.40,1.05,K0III,100470,56410,130.21,
185.6333,5.3056,6.40,0.6,F8V,107705,60353,29.82,
185.9037,-39.3031,6.40,0.29,F2V,107833,60454,119.33,
190.8675,-58.9031,6.40,1.09,K0-1III,110532,62084,204.5,
191.1083,80.6211,6.40,0.12,A5m,111112,62170,141.84,
201.8113,-40.1631,6.40,0.98,G8/K0III,116873,65621,138.7,
207.7467,68.3153,6.40,1.17,K2IV,121146,67589,95.06,
209.9554,-3.5497,6.40,0.49,F8V,122106,68380,77.58,
212.0596,-63.2081,6.40,1.02,G8-K0III,123151,69065,117.92,
218.8217,-60.0158,6.40,1.26,K2III,127724,71333,186.92,
221.5454,-21.1761,6.40,0.58,F7V,129980,72217,42.3,
223.3471,15.7044,6.40,0.57,F9V,131473,72846,49.02,
238.0533,-29.8867,6.40,0.98,K1III,141832,77729,80.58,
245.7354,32.3331,6.40,0.08,A4Vn,147835,80247,157.98,
254.7608,69.1864,6.40,,K0,154319,83114,87.26,
262.6825,57.8764,6.40,,K2III,159330,85692,354.61,
263.6133,16.5039,6.40,,A8Vn,159503,85987,180.83,
265.7787,-33.0511,6.40,1.81,M1III,160748,86716,,
272.4062,38.4575,6.40,0.87,K2V,166620,88972,11.1,
274.3487,-28.2892,6.40,0.54,G0V,167665,89620,29.66,
275.2796,49.7256,6.40,1.07,K1III,169221,89943,204.92,
278.6979,10.8917,6.40,0.08,A1V,171505,91090,194.93,
279.5875,8.8339,6.40,1.32,M6IIIe+K1III,172171,91389,,
281.9167,49.0750,6.40,,A1V,174366,92219,144.51,
285.2679,-37.0619,6.40,-0.03,B8V-IV,176270,93371,,
285.4563,22.2639,6.40,0.16,A4V,176971,93443,126.9,
290.9454,20.2644,6.40,0.01,B9.5V,182422,95340,,
308.6975,-30.4736,6.40,-0.08,B8V,195843,101552,181.82,
311.9492,3.3067,6.40,-0.02,A0Vn,198070,102631,143.27,
311.8367,45.5797,6.40,1.61,K3III,198237,102585,,
319.3063,-13.2789,6.40,0.04,A2V,202606,105079,186.92,
319.7267,-28.7656,6.40,0.97,G8IV,202773,105228,123.76,
320.2558,40.3456,6.40,0.53,F8V,203454,105406,26.57,
322.1033,8.1956,6.40,1.64,M1,204445,106021,,
323.8162,-23.4542,6.40,1.1,gG7,205342,106590,118.06,
326.4354,35.8572,6.40,1.0,G8III,207088,107445,153.14,
329.1000,21.2397,6.40,1.7,K5V,208527,108296,,
337.5063,-12.9150,6.40,0.32,F3IV,213198,111066,81.1,
337.5271,49.3561,6.40,1.15,K2IIIe,213389,111072,122.25,
339.1517,11.6969,6.40,0.0,A1III,214203,111601,115.21,
339.5729,45.1831,6.40,,G2III+A4V,214558,111753,160.26,
342.6629,19.1408,6.40,,K0,216201,112803,159.49,
343.8121,-36.3886,6.40,1.31,K2III,216666,113189,221.73,
346.7933,59.7275,6.40,-0.01,B2V,218440,114163,,
355.6312,61.6794,6.40,1.24,K2III,222682,116962,140.85,
1.0846,-29.2686,6.40,0.0,A0V,225200,345,129.03,
8.9779,13.2067,6.41,0.52,F7V,3268,2832,37.61,
9.3254,-54.3942,6.41,1.0,K0II-IIICNIV,3488,2937,145.99,
17.5308,-57.6944,6.41,0.89,G6II-III,7082,5477,126.58,
18.2913,61.7058,6.41,0.01,B9V,7157,5688,200.0,
21.6137,-0.3986,6.41,1.24,K0IV,8779,6717,212.77,
36.3596,-66.4947,6.41,1.54,M5III,15379,11293,282.49,
44.3863,-38.1911,6.41,-0.03,A0Vn,18546,13789,110.99,
46.9475,47.3083,6.41,0.12,A3Vnn,19279,14544,75.41,
53.1629,44.8556,6.41,0.03,B2IV,21803,16516,,
53.2150,-61.0169,6.41,1.04,K0III,22382,16531,131.58,
60.3112,36.9900,6.41,-0.01,A0V,25152,18769,114.42,
55.6337,-85.2622,6.41,-0.01,B9.5IV,25887,17328,147.49,
73.2908,52.8408,6.41,,A2V,30752,22720,160.51,
73.3771,-66.6756,6.41,1.63,M0-1III,31754,22737,352.11,
77.4029,69.6394,6.41,1.11,K1III,32518,24003,117.37,
75.9667,-14.3694,6.41,-0.18,B2.5IV,32612,23551,,
77.4354,64.9194,6.41,0.4,F6V,32715,24017,39.57,
77.6854,-25.9094,6.41,1.25,K1III,33667,24114,222.22,
82.0067,1.2983,6.41,-0.18,B2V,35912,25582,,
94.4654,-52.7331,6.41,1.46,K2-3III,44267,29913,263.16,
99.9917,44.0139,6.41,,K1III,47270,31889,203.25,
103.5354,-5.8525,6.41,0.17,A6Vn,50700,33154,,
103.1892,-59.3411,6.41,0.18,A3m,51210,33012,144.09,
108.8304,-0.1614,6.41,0.9,G5III,56003,35080,162.6,
113.6654,80.8967,6.41,,gG7,57508,36858,236.41,
111.1154,15.5172,6.41,-0.18,B2Ve,58050,35933,,
111.6721,11.0092,6.41,-0.13,B6IV,58599,36141,,
115.3408,-44.6322,6.41,0.0,B7IV-V,62318,37461,349.65,
119.5242,7.2136,6.41,-0.04,A0V,65241,38945,,
121.4567,-0.5736,6.41,1.05,K0,66950,39625,,
125.6838,60.6311,6.41,0.97,K0III,69976,41060,136.24,
131.3367,-2.6008,6.41,0.52,F2IV,74688,42951,,
139.4642,11.5011,6.41,0.07,A2IV,80064,45614,166.11,
140.8825,25.1831,6.41,0.82,G5IV,80956,46058,208.33,
145.6725,-35.5017,6.41,-0.06,ApSi,84224,47627,,
149.0225,-40.8247,6.41,1.61,M1III,86211,48706,257.73,
153.3383,-61.6589,6.41,-0.11,B2V,88907,50067,313.48,
166.6008,-64.8397,6.41,0.12,A3V,96568,54289,145.14,
168.1342,35.8136,6.41,0.61,G0V,97334,54745,21.72,
170.0163,-71.9944,6.41,0.05,B4V,98695,55350,232.56,
172.5538,54.3617,6.41,,K0III,99913,56120,196.85,
191.9642,3.5728,6.41,1.6,M3IIIb,111239,62443,176.06,
192.8454,-10.3383,6.41,1.02,G8III,111720,62743,118.34,
205.7275,-50.7906,6.41,1.67,M0III,119193,66923,,
226.1787,-40.8614,6.41,1.46,M6III,133220,73764,,
240.2946,-63.7767,6.41,0.78,F8II,142941,78476,,
241.4992,-6.1394,6.41,1.03,K0,144390,78870,106.5,
243.4404,-24.4219,6.41,0.04,B5V,145792,79530,138.89,
243.6200,-21.1075,6.41,-0.01,A0V,145964,79599,105.82,
244.5392,68.5544,6.41,,K0,147662,79867,182.15,
248.8596,17.0572,6.41,0.05,A2V,149632,81231,162.07,
254.1050,65.0392,6.41,0.38,F1-3V,153697,82898,67.11,
260.6642,-37.8050,6.41,0.64,B4Ia,157038,85020,,
261.5038,26.8789,6.41,0.1,A5IV,158067,85313,207.47,
271.9513,-64.5500,6.41,1.26,K2-3III,164871,88815,164.2,
280.4221,31.6178,6.41,-0.04,B8V,172958,91675,,
284.8012,39.2178,6.41,-0.17,B5IV,176582,93210,251.89,
288.1167,-21.6581,6.41,1.13,gG8,179201,94372,140.25,
289.7121,0.3392,6.41,1.05,K0-IIIa:Ba0.4CH1,181053,94913,149.7,
306.5050,19.8650,6.41,1.02,K0III,194616,100779,207.04,
307.1817,-15.7417,6.41,0.99,K0III,194918,101011,189.39,
307.4996,45.9286,6.41,1.13,K2III,195506,101133,127.23,
309.0346,25.8825,6.41,0.21,A5III,196362,101641,215.05,
311.1379,69.7519,6.41,,G8III,198236,102370,132.28,
313.5283,-27.9256,6.41,1.6,M4III,198853,103168,,
321.0696,-69.7342,6.41,2.82,C5II,203133,105678,,
323.3238,-52.7375,6.41,1.48,K4III,204873,106419,,
323.7208,-29.6961,6.41,-0.11,B8III,205265,106564,,
328.9817,-30.6064,6.41,0.93,G8III,208285,108259,126.26,
330.4671,-77.6625,6.41,0.22,A5IV-V,208500,108759,95.42,
335.4621,42.0783,6.41,-0.08,B5V,212222,110408,219.3,
340.8096,-6.9628,6.41,-0.04,A0Vn,215143,112179,112.74,
346.0042,6.6167,6.41,0.39,F2V,217926,113904,83.26,
348.0500,-80.9128,6.41,1.5,K4III,218559,114550,178.57,
348.5904,29.7717,6.41,0.45,F6IV w,219291,114725,112.74,
352.9296,28.4036,6.41,0.01,A1pSrCr:Eu:,221394,116119,147.49,
357.1625,64.8764,6.41,0.06,A0pSrSi:Cr:,223358,117430,220.26,
8.3304,70.9817,6.42,-0.01,A0Vn,2904,2628,161.81,
9.1558,-65.1247,6.42,1.26,K2-3III,3444,2889,198.02,
30.6171,-29.6650,6.42,0.14,A3III,12563,9521,138.5,
32.1400,44.4594,6.42,,G8III-IV,13013,9983,131.93,
47.5367,27.8200,6.42,0.01,A0V,19600,14719,184.5,
54.5008,42.5831,6.42,-0.06,B8Vn,22402,16938,254.45,
72.7346,-53.4597,6.42,,F4V:,31204,22534,32.07,
79.1713,1.9472,6.42,-0.02,A0V,34317,24607,186.57,
81.6617,6.8692,6.42,-0.02,A0Vn,35656,25453,93.63,
85.4179,-2.8961,6.42,0.3,A9IV-V,37904,26820,83.68,
90.7233,43.3786,6.42,,K0,40722,28642,125.79,
98.4279,33.0242,6.42,0.03,A3V,46251,31290,136.05,
100.3375,28.1964,6.42,1.09,G5Ib,47731,32019,,
102.8867,-48.2925,6.42,1.21,K2-3III,50621,32918,213.22,
104.6825,-30.9978,6.42,-0.14,B3V,52140,33591,236.41,
124.4825,-59.1669,6.42,0.39,F5V,70267,40655,77.88,
129.7500,52.9250,6.42,,K0,73131,42415,178.25,
130.7375,-35.9433,6.42,0.02,A0V,74475,42775,134.59,
133.1608,-36.5456,6.42,0.56,G8III+A3-5V,76072,43590,325.73,
144.4842,73.0806,6.42,,F2V+F1V,82685,47260,69.59,
147.8400,-6.1817,6.42,0.58,F8V,85380,48351,44.54,
150.7058,-62.1564,6.42,1.72,K3Ib,87438,49223,,
160.3233,-59.6769,6.42,0.08,WN7-A,92740,52308,,
172.7204,47.9292,6.42,0.88,G9IV,100030,56170,100.7,
174.7517,-24.7211,6.42,0.82,G5,101259,56830,64.72,
179.5300,32.2739,6.42,0.29,A9V,103928,58369,47.42,
180.6192,-71.4889,6.42,1.17,K1III,104570,58706,129.03,
186.1112,25.5828,6.42,0.27,A7V+F4V,108007,60525,97.75,
187.8196,-57.0811,6.42,0.16,A3V,108925,,,
204.5317,-58.4150,6.42,1.12,K1III,118384,66521,144.93,
211.6046,-59.7156,6.42,0.12,B0Ia,122879,68902,,
216.0971,-82.8486,6.42,0.02,B8Ve,124639,70418,270.27,
233.9554,38.3739,6.42,,K2,139284,76366,209.64,
236.8558,-40.1942,6.42,0.88,G5III-IV,140861,77350,127.06,
263.0625,11.9303,6.42,-0.01,B9.5VpHgMn,159082,85826,151.75,
264.1654,69.5708,6.42,0.58,F9V,160933,86184,42.5,
268.4921,-34.8317,6.42,0.01,ApSi*,162725,87624,,
278.3471,8.2683,6.42,-0.03,B8IIIpSiSr:,171247,90971,,
279.3025,11.4217,6.42,-0.02,B9V,171975,91286,176.99,
280.4271,-14.5642,6.42,0.81,F2Ib,172594,91677,,
281.5050,-19.6064,6.42,1.65,M4III,173425,92079,,
302.0271,16.6642,6.42,1.91,M3III,191178,99176,,
309.9658,11.2497,6.42,0.55,F8IV:,196885,101966,32.99,
316.1737,2.9419,6.42,1.05,K0,200661,104041,122.55,
319.3283,58.6117,6.42,0.2,B2IIIe,203025,105091,,
329.2592,48.6686,6.42,-0.08,B8V,208727,108348,302.11,
332.0687,49.7964,6.42,,K5III,210289,109272,341.3,
335.1650,50.9808,6.42,,K2,212071,110316,,
338.1479,20.2300,6.42,0.32,F1V,213617,111278,52.91,
347.4567,-14.5106,6.42,0.01,A0Vn,218639,114371,105.82,
357.4567,-25.3314,6.42,0.12,A3V,223466,117510,121.36,
1.9338,-2.5489,6.43,-0.14,B8IIIpSi,315,635,149.48,
7.0879,-20.3350,6.43,0.59,G0V,2475,2237,32.25,
16.7508,56.9350,6.43,1.18,K2III,6497,5240,97.47,
18.5208,28.5297,6.43,1.7,S3+/2-,7351,5772,,
32.3462,17.2244,6.43,,F5V,13201,10050,39.26,
56.5121,24.5281,6.43,-0.02,A0Vn,23441,17588,108.58,
83.4350,-54.9022,6.43,0.55,F8V,37226,26079,56.18,
85.3375,29.4875,6.43,-0.11,B8IV,37646,26781,,
95.3004,29.5411,6.43,0.06,A1V s,44092,30200,103.73,
94.0771,-59.2136,6.43,0.59,G0V,44120,29788,36.36,
96.8979,32.5631,6.43,1.26,K0,45192,30741,133.51,
105.5650,-43.4042,6.43,-0.04,A0V,53253,33909,125.16,
107.5279,21.2469,6.43,0.89,G9V,54563,34608,46.15,
108.2042,27.2247,6.43,0.49,F8V,55130,34860,44.15,
110.5083,-8.9792,6.43,-0.19,O9V,57682,35707,,
116.0583,12.8594,6.43,,K0,62407,37723,,
115.5425,-58.6308,6.43,-0.1,B2.5V,62758,37530,327.87,
116.9383,-16.0144,6.43,1.7,M2II-III,63323,38037,,
123.2146,-37.9244,6.43,0.1,A3V,68862,40220,172.12,
124.8725,-34.5903,6.43,-0.08,B9pHgMn,70235,40787,250.0,
127.0821,-8.8161,6.43,1.2,K0,71665,41547,,
128.6321,-32.5986,6.43,0.75,G5IV-V,72954,42075,62.77,
132.0367,-42.4639,6.43,-0.2,B2IV-V,75387,43209,,
143.2825,-39.1289,6.43,0.33,F0IV,82785,46874,72.73,
151.0975,-39.9758,6.43,1.3,K1III,87477,49343,195.31,
154.7458,46.7608,6.43,,K1III,89268,50509,,
157.6633,-61.3561,6.43,1.76,M2IIIe,91270,51461,248.76,
165.1067,51.5019,6.43,,G9III,95233,53798,174.22,
170.4554,57.0750,6.43,0.15,A7Vn,98673,55485,78.19,
170.4879,-77.6083,6.43,0.2,A5III-IV,99015,55497,74.63,
179.7267,-25.9089,6.43,0.03,A0-1V,104039,58436,273.22,
182.9371,57.0544,6.43,,gK5,106002,59458,297.62,
192.5725,22.8633,6.43,1.0,K0III,111591,62653,133.51,
196.3783,-52.1150,6.43,1.7,M1III,113602,63883,,
202.3121,-1.3644,6.43,1.11,K0III,117267,65796,147.06,
202.1904,50.7183,6.43,0.37,F0IV,117361,65754,77.7,
212.8800,1.3622,6.43,0.48,F7V,124115,69340,45.91,
218.3346,36.9594,6.43,,F8IV w,127986,71168,73.15,
232.2367,55.1950,6.43,0.08,A3m,138338,75788,91.83,
256.2708,43.8122,6.43,0.09,A3IV,154713,83593,144.09,
259.5800,-16.3119,6.43,1.66,M2IIIFe1,156462,84649,,
260.1400,48.1883,6.43,0.43,F4V,157373,84855,40.06,
261.2508,67.3064,6.43,0.76,K0V,158633,85235,12.8,
262.6679,38.8822,6.43,0.49,F6III,159026,85688,303.95,
266.7804,-38.1117,6.43,-0.02,B9V+A1V,161390,87042,116.96,
266.7838,47.6122,6.43,0.11,A2V s,162132,87045,131.58,
269.2325,-40.3056,6.43,1.43,K3III,163234,87865,176.68,
272.4996,-32.7197,6.43,1.02,K0IV,165978,89010,111.86,
276.9262,59.5492,6.43,,K0IV,170811,90476,111.98,
278.0292,3.6597,6.43,-0.04,A0pSiCr,170973,90858,,
286.2912,49.9233,6.43,,K3III,178208,93733,178.89,
290.3558,57.7669,6.43,,K2,182440,95143,294.99,
294.2892,29.3336,6.43,-0.09,B5V,185268,96503,268.1,
296.4150,36.0911,6.43,-0.03,B9.5VpSi,186901,97228,,
299.1879,50.9025,6.43,-0.01,A1V,189253,98146,107.41,
299.4842,42.2608,6.43,,A3V,189377,98253,,
301.9596,9.3997,6.43,0.46,F3V,191104,99158,43.25,
319.1233,42.2514,6.43,,K2,202720,105034,265.25,
323.1388,-24.5906,6.43,0.2,A7V,204943,106363,69.35,
329.2962,66.1561,6.43,-0.05,B2V,208947,108364,,
332.4917,-48.1072,6.43,1.39,K3III,210204,109408,210.53,
337.7237,-26.0736,6.43,1.08,K1III,213296,111138,122.4,
340.7312,37.8028,6.43,-0.09,B1V,215191,112144,,
344.6463,9.3569,6.43,0.64,G2V+G4V,217166,113445,30.94,
344.7875,59.8147,6.43,0.03,B9III,217348,113498,,
345.8400,58.5647,6.43,0.9,G8IV,217944,113852,87.8,
349.3192,45.1642,6.43,1.07,K0IV,219668,114981,73.91,
352.2533,-44.4978,6.43,1.18,K2III,221051,115907,163.4,
33.4229,58.5611,6.44,0.6,A3Iab,13476,10379,,
36.0838,-25.8475,6.44,1.32,K3III,14988,11212,164.47,
62.6908,-35.2739,6.44,1.07,K1+IIIaCH-1.5,26575,19509,,
63.4092,-1.1497,6.44,-0.13,B5IV,26739,19725,,
67.0392,-41.9600,6.44,1.64,M1III,28552,20856,328.95,
69.7679,-51.6728,6.44,1.32,K2III,29805,21666,201.21,
76.3837,19.8064,6.44,0.21,A5m,32642,23695,142.25,
89.9404,55.3208,6.44,0.31,A5m,40062,28385,104.82,
89.2042,-31.9761,6.44,1.07,G8III,40359,28138,238.1,
98.2929,-38.6253,6.44,1.0,G8III,46727,31241,144.3,
99.3633,24.5908,6.44,0.1,A3V,47020,31650,166.67,
106.5054,59.8019,6.44,,G8III:,52708,34250,107.18,
118.8071,-30.9175,6.44,,K4III,64974,38686,,
119.5892,-51.4486,6.44,0.25,A8-9IV,65867,38963,158.98,
122.7567,-37.2922,6.44,-0.01,O9.5II,68450,40063,,
123.8471,-50.4494,6.44,1.49,K3-4III,69596,40433,225.23,
126.4142,-17.4394,6.44,,K0,71231,41306,214.13,
130.0921,19.6700,6.44,1.02,G9III,73710,42549,,
135.1283,37.6044,6.44,,K5,76944,44231,,
136.2000,-57.8525,6.44,0.25,A8III,78293,44565,337.84,
152.9092,13.3550,6.44,0.46,F7V,88355,49929,69.01,
153.1575,-19.1536,6.44,0.5,F6V,88595,50013,42.11,
157.0158,48.7847,6.44,0.6,F9V,90508,51248,23.56,
163.1329,52.5036,6.44,1.11,K2III,94084,53157,96.62,
163.7983,-20.6650,6.44,1.1,K0,94619,53387,195.31,
174.6871,45.1086,6.44,0.56,G0V,101177,56809,23.29,
175.2850,-29.1964,6.44,0.66,G0V,101563,57001,41.53,
180.9346,-74.2139,6.44,1.23,G6III,104752,58810,282.49,
190.8596,-40.1778,6.44,0.25,A8V:,110575,62081,71.94,
191.9737,-24.8517,6.44,-0.06,B8III,111226,62448,,
193.4087,-4.2239,6.44,1.1,K0,112048,62915,104.06,
201.1271,12.4319,6.44,1.06,K0III,116594,65417,165.02,
203.6817,-33.3108,6.44,1.26,K2III,118010,66254,,
207.5808,-39.9011,6.44,0.99,K1III,120457,67537,112.49,
214.0896,-6.6219,6.44,0.28,A9III,124915,69727,52.11,
215.0363,30.4292,6.44,0.15,A5III,125658,70051,86.81,
227.8954,-45.2775,6.44,1.04,K1III,134444,74336,119.33,
235.0479,-70.2278,6.44,0.08,A1V,138965,76736,77.28,
237.0083,31.7358,6.44,,K5,141456,77397,252.53,
261.4913,-1.6517,6.44,0.46,F3V,157856,85307,61.77,
261.7300,-25.9433,6.44,-0.06,A0V,157864,85391,129.7,
262.9475,-33.7028,6.44,1.19,K2III,158619,85786,123.0,
278.3729,-58.7092,6.44,0.68,G5IV,170525,90981,50.4,
280.7925,70.7928,6.44,,K2,174205,91811,187.27,
297.1267,10.6942,6.44,0.96,F8Ib-II,187203,97454,,
297.2108,33.4372,6.44,0.2,B0.5Ib,187459,97485,,
306.2713,59.6000,6.44,0.09,A2IV s,194882,100714,290.7,
308.7312,-38.0897,6.44,0.26,A8III:,195814,101558,66.93,
313.0012,32.8492,6.44,-0.15,B3III,198820,102993,,
313.4933,-6.8897,6.44,0.37,F1IV,198949,103154,70.52,
322.2496,17.9058,6.44,1.39,K5,204560,106064,166.94,
331.4608,45.1122,6.44,-0.03,A0V,209932,109079,214.13,
332.5004,-28.2925,6.44,0.15,A5V,210300,109412,108.23,
346.2763,16.5631,6.44,0.83,G8IV,218101,113994,40.36,
357.5929,51.6217,6.44,0.37,F3V,223552,117551,40.52,
0.7821,-24.1453,6.44,1.18,G5,225069,253,147.49,
3.7792,31.5358,6.45,,K5,1075,1208,,
4.3858,-19.0511,6.45,0.37,F4IV-V,1343,1402,48.85,
9.0125,-14.9736,6.45,1.06,G9III,3325,2846,142.25,
15.7563,47.3761,6.45,0.25,A9IV,6114,4911,103.31,
20.8400,58.1431,6.45,,F4V,8272,6486,57.67,
28.4521,55.5981,6.45,0.18,A5m,11408,8847,73.48,
37.0000,1.9608,6.45,0.97,K0III,15328,11474,,
42.3629,37.3261,6.45,0.43,F6III-IV,17484,13176,116.28,
42.9396,58.3147,6.45,0.1,A1m,17581,13347,87.41,
49.2975,40.4833,6.45,,B9VpSi,20283,15282,,
56.0258,-40.6603,6.45,1.06,K1III,23508,17436,92.85,
63.4983,37.9669,6.45,,G9III,26605,19746,120.77,
70.9513,32.8653,6.45,,A8V,29867,22003,71.99,
88.1646,39.5744,6.45,0.09,A2V,39182,27777,202.84,
87.9979,-29.4486,6.45,1.48,K3III,39543,27705,212.77,
89.3100,-53.4261,6.45,1.48,K5-M0III,40665,28180,220.75,
91.1213,51.5733,6.45,0.18,A7III,40873,28765,120.77,
90.5383,-60.0969,6.45,1.58,M4III,41586,28596,253.16,
93.3025,10.6275,6.45,0.67,G2V,42807,29525,18.12,
98.6367,55.3531,6.45,,K0III:,46101,31359,,
98.6933,7.5725,6.45,-0.02,A0V s,46642,31385,110.99,
101.2163,-27.3414,6.45,0.54,G2V,48938,32322,26.6,
104.6508,-56.3947,6.45,0.39,F2II,52622,33577,99.9,
105.9887,-10.1242,6.45,-0.08,B9IIIn,53240,34066,,
110.0287,15.1428,6.45,-0.02,A2Vn,57049,35548,,
117.7500,-24.5283,6.45,-0.01,A0,64042,38316,154.8,
117.6767,-44.5797,6.45,0.9,G6III,64181,38292,172.12,
123.9604,60.3806,6.45,0.2,A7Vm,68457,40474,153.14,
124.4929,-30.0033,6.45,1.04,K0III,69879,40656,143.06,
129.8525,8.0172,6.45,1.08,K1III,73599,42462,168.92,
130.5408,-11.9661,6.45,0.16,A5m,74190,42701,116.28,
136.6796,59.3444,6.45,0.04,A2V,77692,44717,,
142.4483,55.7456,6.45,,F3V s,81790,46566,44.35,
146.3408,-30.2028,6.45,-0.13,B0.5IIIn,84567,47868,,
146.8579,11.5683,6.45,0.43,A7Vn,84722,48029,89.77,
151.0350,3.2011,6.45,0.4,F4V,87301,49329,54.95,
155.0617,53.7792,6.45,0.54,F9V,89389,50606,30.58,
158.4317,53.4975,6.45,,A1V,91311,51697,225.73,
169.4133,-34.7372,6.45,0.4,F4V,98221,55164,46.69,
171.9937,-35.3286,6.45,,K5III:,99712,55953,,
173.7658,20.4414,6.45,1.01,G9III,100655,56508,140.85,
178.2450,37.7186,6.45,0.75,G8Vp,103095,57939,9.16,
189.8204,35.9519,6.45,0.06,A0pSrCrEu,110066,61748,155.04,
199.0596,19.0517,6.45,0.98,G8III,115319,64751,94.07,
199.1346,19.7853,6.45,0.25,F0V,115365,64779,85.84,
203.1438,-29.5653,6.45,0.44,F3IV,117718,66060,47.24,
207.8350,-24.3908,6.45,0.69,G5V,120690,67620,19.92,
211.7350,74.5936,6.45,0.14,A7V,124063,68956,134.23,
213.7208,3.3361,6.45,1.6,M4IIIab,124681,69614,,
217.1813,-59.1978,6.45,0.14,A0II-III,126610,70798,,
228.3696,-25.3092,6.45,0.7,G4V,134987,74500,25.65,
231.6354,54.0200,6.45,0.05,A2IV,137928,75587,111.23,
233.4700,17.1378,6.45,,F3III,138803,76198,62.81,
234.7896,57.9244,6.45,1.09,K1III,140117,76651,135.87,
247.5250,48.9608,6.45,0.03,A1V,149081,80809,111.11,
253.5492,-41.8503,6.45,0.2,O9Ib,152249,,,
255.4421,-51.1308,6.45,0.27,A7V,153370,83321,99.21,
259.3996,23.0908,6.45,,K2,156593,84599,,
270.3921,-85.2147,6.45,0.44,F5IV,159517,88274,67.07,
268.2329,-35.0186,6.45,0.02,B9.5V,162515,87529,,
275.2304,-37.4875,6.45,1.31,K2II,168357,89920,,
280.0508,38.3672,6.45,0.21,A6m,172741,91552,153.61,
280.8196,39.3003,6.45,1.59,K5,173383,91820,,
284.3225,62.3967,6.45,0.93,G5IV+G8V,176668,93053,93.46,
297.4721,-66.8128,6.45,1.48,K4III,186584,97569,,
300.9346,-22.5956,6.45,0.5,F6V,190009,98785,57.54,
302.0854,-66.3547,6.45,1.58,K5III,190222,99200,,
301.2442,23.2103,6.45,,A5Vn,190590,98897,114.42,
303.5208,36.6053,6.45,0.0,A0V,192538,99719,309.6,
304.7067,46.3228,6.45,-0.13,B2V,193536,100142,,
310.1883,19.9353,6.45,0.63,G5V,197076,102040,20.99,
312.3225,64.0422,6.45,0.07,B0.5V,198781,102771,,
317.4929,2.9433,6.45,0.37,F5IV,201507,104481,91.83,
323.0175,-84.8100,6.45,1.4,K3III,202418,106320,204.5,
326.3292,-49.4986,6.45,1.15,K1III,206690,107409,127.88,
340.7646,-8.3117,6.45,0.17,A5V,215114,112168,,
350.0596,61.9700,6.45,,K1V,220074,115218,289.02,
351.7800,-66.5811,6.45,1.47,K4III,220759,115756,,
353.9829,24.5611,6.45,1.73,M1III,221905,116465,,
4.6742,-8.0528,6.46,0.68,G0V,1461,1499,23.44,
13.3017,-24.7769,6.46,0.44,F6IV-V,5156,4164,74.46,
23.4600,89.0156,6.46,0.11,A3V,5914,7283,98.52,
19.6958,37.3861,6.46,0.23,A5m,7853,6140,139.86,
21.8608,41.1006,6.46,0.27,A7m,8801,6794,55.83,
34.7417,23.1678,6.46,0.34,A1V+F3III,14262,10795,105.15,
41.0796,17.7639,6.46,1.07,K2III,17017,12784,126.74,
53.7533,60.0411,6.46,0.39,F3V,21903,16712,55.99,
57.3317,57.1181,6.46,0.06,A0Vn,23594,17858,162.87,
58.6417,-52.6906,6.46,0.16,A4V,24863,18275,107.18,
60.8529,-20.1442,6.46,-0.18,B2.5V,25631,18926,,
66.4054,15.9408,6.46,0.49,F7V,27991,20661,46.58,
71.2413,-63.2297,6.46,1.08,K0-1III,30610,22081,139.86,
80.8454,28.9367,6.46,-0.04,B9V s,35076,25192,181.82,
83.2800,-1.7183,6.46,-0.09,B4Vn,36646,26020,,
96.1096,-63.4289,6.46,0.66,G3III-IV,45701,30480,31.79,
100.4071,35.9319,6.46,0.49,F8III,47703,32040,78.68,
101.4758,12.6936,6.46,,A9III,48843,32404,,
101.6729,-54.6947,6.46,0.86,G6III,49705,32477,127.06,
103.1963,-43.9758,6.46,-0.1,B8V,50860,33015,130.04,
106.3187,-50.3603,6.46,,K3III,54179,34177,241.55,
109.4496,-26.7975,6.46,-0.15,B2IV-V,56876,35326,282.49,
128.1662,10.0661,6.46,-0.02,A1V,72359,41904,165.84,
136.2300,32.3769,6.46,0.24,A8V,77660,44574,79.37,
144.0283,74.3178,6.46,-0.1,B9V,82327,47119,136.99,
143.0771,-28.6281,6.46,0.33,A9V,82610,46810,75.19,
146.4188,-57.1856,6.46,-0.11,B8III-IV,84809,47893,266.67,
147.7583,13.0661,6.46,1.58,M0III,85268,48324,,
153.7763,31.4681,6.46,,G8III,88786,50218,234.19,
161.1337,-70.8550,6.46,0.23,A6IV,93359,52537,108.7,
165.8171,-31.9608,6.46,1.62,M1III,95857,54030,230.95,
166.9154,23.3236,6.46,0.16,A5m,96528,54388,75.59,
174.7050,64.3469,6.46,,A5IV,101150,56816,196.46,
178.6075,-37.7489,6.46,0.52,F7V,103437,58057,46.51,
188.0188,-32.5336,6.46,0.2,A3V,109074,61172,174.22,
207.6154,58.5394,6.46,0.09,A3V,120874,67548,82.51,
212.1917,59.3378,6.46,1.02,K0III,123977,69107,134.41,
232.9596,-32.8811,6.46,0.09,B7V,138221,76048,139.08,
232.5946,31.2861,6.46,0.19,A4IV,138341,75919,141.04,
248.7829,-45.2447,6.46,1.34,K2-3III,149174,81198,188.32,
250.9112,-32.1061,6.46,-0.08,B8V,150638,81891,240.38,
257.0713,50.8422,6.46,0.0,A1V,155328,83857,211.42,
260.2196,-10.6961,6.46,0.33,F1III,156971,84883,47.19,
267.9938,15.3258,6.46,,K0III,162734,87427,,
267.8083,40.0725,6.46,,G0V,162826,87382,33.41,
284.3683,58.2253,6.46,0.08,A2IV,176560,93068,116.41,
287.4154,-39.8281,6.46,1.06,K0III,178254,94130,107.3,
298.7713,-33.0464,6.46,1.48,K2/3III,188158,98012,,
305.2162,-35.6736,6.46,1.31,K3-4III,193302,100332,136.05,
317.6292,47.6919,6.46,-0.01,B6IV,201836,104537,,
318.9033,47.9736,6.46,-0.15,B4IV,202654,104962,,
321.4646,0.5344,6.46,0.16,A1IV,204041,105819,87.26,
330.1117,33.0061,6.46,,F5III,209149,108632,66.45,
332.6258,20.9781,6.46,0.12,A3III,210516,109458,203.25,
336.6904,37.4439,6.46,-0.13,B2V,212883,110790,,
342.9371,-59.8814,6.46,1.13,K1IIICNII,216169,112895,109.53,
343.2179,50.4119,6.46,-0.04,B8V,216523,112986,242.72,
357.2054,2.2142,6.46,0.44,F5III-IV,223346,117445,55.28,
0.0996,26.9183,6.46,0.5,F7-8IV-V,224758,34,78.68,
4.1771,-20.2106,6.47,-0.09,B8III,1256,1331,187.62,
9.2800,24.0142,6.47,,K2III,3411,2926,102.56,
11.4237,-16.4242,6.47,0.31,F1IVn,4338,3576,87.87,
15.5767,51.0350,6.47,,A3V,6028,4844,193.8,
35.0183,30.1883,6.47,,K0,14373,10884,,
41.7967,-22.4856,6.47,0.39,F2,17438,13008,38.2,
69.6233,26.9400,6.47,,F2V:,29364,21619,69.98,
89.2704,49.0294,6.47,0.99,G8III,39743,28162,178.89,
97.2358,26.9678,6.47,,F5,45504,30880,45.83,
106.5588,-68.8372,6.47,1.04,K0III,55151,34270,153.61,
111.8575,66.3317,6.47,-0.09,B9III,57742,36211,,
101.7446,-87.0250,6.47,0.42,F3V,58805,32500,39.14,
116.0308,2.4050,6.47,0.2,F0III:,62437,37705,132.8,
123.5462,17.6758,6.47,0.3,A0VnDel Del,68703,40342,100.91,
128.8025,-39.9700,6.47,0.58,G1V,73121,42123,36.32,
129.6871,-53.0906,6.47,-0.1,B8Vn,73952,42400,154.8,
132.4371,-21.0486,6.47,0.23,A7Vn,75495,43338,80.19,
133.4613,-40.4475,6.47,0.96,K0II-III+A5,76304,43673,,
145.7792,54.3636,6.47,0.13,A5m,83886,47664,91.74,
202.1092,40.7297,6.47,0.92,G8III,117261,65723,132.45,
202.8888,-28.1128,6.47,0.1,A1V,117558,65969,87.11,
206.0662,-51.0131,6.47,-0.13,A0pSiCr,119419,67036,112.61,
212.2525,-10.3344,6.47,1.0,G8III,123630,69127,170.07,
214.2288,-77.6639,6.47,1.42,K2IIp,124099,69778,,
214.5025,-7.5425,6.47,0.73,G5IV,125184,69881,32.82,
224.8079,-37.8814,6.47,-0.08,B8V,132238,73341,191.94,
228.3229,-24.0083,6.47,-0.04,B9,134946,74490,126.42,
242.4800,-18.3408,6.47,0.44,F4V,145100,79203,49.38,
245.9863,-33.1994,6.47,0.01,A0V+A0V,147553,80324,116.82,
252.6496,-50.0456,6.47,0.31,A5III+F7III,151566,82418,75.3,
260.6583,-35.9100,6.47,0.54,F7V,157060,85019,37.0,
267.3288,1.9611,6.47,1.24,K0III,162113,87224,104.82,
273.5675,-63.6894,6.47,1.41,K4III,166251,89370,188.32,
279.5192,-14.0047,6.47,0.21,B9IV,171957,91369,212.77,
280.5337,34.7467,6.47,-0.13,B5V,173087,91707,,
282.1887,-18.6014,6.47,,G5III:+A0V:,173928,92301,,
294.4863,49.2844,6.47,0.99,G6V,185657,96572,154.32,
301.5508,-4.0783,6.47,1.16,K0,190664,99024,104.49,
310.8508,35.5878,6.47,1.23,F7Ib-G8Ib,197572,102276,,
320.9513,37.3514,6.47,,K5,203857,105637,282.49,
323.3358,-80.0392,6.47,0.04,A0V,203955,106424,110.5,
323.6417,22.7547,6.47,0.51,F7V,205420,106527,69.2,
327.0346,36.5806,6.47,,K5,207446,107637,215.05,
331.0996,-29.9167,6.47,1.63,K5III,209476,108952,,
335.2504,26.9353,6.47,1.59,M4III,212047,110346,243.31,
339.6862,-28.7478,6.47,1.04,K1III,214462,111801,123.61,
345.6417,-36.4208,6.47,0.94,K1III,217642,113784,127.39,
347.5488,-66.8575,6.47,0.95,K0III,218558,114408,62.27,
349.2075,-41.1944,6.47,1.08,K0III,219531,114937,149.93,
359.3896,60.0236,6.47,0.01,B9III-IV,224404,118116,350.88,
8.6037,66.7503,6.48,-0.08,B9III,3038,2707,173.31,
12.5154,-43.3947,6.48,0.29,A9-F0III,4849,3903,96.99,
32.3950,-24.3458,6.48,0.29,F4III,13305,10069,62.23,
34.2154,57.0553,6.48,0.28,B1Iab,13854,10633,,
40.7579,48.2656,6.48,,G5II,16780,12690,,
67.5100,10.2625,6.48,1.03,G8III,28505,20985,112.11,
83.1408,57.2211,6.48,0.57,F8V,36066,25973,43.88,
83.3646,32.8011,6.48,0.09,A2m,36484,26054,91.07,
95.9454,-58.5439,6.48,0.12,A3V,45450,30423,97.85,
97.0700,1.9122,6.48,-0.07,B9V,45563,30798,149.93,
96.7812,-37.8956,6.48,0.39,F3V,45680,30706,49.78,
103.4875,38.5050,6.48,-0.05,B9.5pSi,50204,33133,,
106.8542,28.1772,6.48,-0.09,B9V,53744,34367,168.35,
106.6496,-12.3939,6.48,-0.1,O7.5V,53975,34297,,
129.7925,59.9394,6.48,,A2Vn,73029,42434,110.5,
129.3738,-33.7458,6.48,0.33,F0IV-V,73476,42302,59.56,
137.4433,11.5644,6.48,0.34,F2Vp,78661,44984,37.68,
137.4379,-49.4247,6.48,0.17,A9Vn,79025,44979,157.48,
138.4054,21.2833,6.48,0.02,A2V,79248,45272,152.21,
140.9367,-37.7572,6.48,0.18,A1mA5-F0,81309,46075,100.81,
148.2500,-55.3733,6.48,-0.14,B1IV,85871,48469,,
176.8154,-30.2869,6.48,0.68,G5V,102438,57507,17.77,
177.6546,-27.2778,6.48,0.98,G8III,102888,57749,151.98,
184.7587,26.0078,6.48,0.18,A5-7mIV-V,107131,60066,76.1,
200.9679,-49.8231,6.48,0.96,G8III,116338,65372,130.21,
203.3117,-77.5683,6.48,0.48,F6V,117360,66121,35.15,
204.4292,50.7147,6.48,1.55,M2II-III+K3III:,118741,66475,,
204.7596,18.2653,6.48,1.2,K3III,118839,66594,226.24,
216.4487,-26.8525,6.48,0.94,G7IV,126400,70538,76.98,
218.5662,57.0653,6.48,0.49,F6-8V,128332,71251,29.02,
232.0796,-88.1331,6.48,0.3,Am,129723,75736,64.35,
230.3754,-38.2192,6.48,-0.06,A0pSi,136347,75151,123.46,
234.6671,-8.7911,6.48,0.52,F6V,139461,76603,24.88,
235.9796,-60.2872,6.48,1.05,G0Ib,139915,77042,,
235.7942,13.6678,6.48,0.86,G5III,140438,76985,,
247.2037,-8.1289,6.48,0.4,F2V,148515,80719,46.4,
263.9292,-37.4400,6.48,0.01,A0V,159312,86098,103.73,
263.4283,14.8417,6.48,1.6,M4IIIa,159354,85934,220.75,
269.7179,45.4761,6.48,-0.08,B9pSiSr,164429,88030,143.06,
278.8388,-20.8408,6.48,0.28,F0IV,171369,91132,93.37,
284.2279,-62.8011,6.48,1.53,K3III,174877,93012,,
287.1675,16.8514,6.48,0.52,F5IV-V,178619,94034,72.46,
290.3746,-34.9839,6.48,0.63,G5V,181321,95149,20.86,
294.5729,20.7828,6.48,1.08,K0III,185436,96601,175.44,
295.5171,55.4633,6.48,1.61,M5IIIa,186532,96919,235.29,
296.4675,-2.8833,6.48,0.05,B3III,186660,97244,,
298.2767,-14.6031,6.48,0.14,A0V+F8IV,187949,97849,116.55,
299.2508,20.9981,6.48,0.07,A2IV,188971,98169,198.41,
302.4858,20.9153,6.48,0.38,F5IV,191570,99352,45.0,
304.1175,37.0564,6.48,-0.09,B6III,192987,99929,,
308.5417,20.9853,6.48,-0.14,B3IV,196035,101505,,
309.7508,56.0050,6.48,,F2Vn,197101,101900,130.21,
315.7021,45.8489,6.48,-0.15,B3Vn,200595,103871,,
317.9221,-14.4722,6.48,0.28,F0Del Del:,201707,104634,134.59,
319.1650,-1.6078,6.48,0.98,K0,202554,105046,,
327.4171,41.1489,6.48,0.42,A2Ib,207673,107749,,
341.6179,-49.6858,6.48,1.14,K1III,215504,112432,233.1,
344.1000,-31.5656,6.48,1.1,K4V,216803,113283,7.64,
349.4837,45.4889,6.48,-0.03,B9pSi,219749,115036,167.22,
3.9800,-75.9114,6.49,1.0,G8-K0III,1221,1268,215.98,
10.1192,-16.5169,6.49,0.92,G5,3794,3175,154.32,
20.6450,-0.4497,6.49,1.08,gK0,8335,6429,166.94,
21.4438,70.9800,6.49,,A0Vnn,8424,6685,157.73,
39.6033,-37.9906,6.49,0.52,G0IV,16589,12300,53.45,
41.6883,-21.6397,6.49,0.38,F3IV,17390,12964,45.09,
46.1696,15.8561,6.49,,K3III,19080,14318,,
52.0983,60.2556,6.49,0.02,B9V+A1,21203,16177,,
53.7050,6.4178,6.49,0.63,G0,22211,16695,134.59,
55.3075,-11.8031,6.49,0.36,F5II,23010,17214,91.91,
56.2108,-48.0614,6.49,1.02,G8-K0III,23670,17493,155.76,
71.5012,76.6111,6.49,0.51,F7V,29329,22152,32.23,
79.8483,33.9856,6.49,0.24,A7V,34499,24832,72.2,
78.9121,-52.1819,6.49,1.21,K2III,34587,24520,262.47,
80.8000,-26.7058,6.49,0.5,F6V,35386,25180,52.41,
84.1258,25.9394,6.49,0.43,F5III,36994,26332,84.89,
89.0600,51.8039,6.49,,A5V,39551,28086,,
92.3471,-49.5628,6.49,0.52,F7V,42683,29185,60.13,
105.1637,-9.2031,6.49,0.21,B1Ib,52382,33754,,
106.4571,-10.6611,6.49,-0.05,B0.5V+F5III,53755,34234,,
116.6142,62.8306,6.49,0.26,F0pSrEu,62140,37934,81.17,
124.2242,84.0578,6.49,0.03,A3IV,65299,40559,174.22,
120.6492,57.2736,6.49,0.62,F8V,65626,39348,101.63,
125.1213,53.5744,6.49,0.28,F0IV,69682,40878,62.74,
128.3329,-38.3711,6.49,-0.18,B2.5V,72787,41970,,
143.7992,-35.8239,6.49,0.42,F7III-IV,83108,47039,63.37,
154.1171,28.6825,6.49,0.6,G0V,88986,50316,32.0,
158.9121,-18.5692,6.49,0.2,A7V,91790,51852,72.1,
167.0658,-29.9728,6.49,0.03,A1V,96723,54430,140.25,
178.8088,36.7564,6.49,1.58,M3III,103500,58119,180.51,
183.0050,28.5361,6.49,0.36,F5V,106022,59489,80.65,
189.8104,-75.3694,6.49,0.08,B8Vne,109857,61738,235.85,
203.8888,10.2047,6.49,1.03,K1III+F6V,118266,66326,101.01,
204.1658,49.4867,6.49,,K1III,118536,66385,153.37,
210.0721,-61.4814,6.49,0.33,F1III-IV,121901,68413,65.19,
216.1704,-11.6697,6.49,0.42,F4III,126251,70452,89.85,
224.2650,21.5553,6.49,-0.01,A1V,132145,73156,136.24,
239.9917,-40.6528,6.49,1.52,K1II-III,143084,78367,,
242.3583,55.8289,6.49,,K0,145694,79164,134.23,
244.7163,-57.8997,6.49,1.0,F8-G0Ib,146323,79932,,
253.0796,-41.8544,6.49,0.23,WN7-A,151932,82543,,
261.0092,38.5828,6.49,0.73,F8IV,157853,85149,165.56,
266.0821,-72.2208,6.49,0.48,F7IV+F5V,159964,86815,44.11,
268.3267,-65.4892,6.49,1.08,K0-1III,161955,87564,159.24,
272.7796,60.4094,6.49,0.0,A1Vnn,167387,89104,140.65,
279.5987,-3.1936,6.49,0.55,F9IV,172088,91394,49.98,
280.3775,-48.0950,6.49,1.22,K2III-IVCNII,172223,91662,137.17,
284.7962,-39.5347,6.49,-0.04,A0,175855,93209,149.03,
287.2171,-55.7203,6.49,1.1,K1III,177693,94054,124.38,
286.5708,41.4139,6.49,-0.15,B3V,178329,93808,,
288.4337,5.5158,6.49,0.09,A2Vp,179791,94478,183.49,
295.7046,29.3317,6.49,0.33,F1III,186357,96988,81.63,
298.6587,-8.2372,6.49,-0.04,B8V,188294,97967,110.86,
302.7921,-8.8422,6.49,-0.15,B1V,191639,99457,,
308.4517,41.7722,6.49,1.0,K0III-IV,196134,101467,97.28,
309.3858,31.5219,6.49,0.34,F0V,196629,101768,49.26,
311.5775,-36.1203,6.49,0.39,F3IV,197649,102496,69.35,
325.4421,-25.1019,6.49,1.19,K0,206291,107112,,
348.9429,28.2478,6.49,0.85,G5II-III,219477,114844,,
352.8812,-4.0872,6.49,0.54,F8V,221356,116106,26.24,
9.0833,27.2547,6.50,-0.09,B8IIIpHgMn:,3322,2865,215.05,
34.9200,-4.3456,6.50,0.08,A3V,14417,10854,167.22,
39.2521,24.6475,6.50,0.41,F6III,16246,12189,40.13,
50.9358,-32.7072,6.50,1.37,K3III,21149,15816,197.63,
52.0479,-35.8533,6.50,0.13,A1V,21635,16156,110.99,
54.7504,20.9158,6.50,0.15,Am A5-F0,22615,17026,151.52,
70.8254,59.5208,6.50,,A7IV,29606,21966,172.41,
73.9933,5.3992,6.50,0.02,A0V,31411,22923,150.15,
78.3804,62.6914,6.50,0.21,A7Vn,33296,24348,82.24,
79.3242,53.5861,6.50,1.66,M7IIIe,34019,24645,,
84.8783,-9.7067,6.50,-0.1,B7V,37635,26623,173.61,
106.4658,70.7319,6.50,,K0III,52030,34238,259.74,
114.8621,-26.8631,6.50,-0.1,B7V,61672,37293,251.26,
125.3342,-1.6022,6.50,0.02,A2Vpn:EuSrCr:Si,70340,40941,147.71,
133.1088,-32.5092,6.50,1.46,K2/3III,76001,43573,247.52,
137.0171,32.5406,6.50,0.36,F2V,78234,44825,107.07,
139.9825,74.0164,6.50,,G8III,79517,45764,113.64,
146.1250,18.8636,6.50,,K0,84252,47779,142.45,
155.3696,-23.7108,6.50,0.2,A3,89816,50728,114.55,
169.0167,52.7731,6.50,0.43,F6V+F9V,97855,55044,39.14,
171.6887,3.0131,6.50,0.79,K0IV,99491,55846,17.67,
179.9883,34.0350,6.50,0.22,A9III,104179,58512,114.81,
183.3042,-34.1256,6.50,1.66,M4III,106198,59588,,
197.9133,-26.5517,6.50,0.19,A5Vn,114576,64375,112.61,
201.4996,63.2611,6.50,0.74,G6V,117043,65530,21.34,
204.2104,-34.4678,6.50,1.03,K0III,118319,66405,159.24,
206.3050,55.8794,6.50,0.47,F7IV-V,119992,67103,33.62,
218.7113,-20.4392,6.50,0.14,A4V,127964,71295,187.97,
226.0267,5.4925,6.50,0.31,F0V,133408,73716,79.05,
231.1288,37.3478,6.50,0.59,G1V,137392,75415,37.29,
231.9200,62.2756,6.50,0.14,A5IV,138245,75678,83.26,
234.6667,-8.7944,6.50,0.53,F6IV-V,139460,76602,22.62,
243.1887,26.6708,6.50,0.39,F3V,145976,79441,73.1,
247.6246,-7.5150,6.50,0.37,A7Ib,148743,80840,,
270.1154,19.5058,6.50,-0.06,B8Vne,164447,88172,,
270.8113,19.6131,6.50,0.01,A0V,165029,88429,124.84,
277.2392,-26.5817,6.50,0.11,A3III,170141,90576,121.65,
277.6733,20.8153,6.50,0.79,G8IV,170829,90729,35.82,
284.6879,19.7942,6.50,-0.04,B7III-IV,176301,93175,,
294.2358,38.3839,6.50,-0.15,B5II-III,185330,96491,,
295.1179,20.4767,6.50,0.39,B0.5Iae,185859,96789,,
298.1625,-54.9767,6.50,0.1,A2V,187421,97819,,
304.9837,46.8375,6.50,-0.06,B8/9IIIpSi,193722,100250,,
311.3050,-27.2472,6.50,0.94,G8III,197540,102414,144.3,
315.7483,-0.9247,6.50,-0.1,B6V,200340,103889,,
322.2658,-31.2386,6.50,0.03,A0,204394,106067,115.61,
345.1433,45.3750,6.50,,A3V,217491,113603,,
345.6825,55.2364,6.50,-0.08,B9IIIHe wk,217833,113797,221.73,
349.7600,45.1372,6.50,,A5Vn,219891,115120,125.63,
37.3542,55.5364,6.51,0.09,A2pShell,15253,11593,198.81,
37.5575,-25.1864,6.51,0.29,dA9n,15634,11644,106.5,
41.8904,-35.5508,6.51,0.96,K0-1III,17528,13040,189.75,
51.4517,53.9217,6.51,0.29,A9III-IV,21004,15979,77.88,
51.2892,41.2572,6.51,,A0V,21038,15925,207.9,
60.0654,-51.5647,6.51,1.64,M1III,25470,18691,364.96,
63.3804,8.8906,6.51,0.16,A2m,26677,19718,92.51,
82.9500,85.9386,6.51,0.32,A5m,32196,25911,99.5,
78.1071,-81.5417,6.51,1.11,K1III,35798,24256,189.04,
91.7579,-45.0914,6.51,1.16,K1III,42168,28988,114.16,
96.4442,2.2722,6.51,-0.03,A0V,45137,30594,169.78,
96.2008,-52.8064,6.51,1.7,K5-M0III,45509,,,
100.1325,6.3717,6.51,-0.14,B8IIISi,47756,31945,,
100.2408,-71.7756,6.51,1.11,K1IIICNII,49268,31977,132.8,
120.1838,-2.8817,6.51,-0.07,B2.5Ve,65875,39172,,
127.1496,-23.0717,6.51,0.05,A2,71815,41572,159.24,
129.5846,-6.6625,6.51,0.44,A1V+G,73451,42368,,
134.6146,35.8025,6.51,-0.01,A2V,76595,44064,,
138.0733,14.9961,6.51,0.73,G9V,79096,45170,20.48,
155.2825,-17.9850,6.51,0.4,F3III-IV,89747,50693,58.0,
155.4000,-22.5283,6.51,0.07,A0,89828,50739,130.55,
157.7142,-26.4839,6.51,0.54,F7III,91135,51475,93.81,
202.4900,6.0133,6.51,0.96,K0,117405,65855,152.91,
205.9762,-5.4989,6.51,0.05,A1V,119537,67004,127.06,
206.7946,-62.5900,6.51,1.98,K00-Iae,119796,67261,,
208.9354,-31.2850,6.51,0.9,G8III,121397,68021,142.45,
222.3846,51.3747,6.51,0.4,F5IV,131040,72508,51.52,
228.7163,68.9453,6.51,,A1Vn,136174,74625,211.42,
234.0725,-65.6133,6.51,0.35,F3IV-V,138498,76407,80.06,
233.5867,-5.6950,6.51,0.58,F7V,138763,76233,25.14,
234.1404,-0.5617,6.51,0.72,G8III+A,139137,76427,157.73,
236.5533,-28.0617,6.51,0.32,F2IV,140722,77235,68.07,
259.7200,6.0853,6.51,0.39,F0-2IV-Vn,156697,84704,139.47,
261.5204,58.6519,6.51,0.14,A4V,158485,85317,109.29,
272.9925,-28.9014,6.51,-0.01,B9IVpSrEuCr,166469,89178,132.63,
274.6738,-25.6047,6.51,1.34,gK1,167979,89731,165.29,
278.6367,-24.2225,6.51,0.54,F3II-III,171237,91066,,
281.3988,21.9850,6.51,0.02,B9pSiCr:,173650,92036,214.59,
290.8492,50.2714,6.51,-0.08,B9III,182691,95306,259.74,
295.0542,60.5072,6.51,0.22,A5V,186340,96771,120.05,
297.5729,7.9025,6.51,-0.1,B2.5IVe,187567,97607,,
298.8317,-6.7342,6.51,0.39,F2V,188405,98038,85.69,
306.1350,53.5519,6.51,0.01,B9.5III,194668,100651,,
310.1500,-26.6450,6.51,0.57,F7V,196815,102032,115.74,
310.2517,39.0822,6.51,-0.12,B6III,197226,102062,311.53,
340.9279,10.9392,6.51,0.46,G8IV,215243,112222,40.23,
344.2146,11.8483,6.51,0.18,A3V s,216900,113311,81.57,
347.6942,-29.5250,6.51,0.27,F1III-IV,218759,114453,135.5,
356.2013,55.7997,6.51,,gG4,222932,117133,145.14,
5.0217,48.8653,6.52,,A0V s,1561,1603,271.0,
11.5629,55.3053,6.52,,A2III,4321,3611,177.94,
18.0975,-30.8022,6.52,0.48,F7IV,7259,5636,71.23,
31.1671,65.1033,6.52,0.0,A0V,12468,9690,102.25,
40.0104,-30.6339,6.52,1.04,K0III,16733,12435,159.24,
76.5037,35.9364,6.52,0.16,A5V,32608,23724,82.37,
77.0617,-35.7183,6.52,1.08,K1III,33377,23910,160.26,
85.1917,-10.4094,6.52,-0.16,B9.5IIIpSi4200,37808,26728,164.47,
88.5446,-50.3619,6.52,0.9,G8IV,40105,27896,34.88,
93.1929,-17.7631,6.52,-0.17,B3III,42927,29488,,
94.3946,46.4242,6.52,0.27,F0V,43244,29884,72.15,
103.1654,-42.5044,6.52,0.42,F5II-III,50785,33006,114.29,
113.3054,-43.0864,6.52,0.92,G8III,60574,36729,155.76,
123.1917,-29.9108,6.52,0.06,A1V,68758,40211,147.06,
143.5817,46.9022,6.52,0.22,F0V,82582,46963,94.34,
150.1433,-56.9467,6.52,0.98,K0III,87030,49052,156.74,
151.5296,-52.1881,6.52,0.98,K1III,87816,49477,120.77,
154.5429,27.4153,6.52,-0.02,A0V,89239,50459,127.71,
159.0071,80.4944,6.52,0.95,gG4,91075,51883,131.23,
159.2983,-11.7486,6.52,0.29,F0V,91992,51974,66.58,
204.5329,14.3017,6.52,0.25,A9V s,118660,66522,71.68,
226.7863,-71.9053,6.52,1.59,K4III,133049,73980,,
234.2225,29.9911,6.52,,F5V:,139389,76456,36.01,
253.0204,14.9742,6.52,-0.05,B9.5pCr:,152308,82526,138.7,
255.7933,14.5111,6.52,0.76,G5IV:,154160,83435,36.26,
260.1425,-19.3328,6.52,0.58,G3IV,156846,84856,49.0,
266.4737,38.8814,6.52,1.0,K0,161815,86939,118.76,
268.9792,-18.8022,6.52,0.05,A4V,163245,87782,111.23,
271.1800,40.0842,6.52,0.46,F7V,165567,88533,50.18,
281.7458,46.3150,6.52,0.07,A2IV,174177,92156,190.48,
285.9271,21.2678,6.52,0.32,F2III,177392,93603,123.15,
284.7192,69.5311,6.52,-0.15,A0pSi,177410,93187,192.68,
289.9421,64.3908,6.52,-0.04,B9IVpHgMn,182308,94993,276.24,
291.2567,-4.8842,6.52,0.33,A9V,182475,95453,100.81,
293.9829,50.2386,6.52,1.06,G9III,185264,96396,186.92,
312.6542,18.0514,6.52,0.04,A1V s,198552,102878,99.11,
354.2725,-31.8708,6.52,1.26,K1III,222004,116539,,
359.7050,32.3817,6.52,-0.11,B6IVe,224544,118224,,
35.7771,-37.5764,6.53,1.61,K2III,14890,11121,,
59.5129,34.8144,6.53,0.23,A8V,24809,18547,61.27,
65.2042,9.2256,6.53,0.15,A4V,27505,20281,98.33,
70.0763,-58.9436,6.53,0.68,G5V,30003,21756,30.96,
83.4671,-29.8489,6.53,-0.02,A0V,36965,26091,285.71,
86.9504,-72.7022,6.53,1.08,K0III,39810,27369,118.34,
105.0804,-22.1194,6.53,-0.17,B2IV-Vne,52437,33721,,
110.7121,55.2844,6.53,,B9V,57102,35783,,
114.4121,-14.4411,6.53,-0.01,B9IIIe,61224,37119,,
117.2454,4.3328,6.53,0.78,G2III,63435,38140,128.53,
126.5733,-39.0594,6.53,-0.09,B9V,71487,41361,187.97,
126.8642,-55.0117,6.53,-0.02,A0V,71919,41464,166.39,
129.5217,9.5747,6.53,-0.02,A1V,73316,42353,114.42,
137.5958,-23.1767,6.53,0.0,A1-2V:,78955,45037,127.39,
140.3142,15.3711,6.53,-0.01,A1V,80613,45874,,
140.7121,-9.8389,6.53,0.22,A5pSrCrEu,81009,45999,138.89,
143.3263,28.3681,6.53,0.12,A3Vnn,82523,46891,92.17,
144.1404,-24.7028,6.53,0.38,F2,83261,47159,68.26,
152.1904,-10.8847,6.53,0.02,A2V,88024,49701,162.87,
195.6683,59.7161,6.53,0.05,A3Vn,113436,63647,188.68,
198.1496,18.7517,6.53,0.88,G8III,114793,64449,107.3,
207.2296,-35.7039,6.53,0.57,G3IV-V,120237,67408,28.29,
207.6438,-19.8972,6.53,0.51,G5III-IV:+A5:,120544,67555,90.01,
214.7325,54.8642,6.53,,A5Vn,125632,69958,102.56,
241.4354,-6.2917,6.53,0.48,F2IV,144362,78849,78.06,
242.8738,9.7125,6.53,0.24,F0IV,145589,79337,131.58,
249.0588,52.9242,6.53,-0.06,A1Vnn,150118,,,
260.0533,-70.0456,6.53,0.6,G0-1IV:,155875,84827,38.79,
276.6704,26.4494,6.53,-0.11,B3V,170111,90398,239.81,
286.3275,-1.5128,6.53,0.35,F1V,177552,93743,44.82,
291.0933,28.0878,6.53,-0.08,B5V,182618,95400,189.39,
288.7825,83.4628,6.53,0.1,A3V,184146,94604,150.83,
297.1829,35.3114,6.53,0.44,F4V,187458,97477,66.71,
298.3442,4.4006,6.53,0.02,B9.5Vn,188107,97877,,
299.2404,-57.9256,6.53,1.53,K4II,188161,98163,,
301.3838,-33.0000,6.53,-0.08,B8,190306,98960,,
304.1104,-35.1978,6.53,0.37,F2V,192486,99926,42.59,
349.1117,61.9631,6.53,0.23,B0Vn,219634,114904,,
355.0117,37.6525,6.53,0.35,F2IV,222399,116781,89.29,
11.9783,20.9253,6.54,0.5,F8V,4568,3730,57.44,
16.1950,51.0100,6.54,-0.08,B3V,6300,5062,,
16.5950,62.7617,6.54,0.19,A5Vn,6416,5186,69.49,
39.3367,39.8958,6.54,-0.12,B5V,16219,12218,,
64.6021,9.4867,6.54,0.16,A4III,27236,20089,161.29,
80.1637,46.9639,6.54,0.6,GIII+A2V,34533,24951,,
79.8263,-18.5097,6.54,-0.11,B8/9III/IV,34797,24827,238.1,
84.0625,-5.6481,6.54,-0.18,B3V,37150,26314,,
87.6417,56.9189,6.54,,A4IV-V,38618,27592,135.14,
93.3888,-29.3961,6.54,-0.1,B7V,43179,29546,235.29,
95.2179,11.7564,6.54,-0.1,B5III,44173,30169,,
100.0700,79.5994,6.54,,A1V,45560,31922,114.55,
101.2600,-30.5861,6.54,-0.11,B8IV,49028,32339,,
111.7092,21.5358,6.54,0.46,F6V,58551,36152,30.84,
112.9821,38.8964,6.54,0.07,A2V,59507,36624,94.25,
113.2108,22.8878,6.54,1.01,K0II-III+F8V,59878,36690,145.35,
115.4917,-38.5289,6.54,-0.09,B7V,62376,37514,199.6,
116.2692,-37.8878,6.54,-0.1,B3IV,62991,37803,282.49,
123.0921,14.0039,6.54,,A7III,68332,40177,167.5,
140.6529,-39.7747,6.54,1.13,K1III,81134,45980,123.15,
141.8108,-9.2236,6.54,0.05,A2V,81728,46365,,
150.7054,-30.5775,6.54,1.19,K1III,87199,49222,191.2,
155.8108,5.6942,6.54,0.46,F6V,89995,50870,55.68,
166.9767,-30.1747,6.54,0.6,G2V,96700,54400,26.21,
178.7737,46.4769,6.54,0.1,A3Vn,103483,58112,,
183.9458,-23.3536,6.54,0.45,F3V,106612,59801,69.49,
184.5400,-3.9486,6.54,0.33,F2V,106976,59984,61.73,
187.1587,26.2267,6.54,0.17,A2m,108642,60880,102.46,
196.7262,-35.8619,6.54,-0.02,A0IV-III,113852,64003,70.32,
196.5425,29.0294,6.54,0.05,A3IV,113865,63933,107.87,
197.4592,62.2292,6.54,-0.02,A1V,114504,64231,221.73,
214.5992,-33.2206,6.54,0.27,F0V,125150,69904,98.04,
238.2363,-65.1525,6.54,0.19,A5IV,141413,77785,126.74,
258.0567,-25.2547,6.54,-0.04,A0pHg,155379,84147,113.51,
274.3688,-18.4633,6.54,0.11,O7III:(n)((f)),167771,89630,,
281.7463,-50.0944,6.54,0.28,F0V,173263,92157,105.04,
284.4883,77.0508,6.54,0.38,F2V,178089,93097,60.75,
288.9875,27.4556,6.54,-0.06,B8V,180553,94679,,
298.0650,10.3514,6.54,-0.01,B7V,187961,97787,,
301.7979,50.2292,6.54,0.13,A3V,191329,99102,200.0,
317.7663,36.2992,6.54,-0.14,B1Vp,201819,104579,,
317.3704,63.2956,6.54,-0.13,B7III,201888,104449,259.74,
326.5692,43.0608,6.54,0.28,G0:III+A4V,207218,107488,,
342.3846,10.4789,6.54,0.29,F0IV-V,216048,112714,68.63,
345.2279,38.7081,6.54,-0.11,B3Vpe,217543,113640,,
358.8458,25.9550,6.54,,K5,224128,117939,185.19,
359.6937,46.4131,6.54,-0.09,B4Ven,224559,118214,,
5.8025,-31.0361,6.55,0.0,B9IVMn,1909,1830,194.93,
26.6471,17.4131,6.55,0.25,A9III,10845,8271,216.92,
33.8679,-9.4656,6.55,-0.02,A0V,13936,10512,156.49,
34.2933,23.7678,6.55,1.02,G9III,14067,10657,147.28,
39.8821,-64.2819,6.55,-0.08,B8V,16891,12389,149.7,
56.8338,-29.9019,6.55,0.49,F8V,23856,17689,38.48,
66.2350,-34.7578,6.55,0.44,F2III,28143,20613,83.75,
81.3042,34.8553,6.55,1.11,K1pIII-IV+F6V,35295,25343,126.42,
83.3696,42.1089,6.55,-0.02,B9IIIp:Hg:,36404,26057,,
88.3454,-42.9214,6.55,1.37,K3III,39901,27835,205.34,
92.1967,8.6700,6.55,-0.07,B9V,42035,29138,,
99.0000,4.4975,6.55,-0.06,B9III,46885,31523,,
102.4908,-45.4500,6.55,1.51,K5-M0III,50196,32771,226.24,
110.3204,-8.8783,6.55,0.54,F5,57517,35642,38.11,
113.6917,2.7250,6.55,0.22,A7III,60489,36869,143.27,
115.9129,-25.5039,6.55,0.06,A3,62555,37660,,
129.3329,-40.1475,6.55,0.6,G4IV-V,73524,42291,27.47,
132.8662,-42.5044,6.55,0.04,A1Vn,75926,43486,108.7,
138.5133,71.6558,6.55,0.96,G8III-IV,78633,45306,143.88,
154.0671,17.7403,6.55,,A9IV,88987,50305,105.26,
164.9212,11.7058,6.55,0.43,F5V,95216,53737,44.76,
173.5417,11.0236,6.55,0.18,A2m,100518,56429,113.64,
214.0763,-33.2414,6.55,0.3,F0V,124780,69722,74.63,
255.2900,27.1964,6.55,0.41,F5V,153897,83274,42.84,
282.6900,10.9764,6.55,,K5III+K3III,174569,92475,,
299.4221,-38.0583,6.55,0.39,F4V,188642,98226,52.69,
301.3600,-12.6653,6.55,0.04,A1Vn,190454,98953,123.46,
307.3379,20.0878,6.55,0.23,A3m,195217,101070,74.85,
310.4321,-75.3506,6.55,0.62,G5III,196067,102125,43.57,
313.7837,-1.3733,6.55,0.29,A9Vn,199124,103261,79.43,
332.6771,-75.8806,6.55,1.18,K2IIICNII,209855,109477,118.06,
341.2050,52.5172,6.55,,K2,215518,112300,292.4,
357.9900,77.5994,6.55,0.44,F5V,223731,117681,39.25,
5.2271,10.9769,6.56,,A0V,1663,1670,,
43.5871,-64.4356,6.56,1.39,K2-3III,18423,13537,204.92,
79.2004,-17.1417,6.56,-0.16,B3IV,34447,24618,,
82.3571,77.9775,6.56,0.14,A7III,34653,25714,220.75,
80.4625,-13.7561,6.56,-0.09,B8V,35104,25053,237.53,
83.8408,-4.4933,6.56,-0.13,B1.5V,37017,26233,,
92.9642,21.8686,6.56,2.25,M0-1Iab,42475,29416,,
96.9629,47.4053,6.56,-0.04,A0V,45105,30762,96.06,
111.6696,-23.7122,6.56,0.01,A1,58907,36140,243.9,
115.2196,-31.6608,6.56,1.18,G20-Ia,62058,37415,,
119.0721,80.2656,6.56,0.73,G8V,62613,38784,17.04,
117.4383,-20.2069,6.56,0.58,G3V,63754,38216,51.65,
123.4238,23.1378,6.56,0.11,A4IVn,68543,40293,96.99,
126.8887,-20.8439,6.56,0.04,A2V,71581,41475,,
144.0213,-64.9506,6.56,0.1,A2V,83523,47115,83.06,
172.7925,48.7892,6.56,0.93,G9III,100055,56194,144.09,
173.9308,10.9111,6.56,0.13,A4Vn,100740,56553,121.8,
188.7763,18.3772,6.56,0.25,A9Vm,109510,61415,,
192.0596,13.5531,6.56,0.01,A1V,111308,62478,124.84,
211.3083,-16.3358,6.56,0.1,A4V,122958,68808,116.82,
233.7692,1.6689,6.56,0.28,F0III,138936,76291,59.0,
254.0267,50.0389,6.56,1.62,M2IIIab,153299,82867,,
263.0046,34.2708,6.56,0.65,G5V,159222,85810,23.7,
266.1475,2.5789,6.56,,A0V,161289,86835,,
273.6833,29.2072,6.56,0.54,F8V,167588,89408,41.95,
278.0475,52.1156,6.56,-0.07,B9.5V,171461,90865,,
286.7879,0.6417,6.56,0.05,B9III,178065,93892,,
287.4017,-36.1647,6.56,-0.02,A0IV,178299,94124,,
303.4192,24.2389,6.56,0.29,A1m,192342,99679,102.56,
308.4733,10.0597,6.56,0.08,A2Vnn,195922,101473,123.0,
313.5933,28.5219,6.56,-0.13,B2IIIe,199140,103191,,
319.9408,-26.3531,6.56,0.73,G5V,202940,105312,18.73,
337.4329,35.7256,6.56,,A2V,213272,111041,115.07,
341.6821,-46.9394,6.56,0.3,A9IIIm:,215545,112449,74.02,
347.0512,44.5617,6.56,0.17,A2IV,218525,114237,173.61,
355.5867,64.5156,6.56,1.88,M2III,222670,116948,,
7.4538,-32.1167,6.57,1.34,K4III,2632,2330,198.02,
51.7633,18.7564,6.57,0.15,A3Vnp,21335,16077,128.53,
53.8017,73.3469,6.57,0.03,A0Vn,21610,16725,188.68,
56.9692,33.6000,6.57,0.08,B2.5V,23625,17735,,
77.8996,-37.3953,6.57,1.62,K5III,33872,24189,327.87,
80.3304,4.0119,6.57,-0.09,B5Vp,34959,25011,,
81.3800,-0.5442,6.57,-0.05,B9pHgSi,35548,25365,226.24,
88.6446,-4.0639,6.57,-0.18,B1.5V,39777,27929,,
94.2433,7.0531,6.57,-0.12,B7III,43526,29839,,
97.5229,9.0292,6.57,0.14,A0III,45827,30977,,
99.7062,4.7006,6.57,-0.07,B8IIIn,47431,31790,,
101.3588,-52.2011,6.57,1.08,G6Iab,49396,32375,,
103.1954,-54.0900,6.57,1.08,G5Ib-II,51043,33016,,
106.0842,1.4883,6.57,0.01,A0V,53205,34107,,
115.7788,-49.9928,6.57,0.07,A2V,62756,37617,242.72,
116.6392,-40.0597,6.57,-0.13,B2V,63308,37938,,
131.6667,28.7653,6.57,0.04,A3V,74738,43100,,
154.1900,-20.6706,6.57,0.48,F3V,89169,50340,102.04,
159.0725,-10.5833,6.57,0.29,F0V,91858,51907,57.57,
203.6783,76.5467,6.57,,K5III:,118686,66251,314.47,
232.7308,8.5792,6.57,0.37,F4V w,138290,75971,50.68,
234.6362,-39.1608,6.57,-0.07,B9V,139233,76591,196.46,
258.9971,-87.5664,6.57,0.91,G5III,148451,84461,187.97,
251.4733,-83.2389,6.57,1.57,K4III,148527,82076,283.29,
253.6679,-11.7925,6.57,0.14,A2IV,152585,82737,90.66,
257.6908,12.4672,6.57,0.08,A1m,155375,84036,116.69,
263.8271,-22.0439,6.57,0.01,B8p,159376,86060,,
278.5817,20.4664,6.57,0.11,A3V,171487,91041,140.06,
288.0408,-37.5828,6.57,1.02,G2III,178937,94344,,
288.0208,49.8561,6.57,0.65,G4V,179958,,,
296.1592,34.4139,6.57,,M1III,186702,97142,254.45,
298.7771,30.1953,6.57,-0.08,B6V+A5V,188651,98017,227.79,
300.5846,64.6344,6.57,,gG7,190713,98658,102.88,
304.9513,37.1325,6.57,0.0,A0III,193621,100239,190.48,
314.0763,-3.5614,6.57,-0.1,B8Vn,199280,103347,,
322.4983,-19.1478,6.57,0.41,F0V,204577,106143,133.16,
341.3692,-88.8183,6.57,0.28,F0IV-V,206553,112355,100.1,
336.6425,-16.7414,6.57,,G2V,212697,110778,20.08,
336.7467,56.4333,6.57,-0.1,B5III,212986,110807,248.76,
345.6379,31.7806,6.57,0.35,F2IV,217754,113783,117.1,
355.5617,44.9919,6.57,,gK5,222641,116941,240.96,
21.7229,3.5353,6.58,-0.04,B9V+A8V,8803,6751,160.0,
22.1804,-33.7636,6.58,0.3,F0IV,9065,6888,87.41,
24.3438,74.3008,6.58,0.03,B9Ve,9612,7557,293.26,
75.0967,39.6550,6.58,,K4I,31780,23268,,
86.4562,40.5072,6.58,0.25,A3Del Del,38189,27192,61.39,
91.1954,-48.4586,6.58,0.72,G6V,41824,28796,29.73,
93.3892,18.6803,6.58,-0.08,B8Vnn,42784,29545,,
99.9871,-38.1589,6.58,1.18,K1IIICNIb,48087,31886,136.43,
112.0950,-37.8103,6.58,0.06,A1IV,59466,36304,106.04,
122.8400,38.7314,6.58,0.59,G0,67827,40093,45.52,
128.8308,19.5900,6.58,0.68,G0III,72779,42133,179.53,
149.3133,-64.4894,6.58,1.13,K0-1III,86634,48806,149.25,
193.5917,-58.4306,6.58,0.76,F7Ib-II,112044,62986,,
213.8204,52.5358,6.58,0.1,A4V,125019,69650,92.34,
232.2958,80.4486,6.58,0.67,G0IV-V+G8IV-V,139777,75809,22.07,
251.0721,-27.4561,6.58,0.1,A2V,150768,81939,91.74,
272.3433,-36.6725,6.58,-0.03,B1II,165793,88947,,
290.1092,-31.8178,6.58,1.67,M0III,181109,95054,,
289.7021,19.6106,6.58,0.03,B8III+K:,181182,94910,,
309.8462,45.6669,6.58,-0.06,B5IV,197036,101934,,
317.1996,-76.2125,6.58,1.23,K1III,200266,104385,289.02,
320.8458,37.4067,6.58,,F6II-III,203784,105607,108.34,
321.2312,49.3233,6.58,-0.03,B9pSi:Cr:Sr:,204131,105733,174.52,
354.4942,46.1997,6.58,0.66,G5,222143,116613,23.12,
359.8717,33.7244,6.58,0.55,G0V,224635,118281,29.01,
359.8717,33.7244,6.58,,G0V,224636,,,
23.2646,-9.0147,6.59,-0.04,A0III,9484,7222,124.07,
55.3433,-19.5847,6.59,0.09,A3V,23055,17223,129.2,
61.8546,-42.9169,6.59,0.93,K0III,26262,19242,133.69,
62.1413,-45.8647,6.59,0.38,F2V,26413,19331,50.43,
82.3225,-62.3144,6.59,1.53,K4-5III,36689,25700,246.91,
83.4900,1.4078,6.59,-0.17,B2V,36741,26098,,
85.4775,23.3264,6.59,-0.06,B8p,37752,26836,,
88.6342,11.7625,6.59,0.03,A2V,39662,27924,93.55,
90.5712,1.6944,6.59,-0.05,B8V,40964,28609,178.89,
94.3887,14.0583,6.59,-0.03,A0V,43583,29881,,
97.2500,11.0194,6.59,,A9IV,45638,30886,60.79,
105.3217,32.4144,6.59,0.27,A9IV,52100,33823,130.89,
105.4792,5.5575,6.59,-0.02,B2IV-V,52559,33875,,
108.1004,-27.4742,6.59,0.19,A5IV-V,55595,34814,251.89,
114.6008,-39.9914,6.59,-0.05,A0,61623,37184,182.82,
126.8217,-6.4097,6.59,0.51,F4III,71433,41452,104.6,
134.5342,1.5417,6.59,0.06,A2V,76757,44042,106.16,
166.7850,-32.5872,6.59,0.34,F1III,96557,54349,55.74,
175.5217,22.2108,6.59,,F2IV-V,101688,57082,61.35,
195.9767,-3.6633,6.59,0.29,F0V,113459,63750,,
198.3833,72.7989,6.59,0.08,A2V,115227,64527,88.03,
205.0025,-70.7883,6.59,1.3,K0III,118522,66668,,
205.3788,-23.4497,6.59,0.06,A0,119086,66800,238.1,
225.9021,34.5661,6.59,1.02,G8III-IV,133485,73675,151.75,
253.5817,-41.8200,6.59,0.21,WC7+O5-8,152270,82706,,
254.6733,-14.8697,6.59,0.4,F3IV,153229,83090,48.38,
255.1225,6.5836,6.59,0.23,A7V,153653,83223,73.05,
265.1567,43.4708,6.59,,K2,160950,86501,118.91,
273.2917,-4.0117,6.59,0.27,A2m,166960,89288,95.88,
277.3417,-25.2564,6.59,0.07,B2IVpe,170235,90610,,
278.3462,30.8925,6.59,-0.12,B4Ve,171406,90970,,
277.8117,65.4361,6.59,0.3,A8m,171653,90780,135.69,
282.3100,25.0464,6.59,,A1V,174369,92346,104.17,
312.9117,-62.4292,6.59,0.17,A2-3IV-V,198161,,,
328.4000,-10.3117,6.59,-0.12,B9V,208008,108058,,
329.8458,57.6583,6.59,0.03,A0III-IV,209124,108553,196.08,
357.4362,-62.8394,6.59,1.48,K5III,223444,117507,194.93,
359.1154,83.1911,6.59,0.05,A3V,224309,118027,92.25,
21.9458,40.3356,6.60,-0.04,A0III,8837,6823,,
35.0538,64.3372,6.60,-0.03,B9.5V,14171,10893,144.3,
76.1579,27.6961,6.60,0.24,F0III,32480,23614,94.61,
85.9529,85.6681,6.60,,A2V,34109,27015,144.93,
89.0146,13.9253,6.60,0.65,G5IV,39881,28066,28.0,
95.0254,-48.7411,6.60,0.66,G3V,44594,30104,25.69,
95.9483,-19.7853,6.60,-0.15,B8IIIHe wk,44953,30426,,
108.4463,-31.0839,6.60,-0.17,B2IV,55958,34937,,
110.0904,-52.3097,6.60,0.59,G0V:e,57853,,,
110.9763,-30.2169,6.60,-0.2,B2IV-V,58325,35887,,
114.4367,-35.2772,6.60,1.14,K1III,61409,37127,221.24,
124.2258,-21.3203,6.60,0.02,A0,69589,40561,186.22,
151.0317,-81.5658,6.60,0.92,G6-8III,88351,49326,173.01,
218.5333,-42.0997,6.60,0.06,A2IV,127716,71239,,
224.5558,-11.1550,6.60,0.01,A1V,132230,73249,115.34,
238.2146,-50.6153,6.60,1.53,K3III,141724,77771,,
258.6154,-39.7669,6.60,2.21,G5Ia,155603,84332,,
283.6346,-49.8786,6.60,0.08,A2V,174730,92799,,
289.7658,33.3889,6.60,-0.19,B2IVe,181409,94934,,
292.5613,-32.0922,6.60,0.39,F3IV-V,183312,95905,49.33,
291.4446,58.0272,6.60,-0.15,B8IVHe wk,183339,95520,,
308.2179,43.1917,6.60,-0.11,B4III,195986,101383,,
338.2621,69.9136,6.60,0.32,A9III,213973,111314,76.28,
345.1771,31.0831,6.60,-0.04,B9IIIpMn,217477,113621,174.22,
348.9913,24.7711,6.60,0.4,F5V,219487,114863,43.01,
355.2792,-24.1603,6.60,1.57,M1III,222485,116851,,
16.6104,-35.6608,6.61,0.14,A1V,6619,5193,191.2,
19.1021,48.0822,6.61,-0.05,B9IIIpSi,7546,5939,248.76,
73.4825,1.5694,6.61,0.04,A1Vn,31209,22774,175.13,
86.9921,-40.6525,6.61,1.12,K1III,39040,27383,294.12,
104.3117,-22.2033,6.61,-0.19,B1-2III:,51630,33447,,
110.2217,-22.8517,6.61,-0.15,B2.5V,57573,35609,,
112.9283,-35.8878,6.61,-0.08,A0V,60168,36608,271.0,
120.0817,-45.4569,6.61,1.27,K1Ib-II,66190,39137,,
162.3221,-4.0242,6.61,0.22,A2IV,93742,52913,95.88,
182.7621,-45.4228,6.61,1.08,K0III,105852,59392,,
216.3742,-19.9697,6.61,0.14,A2V,126367,70518,142.65,
225.6871,-3.0314,6.61,0.2,A5m,133112,73608,93.63,
244.2450,-21.3039,6.61,0.02,B9V,146416,79785,125.16,
272.2254,-25.4725,6.61,0.02,B3III,165814,88905,,
282.7104,-22.1622,6.61,0.38,A7III,174309,92480,75.13,
292.3396,-7.0439,6.61,1.1,F7-G1I-II,183344,95820,,
293.4017,38.7622,6.61,0.03,A3Vn,184603,96195,128.87,
294.9821,-39.4333,6.61,0.23,A2m,185257,96739,84.46,
322.0579,-11.5683,6.61,0.49,F3V,204363,106007,35.2,
76.1538,32.3203,6.62,0.27,A4m,32428,23611,117.23,
80.0096,44.4256,6.62,,K0,34498,24881,,
93.1850,-2.5044,6.62,0.05,A2V,42824,29487,145.35,
101.5138,-39.5400,6.62,-0.13,B6Vnne,49319,32418,,
106.7504,-26.6578,6.62,-0.17,B2IV-V,54224,34331,,
126.9729,-26.1325,6.62,0.11,A2IV-V,71688,41504,101.11,
139.8904,-11.3142,6.62,0.08,A2V s,80447,45744,137.74,
179.3108,40.3436,6.62,0.46,F6V,103799,58287,46.25,
194.1254,-26.4603,6.62,0.68,F3Ia,112374,63159,,
199.7129,3.6878,6.62,0.06,A1IV,115709,64954,136.61,
282.3217,-34.7486,6.62,1.08,K1IVCNIII,173902,92350,87.64,
284.5854,-24.8767,6.62,0.08,A0,175852,93132,,
296.6646,25.1339,6.62,0.27,A7IV,186998,97319,61.09,
335.6829,-45.9478,6.62,2.01,S5 7e,212087,110478,152.91,
341.5333,-48.9789,6.62,0.63,F9V,215456,112414,38.64,
350.4925,26.6089,6.62,0.37,F5V,220242,115360,65.1,
34.9054,39.8350,6.63,-0.09,B8V,14272,10848,200.8,
88.5496,-64.4822,6.63,0.38,F0III,40455,27897,128.53,
89.9071,-1.4444,6.63,-0.07,B8IIIn,40574,28370,,
94.0883,1.0803,6.63,-0.05,B6V,43461,29791,,
105.4225,4.8181,6.63,0.06,A3V s,52479,33854,,
130.2567,-9.0519,6.63,-0.02,A1Vn,73997,42606,131.06,
168.1854,54.8942,6.63,,A4V,97302,54765,100.5,
201.8262,-74.6919,6.63,-0.06,B9V,116579,65628,151.98,
216.8637,41.0250,6.63,0.37,F1IV,126943,70685,76.51,
246.1650,-29.7033,6.63,0.59,G0IV,147722,80399,31.43,
271.9517,13.0711,6.63,0.07,A2Vn,165910,88814,199.6,
274.2700,1.0058,6.63,0.31,F2V,167858,89601,62.58,
274.5321,23.2967,6.63,,K5,168323,89683,,
277.3200,-38.8511,6.63,-0.02,B8,170040,90604,,
283.1738,-30.7342,6.63,-0.05,B8V,174632,92649,167.5,
284.0163,17.9950,6.63,-0.04,B9pSi,175744,92934,234.74,
305.1087,-6.3617,6.63,1.55,K5,193429,100283,184.84,
314.0538,51.0750,6.63,-0.1,B5V,199578,103343,294.12,
317.4942,45.5025,6.63,-0.16,B4IVpe,201733,104483,,
319.5671,-75.3467,6.63,0.03,A1V,201906,105169,116.14,
320.6954,38.6342,6.63,0.01,A1V,203696,105561,199.2,
2.6608,-73.2244,6.64,0.37,F2V+F6V,661,865,66.4,
25.4213,-50.0389,6.64,0.12,A3V,10553,7911,142.05,
93.9458,4.2836,6.64,-0.17,B3IV,43317,29739,,
93.7746,-71.7028,6.64,0.56,F8V,44447,29673,31.3,
133.8454,17.2314,6.64,3.36,C6II,76221,43811,,
224.2558,-51.4469,6.64,1.7,M2III,131705,73154,,
282.4333,31.6292,6.64,0.02,A0V s,174567,92396,294.99,
290.7842,14.9211,6.64,0.27,F1V,182239,95287,82.1,
295.1654,23.7175,6.64,0.01,B6IV,185915,96801,,
315.5525,-43.0019,6.64,0.68,G3IV+K0IV,200011,103814,81.43,
49.0471,-30.8275,6.65,-0.07,A0V,20423,15218,193.05,
84.6962,-2.5942,6.65,-0.19,B2Vp,37479,,,
101.1258,82.1153,6.65,0.17,A5V,45618,32296,69.06,
97.9133,11.7922,6.65,-0.12,B6III,46075,31107,,
100.2054,-47.6747,6.65,1.58,M2III,48403,31966,312.5,
107.2054,-24.0442,6.65,-0.19,B2V,54669,34489,,
109.3242,6.6806,6.65,-0.11,B8III,56446,35278,,
112.6767,-37.3397,6.65,0.63,G4V,59967,36515,21.77,
113.6200,-26.1167,6.65,-0.01,A0V,60629,36837,103.63,
122.2779,-30.3225,6.65,1.4,K5III,67921,39914,210.53,
141.9100,-35.0078,6.65,0.2,A3,81919,46396,114.68,
163.1283,52.5653,6.65,,gG8,94083,53155,228.83,
187.1858,25.8992,6.65,0.22,Am(A2/A9V/F0),108651,60891,78.99,
207.7688,34.7725,6.65,0.12,A5IV,120818,67596,88.97,
225.7775,44.6444,6.65,0.46,F6IV,133484,73637,57.31,
242.1433,-39.0931,6.65,-0.07,A0-3III,144667,79081,240.96,
255.1346,-45.4517,6.65,1.8,K4III,153258,83230,,
258.2267,0.3519,6.65,0.5,F6III,155646,84217,68.73,
259.8521,-44.2231,6.65,0.2,B9.5V+A6III,156398,84748,,
285.0792,40.6842,6.65,,M4IIIa,176844,93309,273.22,
339.7850,-52.6922,6.65,0.35,F1III,214441,111833,131.23,
353.1025,34.9525,6.65,-0.06,B8V,221491,116181,210.53,
76.0542,73.7639,6.66,,K0,31563,23582,,
75.1412,3.6161,6.66,-0.07,B9Vn,32040,23287,,
78.9458,-34.9267,6.66,0.15,A2III-IV,34435,24532,121.8,
91.7162,-11.1736,6.66,-0.15,B3V,41814,28973,,
96.3267,1.5011,6.66,-0.04,B9V,45050,30547,,
154.4608,71.0606,6.66,0.32,A7m,88849,50433,,
155.2583,2.2897,6.66,-0.08,B2.5IV,89688,50684,,
169.5875,11.9847,6.66,0.07,A2V,98280,55209,174.22,
201.7692,64.7356,6.66,0.37,F0,117200,65603,67.43,
243.6700,33.8583,6.66,,G1V,146362,,,
267.8021,-30.5572,6.66,0.04,A0Vn,162220,87381,,
279.5796,-1.1133,6.66,0.42,F1IV-V,172103,91384,102.99,
310.5925,35.4561,6.66,-0.16,B2IV-Ve,197419,102195,,
313.3600,42.4103,6.66,-0.04,A1V,199099,103108,138.31,
314.9617,16.8242,6.66,0.38,F4III,199941,103635,47.78,
330.1637,62.4881,6.66,0.06,B0IV,209339,108650,,
334.5850,76.4881,6.66,0.0,A1Vn,212150,110116,289.02,
346.8254,46.0681,6.66,-0.05,B2V,218407,114174,,
8.1438,27.5806,6.67,,A2IV,2924,2565,,
77.9225,0.5147,6.67,-0.07,B9Vn,33647,24196,,
93.9883,-29.7883,6.67,1.55,K4III,43636,29756,202.84,
95.8446,-4.6872,6.67,0.06,A2V,44756,30387,119.47,
127.2221,-20.9503,6.67,-0.06,B8III,71833,41603,,
133.8733,-7.9711,6.67,0.22,A2m,76370,,,
141.0938,36.5869,6.67,0.21,F0V,81039,46125,94.43,
161.9083,-15.2619,6.67,-0.01,A0III,93526,52795,,
168.9908,12.8447,6.67,0.27,A9Vp,97937,55033,70.72,
226.4487,-25.7897,6.67,-0.01,B8V,133529,73865,173.01,
293.6662,48.1647,6.67,0.24,A9V,184977,96286,91.41,
112.8575,-36.1528,6.68,-0.12,B4V,60098,36582,284.09,
169.4292,-36.5344,6.68,0.98,G8-K0III,98233,55168,120.48,
199.1063,-1.3906,6.68,0.31,F1IV,115308,64769,121.8,
203.2529,-7.1950,6.68,1.28,M7IIIe,117833,66100,,
228.1812,19.2858,6.68,0.68,G5V,135101,74432,28.46,
266.4937,39.3225,6.68,1.39,K3III+F7V,161832,86946,,
267.5137,48.3942,6.68,-0.11,BepShell,162732,87280,367.65,
277.9721,-19.1250,6.68,1.13,G1.5Ib,170764,90836,,
289.5033,31.0222,6.68,0.08,A3V,181119,94852,310.56,
294.0333,11.1500,6.68,,A3V,184884,96416,163.93,
317.6333,22.4547,6.68,0.03,A1V,201671,104539,,
345.9887,-4.7953,6.68,0.58,F8V,217877,113896,30.77,
9.9913,-33.9617,6.69,0.51,F8V,3735,3142,41.46,
13.2225,38.5486,6.69,0.02,A2V,5066,4129,232.02,
88.4892,-19.6383,6.69,0.1,A4V,39789,27876,257.73,
127.6233,-36.7211,6.69,1.95,M2Iab,72268,41726,,
213.3654,51.7878,6.69,0.39,F1V,124674,69481,,
255.8758,35.4142,6.69,,M4IIIab,154356,83462,212.77,
277.5213,4.0653,6.69,0.11,B2V,170580,90676,,
285.2633,-37.0608,6.69,,B9V,176269,93368,,
285.3442,20.8336,6.69,0.02,B2IV-V,176819,93404,,
350.9479,32.5314,6.69,0.45,F4V w,220460,115500,71.89,
1.2913,45.2292,6.70,0.07,A1Vn,3,424,150.15,
8.1117,43.4947,6.70,-0.01,A1Vn,2888,2553,201.61,
24.7083,-25.0219,6.70,-0.08,B9Vn,10161,7676,177.3,
34.3892,44.3069,6.70,,M7-8Se,14028,10687,,
70.8963,-8.7961,6.70,0.92,G8III,30021,,,
83.8221,-5.3878,6.70,0.09,B0.5Vp,37023,26224,,
88.1988,-38.5258,6.70,1.08,K1III,39752,27787,,
124.5525,-37.3742,6.70,0.23,A0IV+G:,70003,40673,,
127.3650,-27.3325,6.70,-0.13,B4V,71997,41640,,
144.6696,-39.6142,6.70,0.49,F5,83610,47328,40.55,
149.9296,3.3847,6.70,0.27,F0V,86611,48990,74.02,
150.9225,-25.3167,6.70,0.0,A0III-IV,87318,49294,195.31,
246.4488,18.8925,6.70,,M7IIIe,148206,80488,,
291.6025,-14.5511,6.70,0.05,A1V,182678,95574,127.88,
313.5929,40.7031,6.70,-0.07,B8Vnne,199218,103189,207.47,
323.1129,23.3944,6.70,-0.09,B9pSiSrCr,205087,106355,186.22,
25.5125,61.0383,6.71,-0.03,B8IIIpSi,10260,7939,,
63.1317,-44.3683,6.71,1.48,K3-4III,26820,19642,338.98,
88.3296,20.2992,6.71,-0.07,B9V,39417,27829,,
96.2192,29.7072,6.71,-0.06,B8IIIn,44766,30518,,
96.7446,0.8408,6.71,0.04,A1Vn,45357,30692,182.82,
164.8037,-81.5561,6.71,0.55,F7IV,95788,53700,93.28,
251.7138,-25.5286,6.71,1.18,gG6,151179,82140,,
303.5900,42.1036,6.71,-0.04,B9IV-V,192659,99749,,
341.9463,-38.2219,6.71,0.48,F4IV,215724,112554,67.8,
16.1517,39.9911,6.72,0.31,F0Vn,6314,5045,84.39,
72.1408,-43.9800,6.72,0.95,G8III,30788,22329,219.3,
73.8758,-25.7278,6.72,0.27,F0-2III,31517,22897,87.8,
95.9438,4.5956,6.72,0.45,F5V,44770,30422,,
114.7796,-18.6792,6.72,-0.1,B6Vn,61554,37261,,
117.4783,-60.0511,6.72,1.24,K0II,64320,38226,,
119.1117,56.5044,6.72,,A2IV,64347,38800,213.68,
285.3954,25.0258,6.72,,K2,176939,93419,,
301.0050,-7.4697,6.72,0.35,F4III,190172,98809,64.98,
351.1458,41.1128,6.72,0.06,B8III,220575,115567,,
3.2100,37.6933,6.73,-0.13,B2V,829,1030,,
19.3504,31.7447,6.73,,K0,7724,6025,84.89,
83.8162,-5.3872,6.73,0.02,B0.5V,37020,26220,,
126.7117,-29.2153,6.73,-0.05,B9.5V,71523,41413,,
136.8113,-51.2119,6.73,1.62,K4III,78599,44753,,
273.6004,-70.7514,6.73,-0.03,B7-8II-III,165861,89382,,
286.0446,3.3306,6.73,0.13,A5m,177332,93647,144.09,
288.1433,16.8464,6.73,-0.01,B9IV,179588,94377,,
342.4204,-77.0506,6.73,0.11,A4V,215631,112725,101.94,
2.6237,57.1656,6.74,-0.08,B7IV,584,857,153.37,
45.2225,52.3522,6.74,0.0,B9V,18538,14047,,
135.7867,-25.5044,6.74,-0.03,B8,77665,44431,,
234.0171,52.0697,6.74,0.32,F4IIIp,139478,76384,59.63,
270.7571,-22.7183,6.74,-0.05,B0.5III,164637,88396,,
276.2867,5.0847,6.74,0.02,B9V,169578,90271,,
287.2683,34.6006,6.74,0.63,G1V,178911,94076,48.97,
307.4688,-18.5867,6.74,0.22,A7V,195093,101120,,
345.8487,60.4453,6.74,-0.02,B2V,217943,113853,,
53.6029,-65.7644,6.75,0.17,A3V,22634,16661,109.53,
82.2779,-30.1167,6.75,1.06,G8/K0III,36255,25685,160.26,
83.7600,-58.8711,6.75,1.45,K4III,37462,26200,,
94.3967,-10.7253,6.75,0.35,F0Del Del,43760,29885,,
192.5500,-60.4008,6.75,0.35,A3II,111463,62646,,
282.3979,-19.1422,6.75,0.2,A1m,174115,92384,128.37,
284.8229,10.1408,6.75,0.25,B2Vp,176304,93218,,
288.0192,49.8542,6.75,0.65,G4V,179957,94336,24.9,
65.7121,-82.8992,6.76,0.2,A7IV-V,29598,20446,99.5,
111.5146,-4.5375,6.76,-0.01,A0IV,58580,36080,161.03,
113.4938,-39.9058,6.76,1.13,K2III,60686,36787,172.12,
115.1808,-27.9458,6.76,-0.16,B3-5IV-V:,61987,37399,,
143.2800,49.4386,6.76,,A4V,82380,46873,91.07,
143.8433,39.9633,6.76,0.35,F2V,82780,47053,,
179.5858,61.4647,6.76,,K0III,103953,58389,149.25,
270.6929,-5.3586,6.76,0.16,B9V,164716,88374,177.94,
335.9221,78.2433,6.76,-0.06,B9,212937,110550,,
4.2042,-78.7806,6.77,0.46,F3III,1324,1342,110.38,
37.4808,-22.6828,6.77,0.19,A9V,15588,11622,85.76,
38.3900,-62.5869,6.77,-0.06,B9V,16226,11900,320.51,
166.6612,-28.7278,6.77,0.04,A1V,96441,54311,197.63,
265.1508,57.3103,6.77,0.92,K0,161162,86499,279.33,
318.5696,-10.6053,6.77,-0.08,B9pHgMn,202149,104839,184.84,
29.4850,41.6944,6.78,-0.06,B8III,11905,9158,,
119.1013,-40.7364,6.78,-0.18,B2V,65315,38795,,
67.4288,10.5217,6.79,0.09,B5V,28475,20963,,
105.9950,-43.6117,6.79,0.8,K0V,53706,34069,15.09,
179.5846,-40.9472,6.79,0.97,K1III,103974,58388,86.36,
46.3613,25.2553,6.80,-0.02,B7V,19134,14376,123.3,
202.0487,50.5872,6.80,,F1IV,117281,65698,119.33,
259.5021,-24.2842,6.80,0.51,F6IV-V,156350,84625,,
282.5833,-7.9075,6.80,3.09,C5II,174325,92442,,
348.3125,-49.6189,6.80,0.92,G8-K0III,219023,114626,199.2,
70.8942,-8.7936,6.82,0.39,F4IIIpSr,30020,21986,124.38,
80.9125,-37.3367,6.82,1.04,K1III,35528,25221,168.07,
92.9021,48.7131,6.82,,A8V,42126,29388,95.33,
140.1842,-31.7606,6.82,0.0,B9.5V,80773,45837,,
146.0658,-39.5711,6.82,0.3,F2-3V,84447,47762,58.79,
296.2029,29.2647,6.82,0.64,F2I,186688,97150,,
57.9025,22.0317,6.83,,K0III,24154,18059,115.74,
127.9775,9.8144,6.83,-0.07,B9p:Hg:,72208,41843,,
358.8192,-31.8842,6.83,-0.08,B8V,224112,117932,,
15.0142,44.7111,6.84,,A2Vn,5788,4675,128.87,
24.7008,-53.4389,6.84,0.44,F5IV-V,10241,7673,116.28,
111.1971,-37.2908,6.84,0.27,F0V:,58635,,,
203.8088,44.1969,6.84,0.2,A7-F0III,118295,66294,119.05,
274.6804,-18.6194,6.84,0.31,B0Ib,168021,,,
9.6700,-73.1372,6.85,0.11,A1m,3719,3042,131.93,
41.3187,-46.2872,6.85,1.36,K2III,17325,12855,,
83.0021,-0.2844,6.85,-0.16,B2V,36485,,,
57.6567,-36.4253,6.86,-0.04,B9.5V,24305,17982,141.84,
71.4567,-34.0050,6.86,0.0,A0V,30397,22136,214.13,
214.7321,38.7675,6.86,1.06,G9IV,125538,69955,170.65,
215.8442,8.4450,6.86,0.43,F0V+F2V,126128,70327,65.92,
167.7279,-58.4553,6.88,-0.08,B7III,97271,54630,,
108.6108,24.7108,6.89,-0.03,A1pSrCr,55579,34995,,
115.7792,-38.8642,6.89,1.02,G6/8III,62595,37616,,
116.3696,-14.6861,6.89,,A8V,62863,37842,,
328.0758,21.2731,6.89,,M4III,207932,107956,,
356.8471,-68.3942,6.89,0.46,F2V,223148,117324,113.12,
12.9671,-43.7092,6.90,0.35,F2V+F5V,5042,4049,85.76,
41.9833,-12.4606,6.90,1.56,M4III,17491,13064,,
286.1008,-5.6850,6.90,4.19,C5II,177336,93666,,
103.5542,-23.9283,6.91,-0.28,WN5-B,50896,33165,,
133.8729,-7.9703,6.91,,A7m,76369,43822,97.66,
93.9125,36.1486,6.92,0.45,F4IV,43017,29725,48.31,
303.0158,47.7369,6.92,-0.12,B7V,192276,99539,255.1,
63.8575,6.1997,6.93,0.7,G5IV,26913,19855,20.89,
218.1371,-56.8878,6.93,0.91,F5Ia,127297,71116,,
250.1463,4.2072,6.93,0.13,A3IV,150379,81634,93.2,
86.4142,20.6950,6.95,3.03,C5II,38307,27181,,
91.4404,-24.1956,6.95,1.63,M6III,41698,28874,,
111.1967,-37.2900,6.97,0.22,F0V:,58634,35960,212.77,
78.4437,-35.8256,6.98,1.47,K4III,34167,24373,253.81,
329.5529,82.8697,6.98,0.52,F6IV-V,209942,108456,39.4,
61.9629,62.3300,6.99,0.42,B0III,25638,19272,,
184.5379,-3.9544,6.99,0.36,F3V,106975,59983,,
12.4700,27.7108,7.00,0.36,F4III,4757,3885,106.38,
46.3613,25.2553,7.00,,B7V,19135,,,
142.6892,-31.8914,7.00,0.09,A2V,82383,46657,114.16,
233.2879,-24.4894,7.00,0.27,A3+F0V:,138488,76143,101.63,
60.9033,-20.1583,7.01,1.22,K2II,25661,18942,142.45,
126.6658,24.5342,7.02,0.32,F0III,71152,41389,75.99,
75.1358,3.6153,7.03,,B9Vn,32039,23279,,
178.7967,46.4697,7.03,0.01,A1pCrEuSr:,103498,58117,,
231.2775,-38.1694,7.03,0.09,A2V,137015,75476,146.63,
94.6950,-50.3592,7.04,0.83,G2Ib,44362,29990,,
102.5250,-27.3339,7.04,-0.18,B2IV,50012,32782,,
201.7946,64.7194,7.04,0.39,F0,117201,65613,65.36,
269.7729,-30.2533,7.04,1.06,G8II,163756,,,
271.4304,12.0039,7.04,0.3,A3IV,165475,,,
242.1425,-39.1053,7.05,0.36,A7IVe,144668,79080,207.9,
319.5654,-17.4622,7.05,0.34,F2V,202723,105168,103.63,
157.9625,-81.9211,7.07,-0.08,B5III-IV,92029,51557,354.61,
189.6250,6.9883,7.08,1.44,M4.5IIIe,109914,61667,,
39.2404,24.6483,7.09,0.5,F4V,16232,12184,39.43,
12.4717,27.7103,7.10,,F5III,4758,,,
330.8217,-29.9042,7.10,0.32,F0IIIn,209335,108871,67.66,
0.5304,-14.6761,7.10,1.8,S7.3e,224960,,,
307.8042,11.2606,7.11,0.03,B8V,195483,101235,,
217.1387,28.2908,7.12,-0.03,A1V,127067,70786,,
112.2146,-31.8469,7.13,-0.15,B4V,59500,,,
124.1413,11.7264,7.13,1.56,M7IIIe,69243,40534,,
185.1721,27.0547,7.13,0.36,F3V+F3V,107398,60197,92.34,
294.1571,20.3328,7.14,1.32,F2-F8Iab,185059,96458,,
113.8404,-74.2756,7.16,-0.02,B9IV,62153,36914,,
282.9913,-83.3164,7.16,1.26,K1IIICNII:,171161,92586,,
76.5917,54.4058,7.24,,G5,32445,23753,196.08,
16.4642,4.9094,7.25,0.49,F6V,6480,5144,44.07,
126.5758,-39.0603,7.25,0.08,A2V:,71488,,,
128.9638,6.6225,7.25,0.71,G5V,72946,42173,23.41,
113.8408,-74.2756,7.26,,B9IV,62154,,,
283.5596,41.2256,7.30,,F5,175576,92771,108.11,
316.0192,-5.8233,7.31,,A3V,200496,103981,165.84,
1.1279,-72.8978,7.31,0.44,F2V,225233,357,91.58,
317.3833,68.4903,7.33,1.49,M7IIIe,202012,104451,210.08,
6.0083,38.5772,7.39,1.97,S6.5IIIeZr6Ti2,1967,1901,,
227.8829,-45.2794,7.39,1.08,K0III,134443,74329,98.14,
207.2383,39.5428,7.40,,M6IIIe,120499,67410,,
353.8029,-64.6894,7.40,,F2IV-V,221740,116399,86.43,
259.2025,49.6911,7.48,,K2,156753,84530,288.18,
217.1312,28.2892,7.62,-0.01,A1V,127043,70781,,
106.8392,22.7036,7.68,2.21,S3.9e,53791,34356,,
74.9021,-14.8058,7.71,5.74,C6IIe,31996,23203,,
126.6671,24.5353,7.81,0.52,F7V,71153,,,
19.0504,71.7439,7.83,0.78,K1V,7389,5926,,
83.8171,-5.3853,7.96,0.24,B0V,37021,,,
